{
	"id": "1EDAXGsPF4xCGwP",
	"json": "{\"id\":\"1EDAXGsPF4xCGwP\",\"url\":\"https://b2b.daisan.vn/gach-inax-hal-20b-hb-04-357915.html\",\"loadedUrl\":\"https://b2b.daisan.vn/gach-inax-hal-20b-hb-04-357915.html\",\"uniqueKey\":\"https://b2b.daisan.vn/gach-inax-hal-20b-hb-04-357915.html\",\"method\":\"GET\",\"noRetry\":false,\"retryCount\":0,\"errorMessages\":[],\"headers\":{},\"userData\":{\"paginationPattern\":\"?page=\",\"maxPages\":10,\"productLinkSelector\":\".list-item-img a\",\"productLinkPattern\":\"/gach-\",\"titleClass\":\".product-detail_title h1\",\"descriptionClass\":\".product-shipping\",\"priceClass\":\".price\",\"contentClass\":\".product-description\",\"thumbnailClass\":\".image-slider-item img\",\"imagesClass\":\".swiper-slide img\",\"imageFilters\":{\"includePatterns\":[],\"excludePatterns\":[\"thumb\",\"small\",\"icon\",\"logo\"],\"skuInImage\":false},\"autoGenerateSku\":true,\"websiteName\":\"DAISAN\",\"isPrice\":true,\"supplier\":\"DAISAN\",\"url_supplier\":\"https://b2b.daisan.vn\",\"label\":\"unknown-detail\",\"__crawlee\":{\"enqueueStrategy\":\"same-domain\",\"state\":4}},\"handledAt\":\"2025-07-28T03:36:40.506Z\"}",
	"method": "GET",
	"orderNo": null,
	"retryCount": 0,
	"uniqueKey": "https://b2b.daisan.vn/gach-inax-hal-20b-hb-04-357915.html",
	"url": "https://b2b.daisan.vn/gach-inax-hal-20b-hb-04-357915.html"
}