{
	"id": "hjPvTnfsHuS3Z5e",
	"json": "{\"id\":\"hjPvTnfsHuS3Z5e\",\"url\":\"https://b2b.daisan.vn/products/gach-op-tuong?page=9\",\"loadedUrl\":\"https://b2b.daisan.vn/products/gach-op-tuong?page=9\",\"uniqueKey\":\"https://b2b.daisan.vn/products/gach-op-tuong?page=9\",\"method\":\"GET\",\"noRetry\":false,\"retryCount\":0,\"errorMessages\":[],\"headers\":{},\"userData\":{\"paginationPattern\":\"?page=\",\"maxPages\":10,\"productLinkSelector\":\".list-item-img a\",\"productLinkPattern\":\"/gach-\",\"titleClass\":\".product-detail_title h1\",\"descriptionClass\":\".product-shipping\",\"priceClass\":\".price\",\"contentClass\":\".product-description\",\"thumbnailClass\":\".image-slider-item img\",\"imagesClass\":\".swiper-slide img\",\"imageFilters\":{\"includePatterns\":[],\"excludePatterns\":[\"thumb\",\"small\",\"icon\",\"logo\"],\"skuInImage\":false},\"autoGenerateSku\":true,\"websiteName\":\"DAISAN\",\"isPrice\":true,\"supplier\":\"DAISAN\",\"url_supplier\":\"https://b2b.daisan.vn\",\"label\":\"unknown-category\",\"__crawlee\":{\"enqueueStrategy\":\"same-domain\",\"state\":4}},\"handledAt\":\"2025-07-28T03:36:34.912Z\"}",
	"method": "GET",
	"orderNo": null,
	"retryCount": 0,
	"uniqueKey": "https://b2b.daisan.vn/products/gach-op-tuong?page=9",
	"url": "https://b2b.daisan.vn/products/gach-op-tuong?page=9"
}