{
	"id": "LcjD6Me4Xtd8Oxr",
	"json": "{\"id\":\"LcjD6Me4Xtd8Oxr\",\"url\":\"https://b2b.daisan.vn/gach-op-bep-gach-op-phong-tam-300x600mm-men-trang-bong-419846.html\",\"loadedUrl\":\"https://b2b.daisan.vn/gach-op-bep-gach-op-phong-tam-300x600mm-men-trang-bong-419846.html\",\"uniqueKey\":\"https://b2b.daisan.vn/gach-op-bep-gach-op-phong-tam-300x600mm-men-trang-bong-419846.html\",\"method\":\"GET\",\"noRetry\":false,\"retryCount\":0,\"errorMessages\":[],\"headers\":{},\"userData\":{\"paginationPattern\":\"?page=\",\"maxPages\":10,\"productLinkSelector\":\".list-item-img a\",\"productLinkPattern\":\"/gach-\",\"titleClass\":\".product-detail_title h1\",\"descriptionClass\":\".product-shipping\",\"priceClass\":\".price\",\"contentClass\":\".product-description\",\"thumbnailClass\":\".image-slider-item img\",\"imagesClass\":\".swiper-slide img\",\"imageFilters\":{\"includePatterns\":[],\"excludePatterns\":[\"thumb\",\"small\",\"icon\",\"logo\"],\"skuInImage\":false},\"autoGenerateSku\":true,\"websiteName\":\"DAISAN\",\"isPrice\":true,\"supplier\":\"DAISAN\",\"url_supplier\":\"https://b2b.daisan.vn\",\"label\":\"unknown-detail\",\"__crawlee\":{\"enqueueStrategy\":\"same-domain\",\"state\":4}},\"handledAt\":\"2025-07-28T03:36:43.045Z\"}",
	"method": "GET",
	"orderNo": null,
	"retryCount": 0,
	"uniqueKey": "https://b2b.daisan.vn/gach-op-bep-gach-op-phong-tam-300x600mm-men-trang-bong-419846.html",
	"url": "https://b2b.daisan.vn/gach-op-bep-gach-op-phong-tam-300x600mm-men-trang-bong-419846.html"
}