{
	"id": "olg3ciNPMZMoCV9",
	"json": "{\"id\":\"olg3ciNPMZMoCV9\",\"url\":\"https://b2b.daisan.vn/products/gach-op-tuong\",\"loadedUrl\":\"https://b2b.daisan.vn/products/gach-op-tuong\",\"uniqueKey\":\"https://b2b.daisan.vn/products/gach-op-tuong\",\"method\":\"GET\",\"noRetry\":false,\"retryCount\":0,\"errorMessages\":[],\"headers\":{},\"userData\":{\"paginationPattern\":\"?page=\",\"maxPages\":10,\"productLinkSelector\":\".list-item-img a\",\"productLinkPattern\":\"/gach-\",\"titleClass\":\".product-detail_title h1\",\"descriptionClass\":\".product-shipping\",\"priceClass\":\".price\",\"contentClass\":\".product-description\",\"thumbnailClass\":\".image-slider-item img\",\"imagesClass\":\".swiper-slide img\",\"imageFilters\":{\"includePatterns\":[],\"excludePatterns\":[\"thumb\",\"small\",\"icon\",\"logo\"],\"skuInImage\":false},\"autoGenerateSku\":true,\"websiteName\":\"DAISAN\",\"isPrice\":true,\"supplier\":\"DAISAN\",\"url_supplier\":\"https://b2b.daisan.vn\",\"__crawlee\":{\"state\":4}},\"handledAt\":\"2025-07-28T03:36:33.954Z\"}",
	"method": "GET",
	"orderNo": null,
	"retryCount": 0,
	"uniqueKey": "https://b2b.daisan.vn/products/gach-op-tuong",
	"url": "https://b2b.daisan.vn/products/gach-op-tuong"
}