{
	"id": "sjymVobakYPAI9T",
	"json": "{\"id\":\"sjymVobakYPAI9T\",\"url\":\"https://b2b.daisan.vn/gach-op-tuong-phong-tam-200*300mm-in-3d-gia-re-ma-p95-658439.html\",\"loadedUrl\":\"https://b2b.daisan.vn/gach-op-tuong-phong-tam-200*300mm-in-3d-gia-re-ma-p95-658439.html\",\"uniqueKey\":\"https://b2b.daisan.vn/gach-op-tuong-phong-tam-200*300mm-in-3d-gia-re-ma-p95-658439.html\",\"method\":\"GET\",\"noRetry\":false,\"retryCount\":0,\"errorMessages\":[],\"headers\":{},\"userData\":{\"paginationPattern\":\"?page=\",\"maxPages\":10,\"productLinkSelector\":\".list-item-img a\",\"productLinkPattern\":\"/gach-\",\"titleClass\":\".product-detail_title h1\",\"descriptionClass\":\".product-shipping\",\"priceClass\":\".price\",\"contentClass\":\".product-description\",\"thumbnailClass\":\".image-slider-item img\",\"imagesClass\":\".swiper-slide img\",\"imageFilters\":{\"includePatterns\":[],\"excludePatterns\":[\"thumb\",\"small\",\"icon\",\"logo\"],\"skuInImage\":false},\"autoGenerateSku\":true,\"websiteName\":\"DAISAN\",\"isPrice\":true,\"supplier\":\"DAISAN\",\"url_supplier\":\"https://b2b.daisan.vn\",\"label\":\"unknown-detail\",\"__crawlee\":{\"enqueueStrategy\":\"same-domain\",\"state\":4}},\"handledAt\":\"2025-07-28T03:36:45.736Z\"}",
	"method": "GET",
	"orderNo": null,
	"retryCount": 0,
	"uniqueKey": "https://b2b.daisan.vn/gach-op-tuong-phong-tam-200*300mm-in-3d-gia-re-ma-p95-658439.html",
	"url": "https://b2b.daisan.vn/gach-op-tuong-phong-tam-200*300mm-in-3d-gia-re-ma-p95-658439.html"
}