[
  {
    "position": 1,
    "link": {
      "title": "Gạch ốp Lát Giá Rẻ Chính Hãng Tốt Nhất. Giao Hàng Toàn ...Gạch Hoàng Maihttps://gachtot.vn › gach",
      "url": "https://gachtot.vn/gach/?srsltid=AfmBOoodKLIzX8L0z8jTU3gtARtW8mFJGp2LoRUlGoXON8YSPdskCPrY",
      "originalHref": "https://gachtot.vn/gach/?srsltid=AfmBOoodKLIzX8L0z8jTU3gtARtW8mFJGp2LoRUlGoXON8YSPdskCPrY",
      "classes": "zReHs",
      "jsname": "UWckNb",
      "dataVed": "2ahUKEwiryLanq5OPAxUiwjgGHXpvIZgQFnoECBAQAQ",
      "ping": "/url?sa=t&source=web&rct=j&opi=89978449&url=https://gachtot.vn/gach/%3Fsrsltid%3DAfmBOoodKLIzX8L0z8jTU3gtARtW8mFJGp2LoRUlGoXON8YSPdskCPrY&ved=2ahUKEwiryLanq5OPAxUiwjgGHXpvIZgQFnoECBAQAQ"
    },
    "snippet": "Gạch ốp lát Hoàng Mai - 66 Lạc Trung, Hà Nội, là một trong những đơn vị đi đầu cung cấp Gạch lát nền, ốp tường và Ngói lợp tại Việt Nam từ 2010.",
    "sourceUrl": "https://www.google.com/search?q=gach&hl=vi&gl=vn&num=100",
    "scrapedAt": "2025-08-18T02:43:43.657Z",
    "linkIndex": 1
  },
  {
    "position": 2,
    "link": {
      "title": "BỘ SƯU TẬP GẠCH ỐP LÁTVietceramicshttps://www.vietceramics.com › gach-op-lat",
      "url": "https://www.vietceramics.com/gach-op-lat/?srsltid=AfmBOoo0sfy6KRwDGm88vMpwDvFGyh1Jq7v1ylOECnfvWFPgtUxN0R0J",
      "originalHref": "https://www.vietceramics.com/gach-op-lat/?srsltid=AfmBOoo0sfy6KRwDGm88vMpwDvFGyh1Jq7v1ylOECnfvWFPgtUxN0R0J",
      "classes": "zReHs",
      "jsname": "UWckNb",
      "dataVed": "2ahUKEwiryLanq5OPAxUiwjgGHXpvIZgQFnoECA0QAQ",
      "ping": "/url?sa=t&source=web&rct=j&opi=89978449&url=https://www.vietceramics.com/gach-op-lat/%3Fsrsltid%3DAfmBOoo0sfy6KRwDGm88vMpwDvFGyh1Jq7v1ylOECnfvWFPgtUxN0R0J&ved=2ahUKEwiryLanq5OPAxUiwjgGHXpvIZgQFnoECA0QAQ"
    },
    "snippet": "Các bộ sưu tập gạch ốp lát cao cấp của Vietceramics được nhập khẩu theo xu hướng mới nhất từ những thương hiệu sản xuất nổi tiếng trên thế giới.",
    "sourceUrl": "https://www.google.com/search?q=gach&hl=vi&gl=vn&num=100",
    "scrapedAt": "2025-08-18T02:43:43.659Z",
    "linkIndex": 2
  },
  {
    "position": 3,
    "link": {
      "title": "Gạch Thạch Bàngachthachban.vnhttps://gachthachban.vn",
      "url": "https://gachthachban.vn/",
      "originalHref": "https://gachthachban.vn/",
      "classes": "zReHs",
      "jsname": "UWckNb",
      "dataVed": "2ahUKEwiryLanq5OPAxUiwjgGHXpvIZgQFnoFCOICEAE",
      "ping": "/url?sa=t&source=web&rct=j&opi=89978449&url=https://gachthachban.vn/&ved=2ahUKEwiryLanq5OPAxUiwjgGHXpvIZgQFnoFCOICEAE"
    },
    "snippet": "Xương gạch: Granite. Công năng: Gạch lát sàn, Gạch ốp tường. Gạch lát nền men khô Thạch Bàn TGM60 - 0021 cao cấp. Gạch lát nền men khô Thạch Bàn TGM60 - 0021.",
    "sourceUrl": "https://www.google.com/search?q=gach&hl=vi&gl=vn&num=100",
    "scrapedAt": "2025-08-18T02:43:43.660Z",
    "linkIndex": 3
  },
  {
    "position": 4,
    "link": {
      "title": "Gạch ốp lát cao cấp - báo giá rẻ nhất 2025Hải Linhhttps://hailinh.com.vn › gach-op-lat",
      "url": "https://hailinh.com.vn/gach-op-lat/",
      "originalHref": "https://hailinh.com.vn/gach-op-lat/",
      "classes": "zReHs",
      "jsname": "UWckNb",
      "dataVed": "2ahUKEwiryLanq5OPAxUiwjgGHXpvIZgQFnoECDMQAQ",
      "ping": "/url?sa=t&source=web&rct=j&opi=89978449&url=https://hailinh.com.vn/gach-op-lat/&ved=2ahUKEwiryLanq5OPAxUiwjgGHXpvIZgQFnoECDMQAQ"
    },
    "snippet": "Hải Linh phân phối chính hãng các dòng gạch ốp lát cao cấp trong và ngoài nước Viglacera, Taicera, Đồng Tâm, Eurotile, Tây Ban Nha, Italia, Ấn Độ, Trung Quốc.",
    "sourceUrl": "https://www.google.com/search?q=gach&hl=vi&gl=vn&num=100",
    "scrapedAt": "2025-08-18T02:43:43.662Z",
    "linkIndex": 4
  },
  {
    "position": 5,
    "link": {
      "title": "100+ Mẫu Gạch Trang Trí Đẹp | Độc ĐáoGạch Luxcasahttps://gachluxcasa.vn › danh-muc › gach-trang-tri",
      "url": "https://gachluxcasa.vn/danh-muc/gach-trang-tri/?srsltid=AfmBOoo7J5ijEma17wL0Jh010QflCOgfjyD5injhX-7C2AxICMCjk49Y",
      "originalHref": "https://gachluxcasa.vn/danh-muc/gach-trang-tri/?srsltid=AfmBOoo7J5ijEma17wL0Jh010QflCOgfjyD5injhX-7C2AxICMCjk49Y",
      "classes": "zReHs",
      "jsname": "UWckNb",
      "dataVed": "2ahUKEwiryLanq5OPAxUiwjgGHXpvIZgQFnoECHMQAQ",
      "ping": "/url?sa=t&source=web&rct=j&opi=89978449&url=https://gachluxcasa.vn/danh-muc/gach-trang-tri/%3Fsrsltid%3DAfmBOoo7J5ijEma17wL0Jh010QflCOgfjyD5injhX-7C2AxICMCjk49Y&ved=2ahUKEwiryLanq5OPAxUiwjgGHXpvIZgQFnoECHMQAQ"
    },
    "snippet": "Khám phá bộ sưu tập gạch trang trí phong phú với hơn 100 mẫu thiết kế đẹp mắt và độc đáo. Từ gạch men bóng sang trọng đến gạch bông họa tiết tinh xảo, ...",
    "sourceUrl": "https://www.google.com/search?q=gach&hl=vi&gl=vn&num=100",
    "scrapedAt": "2025-08-18T02:43:43.663Z",
    "linkIndex": 5
  },
  {
    "position": 6,
    "link": {
      "title": "Gạch lát nềnMIKADO GROUPhttp://mikado.com.vn › gach-lat-nen",
      "url": "http://mikado.com.vn/gach-lat-nen",
      "originalHref": "http://mikado.com.vn/gach-lat-nen",
      "classes": "zReHs",
      "jsname": "UWckNb",
      "dataVed": "2ahUKEwiryLanq5OPAxUiwjgGHXpvIZgQFnoFCLUBEAE",
      "ping": "/url?sa=t&source=web&rct=j&opi=89978449&url=http://mikado.com.vn/gach-lat-nen&ved=2ahUKEwiryLanq5OPAxUiwjgGHXpvIZgQFnoFCLUBEAE"
    },
    "snippet": "Sản phẩm · Gạch ốp tường · Gạch lát nền · Gạch bông · Gạch sân vườn · Ngói sóng tráng men · Gạch trang trí, gạch Mosiac · Keo dán gạch · Keo chít mạch; Gạch ...",
    "sourceUrl": "https://www.google.com/search?q=gach&hl=vi&gl=vn&num=100",
    "scrapedAt": "2025-08-18T02:43:43.664Z",
    "linkIndex": 6
  },
  {
    "position": 7,
    "link": {
      "title": "Gạch Luxcasa | Cty chuyên gạch lát nền, ốp uy tín tại HCMGạch Luxcasahttps://gachluxcasa.vn",
      "url": "https://gachluxcasa.vn/?srsltid=AfmBOooDm0V8jqRIavKXxeLmQtgGj5csoAr8MjgNEVykuQxpsU66nMc_",
      "originalHref": "https://gachluxcasa.vn/?srsltid=AfmBOooDm0V8jqRIavKXxeLmQtgGj5csoAr8MjgNEVykuQxpsU66nMc_",
      "classes": "zReHs",
      "jsname": "UWckNb",
      "dataVed": "2ahUKEwiryLanq5OPAxUiwjgGHXpvIZgQFnoFCOMBEAE",
      "ping": "/url?sa=t&source=web&rct=j&opi=89978449&url=https://gachluxcasa.vn/%3Fsrsltid%3DAfmBOooDm0V8jqRIavKXxeLmQtgGj5csoAr8MjgNEVykuQxpsU66nMc_&ved=2ahUKEwiryLanq5OPAxUiwjgGHXpvIZgQFnoFCOMBEAE"
    },
    "snippet": "Gạch Luxcasa là công ty gạch uy tín và chuyên nghiệp trong lĩnh vực cung cấp gạch ốp lát, lát nền và vật liệu xây dựng tại HCM. ☎ 0777.08.18.38.",
    "sourceUrl": "https://www.google.com/search?q=gach&hl=vi&gl=vn&num=100",
    "scrapedAt": "2025-08-18T02:43:43.665Z",
    "linkIndex": 7
  },
  {
    "position": 8,
    "link": {
      "title": "Gạch Maika: Trang chủGạch Maikahttps://gachmaika.com",
      "url": "https://gachmaika.com/",
      "originalHref": "https://gachmaika.com/",
      "classes": "zReHs",
      "jsname": "UWckNb",
      "dataVed": "2ahUKEwiryLanq5OPAxUiwjgGHXpvIZgQFnoFCMcCEAE",
      "ping": "/url?sa=t&source=web&rct=j&opi=89978449&url=https://gachmaika.com/&ved=2ahUKEwiryLanq5OPAxUiwjgGHXpvIZgQFnoFCMcCEAE"
    },
    "snippet": "SĂN GẠCH CAO CẤP GIẢM GIÁ ĐẾN 50% · - 50%. GẠCH MARBLE LOOK INSPIRAZIONE GREY. 1.700.000 VNĐ/M2. 850.000 VNĐ/M2. - 50%.",
    "sourceUrl": "https://www.google.com/search?q=gach&hl=vi&gl=vn&num=100",
    "scrapedAt": "2025-08-18T02:43:43.666Z",
    "linkIndex": 8
  },
  {
    "position": 9,
    "link": {
      "title": "Gạch lát nềnHoa Sen Homehttps://hoasenhome.vn › gach-op-lat › gach-lat-nen",
      "url": "https://hoasenhome.vn/gach-op-lat/gach-lat-nen?srsltid=AfmBOoq6zac3uc_0cMb0nFb7HPOlZ9iQYarGyvaP3Vq53CHe6MgasjJ1",
      "originalHref": "https://hoasenhome.vn/gach-op-lat/gach-lat-nen?srsltid=AfmBOoq6zac3uc_0cMb0nFb7HPOlZ9iQYarGyvaP3Vq53CHe6MgasjJ1",
      "classes": "zReHs",
      "jsname": "UWckNb",
      "dataVed": "2ahUKEwiryLanq5OPAxUiwjgGHXpvIZgQFnoFCM8CEAE",
      "ping": "/url?sa=t&source=web&rct=j&opi=89978449&url=https://hoasenhome.vn/gach-op-lat/gach-lat-nen%3Fsrsltid%3DAfmBOoq6zac3uc_0cMb0nFb7HPOlZ9iQYarGyvaP3Vq53CHe6MgasjJ1&ved=2ahUKEwiryLanq5OPAxUiwjgGHXpvIZgQFnoFCM8CEAE"
    },
    "snippet": "Gạch lát nền Có 220 sản phẩm Lọc · Gạch granite LUSTILE VNAMY0800800005: 800mmx800mm · Gạch granite LUSTILE VNAMY0600600003: 600mmx600mm · Gạch granite LUSTILE ...",
    "sourceUrl": "https://www.google.com/search?q=gach&hl=vi&gl=vn&num=100",
    "scrapedAt": "2025-08-18T02:43:43.667Z",
    "linkIndex": 9
  },
  {
    "position": 10,
    "link": {
      "title": "Gạch ốp lát cao cấp - Gạch nhập khẩuRita Võhttps://muanhanhvatlieuxaydung.ritavo.com › collections",
      "url": "https://muanhanhvatlieuxaydung.ritavo.com/collections/gach-op-lat-van-san?srsltid=AfmBOopJOF8r6m-TbqnnfeMU4rLV6ISVgVCUQ4RUab8cnWZ08nlm-Mv-",
      "originalHref": "https://muanhanhvatlieuxaydung.ritavo.com/collections/gach-op-lat-van-san?srsltid=AfmBOopJOF8r6m-TbqnnfeMU4rLV6ISVgVCUQ4RUab8cnWZ08nlm-Mv-",
      "classes": "zReHs",
      "jsname": "UWckNb",
      "dataVed": "2ahUKEwiryLanq5OPAxUiwjgGHXpvIZgQFnoFCNACEAE",
      "ping": "/url?sa=t&source=web&rct=j&opi=89978449&url=https://muanhanhvatlieuxaydung.ritavo.com/collections/gach-op-lat-van-san%3Fsrsltid%3DAfmBOopJOF8r6m-TbqnnfeMU4rLV6ISVgVCUQ4RUab8cnWZ08nlm-Mv-&ved=2ahUKEwiryLanq5OPAxUiwjgGHXpvIZgQFnoFCNACEAE"
    },
    "snippet": "Gạch lát nền, gạch ốp tường cao cấp Rita Võ. Nhiều mẫu gạch và chủng loại: Gạch Bóng, Gạch Mờ, Gạch Vân Gỗ, Gạch Trang Trí, Gạch Malaysia, Gạch Ấn Độ, ...",
    "sourceUrl": "https://www.google.com/search?q=gach&hl=vi&gl=vn&num=100",
    "scrapedAt": "2025-08-18T02:43:43.668Z",
    "linkIndex": 10
  }
]