[
  {
    "position": 1,
    "link": {
      "title": "Bảng báo giá thi công ốp lát gạch mới nhất năm 2025",
      "url": "https://www.bing.com/ck/a?!&&p=3bad2fefeaf572ba35dbd231236f5956f8a439c96692578a6622f882170a33daJmltdHM9MTc1NTM4ODgwMA&ptn=3&ver=2&hsh=4&fclid=0676da8b-3cd2-6215-3c48-ccc73dd16350&u=a1aHR0cHM6Ly9nb2l0aG8yNDcuY29tL2JhbmctYmFvLWdpYS1vcC1sYXQtZ2FjaC8&ntb=1",
      "originalHref": "https://www.bing.com/ck/a?!&&p=3bad2fefeaf572ba35dbd231236f5956f8a439c96692578a6622f882170a33daJmltdHM9MTc1NTM4ODgwMA&ptn=3&ver=2&hsh=4&fclid=0676da8b-3cd2-6215-3c48-ccc73dd16350&u=a1aHR0cHM6Ly9nb2l0aG8yNDcuY29tL2JhbmctYmFvLWdpYS1vcC1sYXQtZ2FjaC8&ntb=1",
      "note": "Bing redirect URL - needs manual extraction of real URL"
    },
    "snippet": "16 thg 10, 2023 · Gọi Thợ 24/7 cung cấp bảng báo giá chi tiết dịch vụ thi công ốp lát gạch nền sàn và tường, bao gồm các công tác chuẩn bị, thi công nền và ốp lát gạch. Đơn giá thi công được …",
    "searchTerm": "gạch ốp lát giá rẻ",
    "scrapedAt": "2025-08-18T06:15:49.722Z"
  },
  {
    "position": 2,
    "link": {
      "title": "Bảng báo giá Gạch ốp lát Viglacera Tháng 7,8,9 …",
      "url": "https://www.bing.com/ck/a?!&&p=da6cb2e3befc1a769e543a95eb5cf3ee2d1fc844c5eef51a497002cb8b01c010JmltdHM9MTc1NTM4ODgwMA&ptn=3&ver=2&hsh=4&fclid=0676da8b-3cd2-6215-3c48-ccc73dd16350&u=a1aHR0cHM6Ly92aWdsYWNlcmF2aWV0bmFtLmNvbS9iYW8tZ2lhL2dhY2gtb3AtbGF0LXZpZ2xhY2VyYQ&ntb=1",
      "originalHref": "https://www.bing.com/ck/a?!&&p=da6cb2e3befc1a769e543a95eb5cf3ee2d1fc844c5eef51a497002cb8b01c010JmltdHM9MTc1NTM4ODgwMA&ptn=3&ver=2&hsh=4&fclid=0676da8b-3cd2-6215-3c48-ccc73dd16350&u=a1aHR0cHM6Ly92aWdsYWNlcmF2aWV0bmFtLmNvbS9iYW8tZ2lhL2dhY2gtb3AtbGF0LXZpZ2xhY2VyYQ&ntb=1",
      "note": "Bing redirect URL - needs manual extraction of real URL"
    },
    "snippet": "",
    "searchTerm": "gạch ốp lát giá rẻ",
    "scrapedAt": "2025-08-18T06:15:49.723Z"
  },
  {
    "position": 3,
    "link": {
      "title": "Top Mẫu Gạch Ốp Lát Giá Rẻ Đẹp, Chất Lượng Nhất 2025",
      "url": "https://www.bing.com/ck/a?!&&p=b871233d2be056cbaf0628f0b83ca07fdf7d8fc6756a69a10a13ed686381c8b3JmltdHM9MTc1NTM4ODgwMA&ptn=3&ver=2&hsh=4&fclid=0676da8b-3cd2-6215-3c48-ccc73dd16350&u=a1aHR0cHM6Ly9sb25ndHV5ZW5waGF0LmNvbS9nYWNoLW9wLWxhdC1naWEtcmUtZGVw&ntb=1",
      "originalHref": "https://www.bing.com/ck/a?!&&p=b871233d2be056cbaf0628f0b83ca07fdf7d8fc6756a69a10a13ed686381c8b3JmltdHM9MTc1NTM4ODgwMA&ptn=3&ver=2&hsh=4&fclid=0676da8b-3cd2-6215-3c48-ccc73dd16350&u=a1aHR0cHM6Ly9sb25ndHV5ZW5waGF0LmNvbS9nYWNoLW9wLWxhdC1naWEtcmUtZGVw&ntb=1",
      "note": "Bing redirect URL - needs manual extraction of real URL"
    },
    "snippet": "2 thg 6, 2025 · Tìm kiếm gạch ốp lát giá rẻ nhưng vẫn đảm bảo chất lượng và thẩm mỹ? Cửa Hàng Gạch Lát Nền Long Tuyến Phát mang đến bộ sưu tập gạch ốp lát đa dạng, phù hợp với …",
    "searchTerm": "gạch ốp lát giá rẻ",
    "scrapedAt": "2025-08-18T06:15:49.723Z"
  },
  {
    "position": 4,
    "link": {
      "title": "Bảng giá gạch ốp lát 2025 – Cửa hàng Long Tuyến Phát",
      "url": "https://www.bing.com/ck/a?!&&p=6151464b01217183b6f7188f5cd1208deebe2aea35f63a90bd40916e7c75cceaJmltdHM9MTc1NTM4ODgwMA&ptn=3&ver=2&hsh=4&fclid=0676da8b-3cd2-6215-3c48-ccc73dd16350&u=a1aHR0cHM6Ly9sb25ndHV5ZW5waGF0LmNvbS9iYW5nLWdpYS1nYWNoLW9wLWxhdA&ntb=1",
      "originalHref": "https://www.bing.com/ck/a?!&&p=6151464b01217183b6f7188f5cd1208deebe2aea35f63a90bd40916e7c75cceaJmltdHM9MTc1NTM4ODgwMA&ptn=3&ver=2&hsh=4&fclid=0676da8b-3cd2-6215-3c48-ccc73dd16350&u=a1aHR0cHM6Ly9sb25ndHV5ZW5waGF0LmNvbS9iYW5nLWdpYS1nYWNoLW9wLWxhdA&ntb=1",
      "note": "Bing redirect URL - needs manual extraction of real URL"
    },
    "snippet": "27 thg 3, 2025 · Giá: Từ 100,000 – 400,000 VNĐ/m², tùy nguồn gốc (Việt Nam rẻ hơn, Ấn Độ và Trung Quốc cao hơn do nhập khẩu). Đặc điểm: Đa dạng màu sắc, dễ vệ sinh, chống thấm tốt. …",
    "searchTerm": "gạch ốp lát giá rẻ",
    "scrapedAt": "2025-08-18T06:15:49.723Z"
  },
  {
    "position": 5,
    "link": {
      "title": "Mua Gạch ốp Lát đẹp Giá Rẻ, Vận Chuyển Nhanh | Trung Đức",
      "url": "https://www.bing.com/ck/a?!&&p=cebfa4ae89d138a4a5de7c80051604631f8b034d591c0522d6f5f67b161a85f2JmltdHM9MTc1NTM4ODgwMA&ptn=3&ver=2&hsh=4&fclid=0676da8b-3cd2-6215-3c48-ccc73dd16350&u=a1aHR0cHM6Ly90cnVuZ2R1Yy5vcmcvZ2FjaC1vcC1sYXQv&ntb=1",
      "originalHref": "https://www.bing.com/ck/a?!&&p=cebfa4ae89d138a4a5de7c80051604631f8b034d591c0522d6f5f67b161a85f2JmltdHM9MTc1NTM4ODgwMA&ptn=3&ver=2&hsh=4&fclid=0676da8b-3cd2-6215-3c48-ccc73dd16350&u=a1aHR0cHM6Ly90cnVuZ2R1Yy5vcmcvZ2FjaC1vcC1sYXQv&ntb=1",
      "note": "Bing redirect URL - needs manual extraction of real URL"
    },
    "snippet": "Mua gạch ốp lát đẹp giá rẻ, chính hãng loại A1 hãy đến đại lý Trung Đức. Sản phẩm có sẵn, đa dạng mẫu mã và kích thước.",
    "searchTerm": "gạch ốp lát giá rẻ",
    "scrapedAt": "2025-08-18T06:15:49.724Z"
  },
  {
    "position": 6,
    "link": {
      "title": "Update Bảng Giá Gạch Lát Nền Nhà Rẻ Nhất 2025",
      "url": "https://www.bing.com/ck/a?!&&p=a2dd9ef78dd1cd15d94af42eb769041384362382e46eaf7a25a03c1651bb2533JmltdHM9MTc1NTM4ODgwMA&ptn=3&ver=2&hsh=4&fclid=0676da8b-3cd2-6215-3c48-ccc73dd16350&u=a1aHR0cHM6Ly9wcmltZXZpZXQuY29tL2JhbmctZ2lhLWdhY2gtcHJpbWUtMjAxNy1tb2ktbmhhdC5odG1s&ntb=1",
      "originalHref": "https://www.bing.com/ck/a?!&&p=a2dd9ef78dd1cd15d94af42eb769041384362382e46eaf7a25a03c1651bb2533JmltdHM9MTc1NTM4ODgwMA&ptn=3&ver=2&hsh=4&fclid=0676da8b-3cd2-6215-3c48-ccc73dd16350&u=a1aHR0cHM6Ly9wcmltZXZpZXQuY29tL2JhbmctZ2lhLWdhY2gtcHJpbWUtMjAxNy1tb2ktbmhhdC5odG1s&ntb=1",
      "note": "Bing redirect URL - needs manual extraction of real URL"
    },
    "snippet": "",
    "searchTerm": "gạch ốp lát giá rẻ",
    "scrapedAt": "2025-08-18T06:15:49.724Z"
  },
  {
    "position": 7,
    "link": {
      "title": "Báo giá gạch ốp lát cao cấp 570+ mẫu đẹp 2025 - Hà Thanh – …",
      "url": "https://www.bing.com/ck/a?!&&p=716b28a13a0a28df0eadeb1b372785bd45facfb83ed8f4f62f9402cc3b407eabJmltdHM9MTc1NTM4ODgwMA&ptn=3&ver=2&hsh=4&fclid=0676da8b-3cd2-6215-3c48-ccc73dd16350&u=a1aHR0cHM6Ly9kYWloYXRoYW5oLnZuL2dhY2gtb3AtbGF0Lw&ntb=1",
      "originalHref": "https://www.bing.com/ck/a?!&&p=716b28a13a0a28df0eadeb1b372785bd45facfb83ed8f4f62f9402cc3b407eabJmltdHM9MTc1NTM4ODgwMA&ptn=3&ver=2&hsh=4&fclid=0676da8b-3cd2-6215-3c48-ccc73dd16350&u=a1aHR0cHM6Ly9kYWloYXRoYW5oLnZuL2dhY2gtb3AtbGF0Lw&ntb=1",
      "note": "Bing redirect URL - needs manual extraction of real URL"
    },
    "snippet": "Đối với khách hàng có ngân sách tiết kiệm, giá gạch ốp lát giá rẻ từ tổng kho gạch ốp lát giá rẻ là lựa chọn lý tưởng, đáp ứng đủ yêu cầu chất lượng và tiết kiệm chi phí.",
    "searchTerm": "gạch ốp lát giá rẻ",
    "scrapedAt": "2025-08-18T06:15:49.724Z"
  },
  {
    "position": 8,
    "link": {
      "title": "Bảng giá tham khảo - Hồng Hà Ceramic - Chuyên …",
      "url": "https://www.bing.com/ck/a?!&&p=cba33c07c5c27d88103b8cbc75b51d8afb872ce34ef12b17eccee2a7377ad75dJmltdHM9MTc1NTM4ODgwMA&ptn=3&ver=2&hsh=4&fclid=0676da8b-3cd2-6215-3c48-ccc73dd16350&u=a1aHR0cHM6Ly93d3cuZ2FjaG1lbnRvbmtoby5jb20vYmFuZy1naWEuaHRtbA&ntb=1",
      "originalHref": "https://www.bing.com/ck/a?!&&p=cba33c07c5c27d88103b8cbc75b51d8afb872ce34ef12b17eccee2a7377ad75dJmltdHM9MTc1NTM4ODgwMA&ptn=3&ver=2&hsh=4&fclid=0676da8b-3cd2-6215-3c48-ccc73dd16350&u=a1aHR0cHM6Ly93d3cuZ2FjaG1lbnRvbmtoby5jb20vYmFuZy1naWEuaHRtbA&ntb=1",
      "note": "Bing redirect URL - needs manual extraction of real URL"
    },
    "snippet": "",
    "searchTerm": "gạch ốp lát giá rẻ",
    "scrapedAt": "2025-08-18T06:15:49.724Z"
  },
  {
    "position": 9,
    "link": {
      "title": "Gạch lát nền ốp tường tồn kho lỗi giá rẻ, giao hàng …",
      "url": "https://www.bing.com/ck/a?!&&p=a611341029da7ec40706b48edafe58d5b66e72e16f2a3c5139caaffd118bf056JmltdHM9MTc1NTM4ODgwMA&ptn=3&ver=2&hsh=4&fclid=0676da8b-3cd2-6215-3c48-ccc73dd16350&u=a1aHR0cHM6Ly9teWxpbmh0aWxlcy5jb20vZ2FjaC1sYXQtbmVuLTYweDYwLWxvaS1naWEtcmU&ntb=1",
      "originalHref": "https://www.bing.com/ck/a?!&&p=a611341029da7ec40706b48edafe58d5b66e72e16f2a3c5139caaffd118bf056JmltdHM9MTc1NTM4ODgwMA&ptn=3&ver=2&hsh=4&fclid=0676da8b-3cd2-6215-3c48-ccc73dd16350&u=a1aHR0cHM6Ly9teWxpbmh0aWxlcy5jb20vZ2FjaC1sYXQtbmVuLTYweDYwLWxvaS1naWEtcmU&ntb=1",
      "note": "Bing redirect URL - needs manual extraction of real URL"
    },
    "snippet": "",
    "searchTerm": "gạch ốp lát giá rẻ",
    "scrapedAt": "2025-08-18T06:15:49.725Z"
  },
  {
    "position": 10,
    "link": {
      "title": "Gachgiare24h.com - gạch giá rẻ, chậu rửa chén, bồn tắm, Bồn cầu",
      "url": "https://www.bing.com/ck/a?!&&p=5d20bdd4ed8105ac5610287b59abb9369e83eabccea8d151cb4c93d9f300ba7aJmltdHM9MTc1NTM4ODgwMA&ptn=3&ver=2&hsh=4&fclid=0676da8b-3cd2-6215-3c48-ccc73dd16350&u=a1aHR0cHM6Ly9nYWNoZ2lhcmUyNGguY29tLw&ntb=1",
      "originalHref": "https://www.bing.com/ck/a?!&&p=5d20bdd4ed8105ac5610287b59abb9369e83eabccea8d151cb4c93d9f300ba7aJmltdHM9MTc1NTM4ODgwMA&ptn=3&ver=2&hsh=4&fclid=0676da8b-3cd2-6215-3c48-ccc73dd16350&u=a1aHR0cHM6Ly9nYWNoZ2lhcmUyNGguY29tLw&ntb=1",
      "note": "Bing redirect URL - needs manual extraction of real URL"
    },
    "snippet": "Gạch giá rẻ 24h là Tổng kho thiết bị vệ sinh chuyên cung cấp các loại bồn cầu, thiết bị vệ sinh, bồn tắm, gạch lát nền, gạch ốp tường ,cửa nhựa giả gỗ, bồn rửa chén các loại với giá tốt nhất …",
    "searchTerm": "gạch ốp lát giá rẻ",
    "scrapedAt": "2025-08-18T06:15:49.725Z"
  }
]