[
  {
    "position": 1,
    "link": {
      "title": "KHATRA | Gạch ốp lát nhập khẩu Đẹp - Độc - Chất",
      "url": "https://www.bing.com/ck/a?!&&p=4ed52b7e226ac1cff530b3135160800ec2e0ca4a6e1a07053efa5994ef35777fJmltdHM9MTc1NTM4ODgwMA&ptn=3&ver=2&hsh=4&fclid=08ca4e57-2a81-6bcc-343d-581b2b8a6a37&u=a1aHR0cHM6Ly9raGF0cmEuY29tLnZuLw&ntb=1",
      "originalHref": "https://www.bing.com/ck/a?!&&p=4ed52b7e226ac1cff530b3135160800ec2e0ca4a6e1a07053efa5994ef35777fJmltdHM9MTc1NTM4ODgwMA&ptn=3&ver=2&hsh=4&fclid=08ca4e57-2a81-6bcc-343d-581b2b8a6a37&u=a1aHR0cHM6Ly9raGF0cmEuY29tLnZuLw&ntb=1"
    },
    "snippet": "",
    "sourceUrl": "https://www.bing.com/search?q=gach&setlang=vi-VN&cc=VN",
    "scrapedAt": "2025-08-18T02:59:13.142Z",
    "linkIndex": 1
  },
  {
    "position": 2,
    "link": {
      "title": "CÔNG TY TNHH GẠCH ĐÁ VIỆT",
      "url": "https://www.bing.com/ck/a?!&&p=e39073e49d72f43a8447a687a384b1a56f02f297a8637d0645d6feb72ae3df1bJmltdHM9MTc1NTM4ODgwMA&ptn=3&ver=2&hsh=4&fclid=08ca4e57-2a81-6bcc-343d-581b2b8a6a37&u=a1aHR0cHM6Ly9nYWNoZGF2aWV0LnZuLw&ntb=1",
      "originalHref": "https://www.bing.com/ck/a?!&&p=e39073e49d72f43a8447a687a384b1a56f02f297a8637d0645d6feb72ae3df1bJmltdHM9MTc1NTM4ODgwMA&ptn=3&ver=2&hsh=4&fclid=08ca4e57-2a81-6bcc-343d-581b2b8a6a37&u=a1aHR0cHM6Ly9nYWNoZGF2aWV0LnZuLw&ntb=1"
    },
    "snippet": "Cung cấp vật liệu hoàn thiện, gạch đá trang trí, tranh mosaic, gạch mosaic xà cừ, gạch mosaic, gạch đá ốp lát, gạch terazo, gạch ấn độ, gạch bông, gạch thẻ ốp tường",
    "sourceUrl": "https://www.bing.com/search?q=gach&setlang=vi-VN&cc=VN",
    "scrapedAt": "2025-08-18T02:59:13.144Z",
    "linkIndex": 2
  },
  {
    "position": 3,
    "link": {
      "title": "Cập nhật bảng giá gạch lát nền mới nhất 2025 - Gạch …",
      "url": "https://www.bing.com/ck/a?!&&p=eea1f68eaeee39d917293165ca663a3ffb6a250bd4212a64035ad7f7e78a27b9JmltdHM9MTc1NTM4ODgwMA&ptn=3&ver=2&hsh=4&fclid=08ca4e57-2a81-6bcc-343d-581b2b8a6a37&u=a1aHR0cHM6Ly9nYWNobHV4Y2FzYS52bi9naWEtZ2FjaC1sYXQtbmVuLw&ntb=1",
      "originalHref": "https://www.bing.com/ck/a?!&&p=eea1f68eaeee39d917293165ca663a3ffb6a250bd4212a64035ad7f7e78a27b9JmltdHM9MTc1NTM4ODgwMA&ptn=3&ver=2&hsh=4&fclid=08ca4e57-2a81-6bcc-343d-581b2b8a6a37&u=a1aHR0cHM6Ly9nYWNobHV4Y2FzYS52bi9naWEtZ2FjaC1sYXQtbmVuLw&ntb=1"
    },
    "snippet": "",
    "sourceUrl": "https://www.bing.com/search?q=gach&setlang=vi-VN&cc=VN",
    "scrapedAt": "2025-08-18T02:59:13.144Z",
    "linkIndex": 3
  },
  {
    "position": 4,
    "link": {
      "title": "Vietceramics - BỘ SƯU TẬP GẠCH ỐP LÁT",
      "url": "https://www.bing.com/ck/a?!&&p=dbb652324aecdcc502f9af9c3911aca10cd73a5f357cd8477862c2d6d1ea0ee4JmltdHM9MTc1NTM4ODgwMA&ptn=3&ver=2&hsh=4&fclid=08ca4e57-2a81-6bcc-343d-581b2b8a6a37&u=a1aHR0cHM6Ly93d3cudmlldGNlcmFtaWNzLmNvbS9nYWNoLW9wLWxhdC8&ntb=1",
      "originalHref": "https://www.bing.com/ck/a?!&&p=dbb652324aecdcc502f9af9c3911aca10cd73a5f357cd8477862c2d6d1ea0ee4JmltdHM9MTc1NTM4ODgwMA&ptn=3&ver=2&hsh=4&fclid=08ca4e57-2a81-6bcc-343d-581b2b8a6a37&u=a1aHR0cHM6Ly93d3cudmlldGNlcmFtaWNzLmNvbS9nYWNoLW9wLWxhdC8&ntb=1"
    },
    "snippet": "Các bộ sưu tập gạch ốp lát cao cấp của Vietceramics được nhập khẩu theo xu hướng mới nhất từ những thương hiệu sản xuất nổi tiếng trên thế giới.",
    "sourceUrl": "https://www.bing.com/search?q=gach&setlang=vi-VN&cc=VN",
    "scrapedAt": "2025-08-18T02:59:13.145Z",
    "linkIndex": 4
  },
  {
    "position": 5,
    "link": {
      "title": "GachDa - Gạch Đá",
      "url": "https://www.bing.com/ck/a?!&&p=4897068f731b217f75e6ff9be1e2962e65a853c1cdf83f0bb5f5a9e44fd1e037JmltdHM9MTc1NTM4ODgwMA&ptn=3&ver=2&hsh=4&fclid=08ca4e57-2a81-6bcc-343d-581b2b8a6a37&u=a1aHR0cHM6Ly9nYWNoZGEudm4v&ntb=1",
      "originalHref": "https://www.bing.com/ck/a?!&&p=4897068f731b217f75e6ff9be1e2962e65a853c1cdf83f0bb5f5a9e44fd1e037JmltdHM9MTc1NTM4ODgwMA&ptn=3&ver=2&hsh=4&fclid=08ca4e57-2a81-6bcc-343d-581b2b8a6a37&u=a1aHR0cHM6Ly9nYWNoZGEudm4v&ntb=1"
    },
    "snippet": "Gạch ĐáThế giới gạch đá tự nhiên cao cấp #Về Gạch Đá Với hơn 6 năm kinh nghiệm, Gạch Đá tự hào là đơn vị đi đầu trong lĩnh vực cung cấp các sản phẩm gạch đá cao cấp, đa dạng mẫu …",
    "sourceUrl": "https://www.bing.com/search?q=gach&setlang=vi-VN&cc=VN",
    "scrapedAt": "2025-08-18T02:59:13.146Z",
    "linkIndex": 5
  },
  {
    "position": 6,
    "link": {
      "title": "Mua gạch ốp lát chính hãng, giá rẻ tại GachOnline.vn",
      "url": "https://www.bing.com/ck/a?!&&p=48a8903105db34e55b3ec713e47ab669558ced3bf82cca76866e9061591b9d67JmltdHM9MTc1NTM4ODgwMA&ptn=3&ver=2&hsh=4&fclid=08ca4e57-2a81-6bcc-343d-581b2b8a6a37&u=a1aHR0cHM6Ly9nYWNob25saW5lLnZuLw&ntb=1",
      "originalHref": "https://www.bing.com/ck/a?!&&p=48a8903105db34e55b3ec713e47ab669558ced3bf82cca76866e9061591b9d67JmltdHM9MTc1NTM4ODgwMA&ptn=3&ver=2&hsh=4&fclid=08ca4e57-2a81-6bcc-343d-581b2b8a6a37&u=a1aHR0cHM6Ly9nYWNob25saW5lLnZuLw&ntb=1"
    },
    "snippet": "",
    "sourceUrl": "https://www.bing.com/search?q=gach&setlang=vi-VN&cc=VN",
    "scrapedAt": "2025-08-18T02:59:13.147Z",
    "linkIndex": 6
  },
  {
    "position": 7,
    "link": {
      "title": "Gạch Tốt - Gạch ốp Lát Giá Rẻ Chính Hãng Tốt Nhất.",
      "url": "https://www.bing.com/ck/a?!&&p=e476d11801da845b5cb5f7d76ce40f633d06f5b515f5572503199905bc09d5e3JmltdHM9MTc1NTM4ODgwMA&ptn=3&ver=2&hsh=4&fclid=08ca4e57-2a81-6bcc-343d-581b2b8a6a37&u=a1aHR0cHM6Ly9nYWNodG90LnZuL2dhY2gv&ntb=1",
      "originalHref": "https://www.bing.com/ck/a?!&&p=e476d11801da845b5cb5f7d76ce40f633d06f5b515f5572503199905bc09d5e3JmltdHM9MTc1NTM4ODgwMA&ptn=3&ver=2&hsh=4&fclid=08ca4e57-2a81-6bcc-343d-581b2b8a6a37&u=a1aHR0cHM6Ly9nYWNodG90LnZuL2dhY2gv&ntb=1"
    },
    "snippet": "",
    "sourceUrl": "https://www.bing.com/search?q=gach&setlang=vi-VN&cc=VN",
    "scrapedAt": "2025-08-18T02:59:13.147Z",
    "linkIndex": 7
  },
  {
    "position": 8,
    "link": {
      "title": "Gạch ốp lát cao cấp - báo giá rẻ nhất 2025",
      "url": "https://www.bing.com/ck/a?!&&p=ae187cfc97db0d530317ae314a097c5e9b5c789d231433396f019f673b45d9dfJmltdHM9MTc1NTM4ODgwMA&ptn=3&ver=2&hsh=4&fclid=08ca4e57-2a81-6bcc-343d-581b2b8a6a37&u=a1aHR0cHM6Ly9oYWlsaW5oLmNvbS52bi9nYWNoLW9wLWxhdC8&ntb=1",
      "originalHref": "https://www.bing.com/ck/a?!&&p=ae187cfc97db0d530317ae314a097c5e9b5c789d231433396f019f673b45d9dfJmltdHM9MTc1NTM4ODgwMA&ptn=3&ver=2&hsh=4&fclid=08ca4e57-2a81-6bcc-343d-581b2b8a6a37&u=a1aHR0cHM6Ly9oYWlsaW5oLmNvbS52bi9nYWNoLW9wLWxhdC8&ntb=1"
    },
    "snippet": "",
    "sourceUrl": "https://www.bing.com/search?q=gach&setlang=vi-VN&cc=VN",
    "scrapedAt": "2025-08-18T02:59:13.148Z",
    "linkIndex": 8
  },
  {
    "position": 9,
    "link": {
      "title": "Gạch ốp lát - viglacera.vn",
      "url": "https://www.bing.com/ck/a?!&&p=419df886073fd82ef455ec61ee52a543967ed96cd80d8cb31ebe18d9eefb60b6JmltdHM9MTc1NTM4ODgwMA&ptn=3&ver=2&hsh=4&fclid=08ca4e57-2a81-6bcc-343d-581b2b8a6a37&u=a1aHR0cHM6Ly92aWdsYWNlcmEudm4vZ2FjaC1vcC1sYXQ&ntb=1",
      "originalHref": "https://www.bing.com/ck/a?!&&p=419df886073fd82ef455ec61ee52a543967ed96cd80d8cb31ebe18d9eefb60b6JmltdHM9MTc1NTM4ODgwMA&ptn=3&ver=2&hsh=4&fclid=08ca4e57-2a81-6bcc-343d-581b2b8a6a37&u=a1aHR0cHM6Ly92aWdsYWNlcmEudm4vZ2FjaC1vcC1sYXQ&ntb=1"
    },
    "snippet": "",
    "sourceUrl": "https://www.bing.com/search?q=gach&setlang=vi-VN&cc=VN",
    "scrapedAt": "2025-08-18T02:59:13.149Z",
    "linkIndex": 9
  },
  {
    "position": 10,
    "link": {
      "title": "Bảng giá gạch ốp lát 2025 | Giá gạch Men, gạch …",
      "url": "https://www.bing.com/ck/a?!&&p=4afd56bc88fd3683f1a9b4ac1f08a9c0ddac2c9aefa30f3508ac11bc6c665e33JmltdHM9MTc1NTM4ODgwMA&ptn=3&ver=2&hsh=4&fclid=08ca4e57-2a81-6bcc-343d-581b2b8a6a37&u=a1aHR0cHM6Ly9raGF0cmEuY29tLnZuL3RpbGVzL2dpYS1nYWNoLW9wLWxhdC8&ntb=1",
      "originalHref": "https://www.bing.com/ck/a?!&&p=4afd56bc88fd3683f1a9b4ac1f08a9c0ddac2c9aefa30f3508ac11bc6c665e33JmltdHM9MTc1NTM4ODgwMA&ptn=3&ver=2&hsh=4&fclid=08ca4e57-2a81-6bcc-343d-581b2b8a6a37&u=a1aHR0cHM6Ly9raGF0cmEuY29tLnZuL3RpbGVzL2dpYS1nYWNoLW9wLWxhdC8&ntb=1"
    },
    "snippet": "",
    "sourceUrl": "https://www.bing.com/search?q=gach&setlang=vi-VN&cc=VN",
    "scrapedAt": "2025-08-18T02:59:13.150Z",
    "linkIndex": 10
  }
]