{
        "url": "https://b2b.daisan.vn/products/gach-op-tuong",
        "paginationPattern": "?page=",
        "maxPages": 10,
        "productLinkSelector": ".list-item-img a",
        "productLinkPattern": "/gach-",
        "titleClass": ".product-detail_title h1",
        "descriptionClass": ".product-shipping",
        "priceClass": ".price",
        "skuClass": "",
        "contentClass": ".product-description",
        "thumbnailClass": ".image-slider-item img",
        "imagesClass": ".swiper-slide img",
        "includePatterns": [],
        "excludePatterns": [
                "thumb",
                "small",
                "icon",
                "logo"
        ],
        "skuInImage": false,
        "autoGenerateSku": true,
        "websiteName": "DAISAN",
        "isPrice": true,
        "supplier": "DAISAN",
        "url_supplier": "https://b2b.daisan.vn",
        "maxRequestsPerCrawl": 50000
}