{
    "title": "Multi-Website Product Crawler",
    "type": "object",
    "schemaVersion": 1,
    "properties": {
        "url": {
            "title": "URL",
            "type": "string",
            "description": "Category or product page URL to start crawling",
            "editor": "textfield"
        },
        "paginationPattern": {
            "title": "Pagination Pattern",
            "type": "string",
            "description": "Pattern for pagination URLs (e.g., '?page=', '/page/', '&page=')",
            "editor": "textfield"
        },
        "maxPages": {
            "title": "Max Pages",
            "type": "integer",
            "description": "Maximum number of pages to crawl",
            "default": 10
        },
        "productLinkSelector": {
            "title": "Product Link Selector",
            "type": "string",
            "description": "CSS selector for product links",
            "editor": "textfield"
        },
        "productLinkPattern": {
            "title": "Product Link Pattern",
            "type": "string",
            "description": "URL pattern to identify product links",
            "editor": "textfield"
        },
        "titleClass": {
            "title": "Title Selector",
            "type": "string",
            "description": "CSS selector for product title",
            "editor": "textfield"
        },
        "descriptionClass": {
            "title": "Description Selector",
            "type": "string",
            "description": "CSS selector for product description",
            "editor": "textfield"
        },
        "priceClass": {
            "title": "Price Selector",
            "type": "string",
            "description": "CSS selector for product price",
            "editor": "textfield"
        },
        "skuClass": {
            "title": "SKU Selector",
            "type": "string",
            "description": "CSS selector for product SKU",
            "editor": "textfield"
        },
        "contentClass": {
            "title": "Content Selector",
            "type": "string",
            "description": "CSS selector for product content",
            "editor": "textfield"
        },
        "thumbnailClass": {
            "title": "Thumbnail Selector",
            "type": "string",
            "description": "CSS selector for product thumbnail",
            "editor": "textfield"
        },
        "imagesClass": {
            "title": "Images Selector",
            "type": "string",
            "description": "CSS selector for product images",
            "editor": "textfield"
        },
        "includePatterns": {
            "title": "Include Patterns",
            "type": "array",
            "description": "URL patterns to include images",
            "editor": "json",
            "items": {
                "type": "string"
            }
        },
        "excludePatterns": {
            "title": "Exclude Patterns",
            "type": "array",
            "description": "URL patterns to exclude images",
            "editor": "json",
            "items": {
                "type": "string"
            }
        },
        "skuInImage": {
            "title": "SKU in Image",
            "type": "boolean",
            "description": "Only include images containing SKU"
        },
        "autoGenerateSku": {
            "title": "Auto Generate SKU",
            "type": "boolean",
            "description": "Automatically generate SKU if not found"
        },
        "websiteName": {
            "title": "Website Name",
            "type": "string",
            "description": "Website name for SKU generation",
            "editor": "textfield"
        },
        "isPrice": {
            "title": "Price Required",
            "type": "boolean",
            "description": "Skip products without price"
        },
        "supplier": {
            "title": "Supplier",
            "type": "string",
            "description": "Supplier name for products",
            "editor": "textfield"
        },
        "url_supplier": {
            "title": "Supplier URL",
            "type": "string",
            "description": "Supplier website URL",
            "editor": "textfield"
        },
        "maxRequestsPerCrawl": {
            "title": "Max Requests per Crawl",
            "type": "integer",
            "description": "Maximum number of requests that can be made by this crawler.",
            "default": 50000
        }
    },
    "required": [
        "url"
    ]
}