{
	"url": "https://b2b.daisan.vn/gach-3d-op-tuong-trang-tri-chong-tham-mau-tim-462336.html",
	"title": "Gạch 3d ốp tường trang trí chống thấm màu tím",
	"description": "Bảo vệ cho sản phẩm này\n                                    \n                                        Giao hàng qua Daisan Logistics\n                                        \n                                        Dự kiến ​​đơn hàng của bạn sẽ được giao trước ngày dự kiến ​​hoặc nhận khoản bồi thường chậm trễ 10%\n                                    \n                                    \n                                        Thanh toán an toàn\n\n                                        \n                                        Mọi khoản thanh toán bạn thực hiện trên Daisan.vn đều được ...\n                                    \n                                    \n                                        Chính sách hoàn tiền\n\n                                        \n                                        Yêu cầu hoàn lại tiền nếu đơn đặt hàng của bạn không được vận chuyển, bị thiếu hoặc giao đến có vấn đề về sản phẩm",
	"price": "233600",
	"sku": "DAISAN_GCH_9760",
	"thumbnail": "https://b2b.daisan.vn/site/upload/pages/25019/1589252552_9afdb01339ef137ea2f3fb1aa64a9024.jpeg",
	"images": [
		"https://b2b.daisan.vn/site/upload/pages/25019/1589252552_9afdb01339ef137ea2f3fb1aa64a9024.jpeg",
		"https://b2b.daisan.vn/site/upload/pages/25019/1589252557_9afdb01339ef137ea2f3fb1aa64a9024.jpeg",
		"https://b2b.daisan.vn/site/upload/pages/25019/1589252563_9afdb01339ef137ea2f3fb1aa64a9024.jpeg",
		"https://b2b.daisan.vn/site/upload/pages/25019/1589252567_9afdb01339ef137ea2f3fb1aa64a9024.jpeg",
		"https://b2b.daisan.vn/site/upload/pages/25019/1589252595_9afdb01339ef137ea2f3fb1aa64a9024.jpeg",
		"https://b2b.daisan.vn/site/upload/pages/25019/1589252600_9afdb01339ef137ea2f3fb1aa64a9024.jpeg",
		"https://b2b.daisan.vn/site/upload/pages/25019/1589707384_9afdb01339ef137ea2f3fb1aa64a9024.jpeg",
		"https://b2b.daisan.vn/site/upload/pages/25019/1589507524_9afdb01339ef137ea2f3fb1aa64a9024.jpeg",
		"https://b2b.daisan.vn/site/upload/pages/25019/1589426445_9afdb01339ef137ea2f3fb1aa64a9024.jpeg",
		"https://b2b.daisan.vn/site/upload/pages/25019/1589354728_9afdb01339ef137ea2f3fb1aa64a9024.jpeg",
		"https://b2b.daisan.vn/site/upload/pages/25019/1589274976_9afdb01339ef137ea2f3fb1aa64a9024.jpeg",
		"https://b2b.daisan.vn/site/upload/pages/25019/1589511636_9afdb01339ef137ea2f3fb1aa64a9024.jpeg",
		"https://b2b.daisan.vn/site/upload/pages/25019/1589507250_9afdb01339ef137ea2f3fb1aa64a9024.jpeg",
		"https://b2b.daisan.vn/site/upload/pages/25019/1589426286_9afdb01339ef137ea2f3fb1aa64a9024.jpeg",
		"https://b2b.daisan.vn/site/upload/pages/25019/1589354109_9afdb01339ef137ea2f3fb1aa64a9024.jpeg",
		"https://b2b.daisan.vn/site/upload/pages/25019/1589274875_9afdb01339ef137ea2f3fb1aa64a9024.jpeg",
		"https://b2b.daisan.vn/site/upload/pages/25019/1589511581_9afdb01339ef137ea2f3fb1aa64a9024.jpeg",
		"https://b2b.daisan.vn/site/upload/pages/25019/1589507077_9afdb01339ef137ea2f3fb1aa64a9024.jpeg",
		"https://b2b.daisan.vn/site/upload/pages/25019/1589426139_9afdb01339ef137ea2f3fb1aa64a9024.jpeg",
		"https://b2b.daisan.vn/site/upload/pages/25019/1589353952_9afdb01339ef137ea2f3fb1aa64a9024.jpeg",
		"https://b2b.daisan.vn/site/upload/pages/25019/1589274668_9afdb01339ef137ea2f3fb1aa64a9024.jpeg"
	],
	"content": "\n<style>\nfont-family: 'Segoe UI', Arial, sans-serif;\n    background: #fff;\n    color: #222;\n    padding: 20px;\n    max-width: 900px;\n    margin: 0 auto;\n    line-height: 1.6;\n</style>\n<div class=\"unknown-content-root\">\n                        <h3 id=\"more-detail\">M&#xf4; t&#x1ea3; s&#x1ea3;n ph&#x1ea9;m t&#x1eeb; nh&#xe0; cung c&#x1ea5;p</h3>\n                        <div class=\"description-info pb-2\">\n                            <h3>M&#xf4; t&#x1ea3; s&#x1ea3;n ph&#x1ea9;m</h3>\n                            <p><strong>G&#x1ea1;ch 3d &#x1ed1;p t&#x1b0;&#x1edd;ng trang tr&#xed; ch&#x1ed1;ng th&#x1ea5;m m&#xe0;u t&#xed;m&#xa0;</strong></p>\r\n<p>Th&#x1ebf; gi&#x1edb;i v&#x1ead;t li&#x1ec7;u x&#xe2;y d&#x1ef1;ng &#x111;&#x1eb7;c bi&#x1ec7;t l&#xe0; c&#xe1;c lo&#x1ea1;i g&#x1ea1;ch &#x1ed1;p t&#x1b0;&#x1edd;ng ng&#xe0;y c&#xe0;ng phong ph&#xfa; v&#x1edb;i ch&#x1ea5;t l&#x1b0;&#x1ee3;ng &#x111;&#x1b0;&#x1ee3;c n&#xe2;ng cao r&#xf5; r&#x1ec7;t. S&#x1ef1; c&#xf3; m&#x1eb7;t c&#x1ee7;a c&#xe1;c lo&#x1ea1;i g&#x1ea1;ch &#x1ed1;p t&#x1b0;&#x1edd;ng &#x111;&#x1eb9;p khi&#x1ebf;n c&#xe1;c gia ch&#x1ee7; c&#xf3; th&#xea;m l&#x1ef1;a ch&#x1ecd;n cho kh&#xf4;ng gian s&#x1ed1;ng. V&#xe0;&#xa0;g&#x1ea1;ch &#x1ed1;p t&#x1b0;&#x1edd;ng 3D&#xa0;ch&#xed;nh l&#xe0; l&#x1ef1;a ch&#x1ecd;n cho m&#x1ed9;t kh&#xf4;ng gian v&#x1eeb;a &#x111;&#x1eb9;p, v&#x1eeb;a &#x111;&#x1ed9;c &#x111;&#xe1;o l&#x1ea1;i c&#x1ef1;c &#x201c;ch&#x1ea5;t ch&#x1a1;i&#x201d;</p>\r\n<p>G&#x1ea1;ch &#x1ed1;p t&#x1b0;&#x1edd;ng 3D hay c&#xf2;n g&#x1ecd;i l&#xe0; g&#x1ea1;ch 3D l&#xe0; m&#x1ed9;t lo&#x1ea1;i v&#x1ead;t li&#x1ec7;u c&#xf3; th&#x1ec3; d&#xf9;ng &#x1ed1;p t&#x1b0;&#x1edd;ng, &#x111;&#x1b0;&#x1ee3;c t&#x1ea1;o ra trong kho&#x1ea3;ng d&#xf2;ng Men Ceramic. V&#x1edb;i c&#x1ea5;u t&#x1ea1;o 3 l&#x1edb;p l&#xe0; l&#x1edb;p h&#xec;nh &#x1ea3;nh tr&#xea;n c&#xf9;ng, l&#x1edb;p ph&#x1ee7; b&#x1ec1; m&#x1eb7;t ngo&#xe0;i v&#xe0; l&#x1edb;p x&#x1b0;&#x1a1;ng g&#x1ea1;ch.</p>\r\n<table style=\"width: 600px; margin-left: auto; margin-right: auto;\" border=\"1\">\r\n<tbody>\r\n<tr>\r\n<td>&#x1ee8;ng d&#x1ee5;ng</td>\r\n<td>&#x110;&#x1b0;&#x1ee3;c s&#x1eed; d&#x1ee5;ng cho t&#x1b0;&#x1edd;ng v&#xe0; trang tr&#xed; tr&#x1ea7;n nh&#xe0;</td>\r\n</tr>\r\n<tr>\r\n<td>Ch&#x1ea5;t li&#x1ec7;u</td>\r\n<td>&#x110;&#x1b0;&#x1ee3;c l&#xe0;m b&#x1eb1;ng s&#x1ee3;i th&#x1ef1;c v&#x1ead;t, Sinh Th&#xe1;i Th&#xe2;n Thi&#x1ec7;n, 100% ph&#xe2;n h&#x1ee7;y sinh h&#x1ecd;c</td>\r\n</tr>\r\n<tr>\r\n<td>M&#xe0;u s&#x1eaf;c</td>\r\n<td>Ban &#x111;&#x1ea7;u m&#xe0;u tr&#x1eaf;ng, ho&#x1eb7;c ch&#xfa;ng t&#xf4;i s&#x1a1;n &#x111;&#x1ed1;i v&#x1edb;i b&#x1ea1;n, hai k&#x1ebf;t c&#x1ea5;u nhi&#x1ec1;u m&#xe0;u s&#x1eaf;c c&#xf3; s&#x1eb5;n</td>\r\n</tr>\r\n<tr>\r\n<td>K&#xed;ch th&#x1b0;&#x1edb;c</td>\r\n<td>N&#x103;m K&#xed;ch th&#x1b0;&#x1edb;c: 1*1 m, 625*800mm, 600*600mm, 500*500mm, 300*300mm.</td>\r\n</tr>\r\n<tr>\r\n<td>&#x110;&#x1ed9; d&#xe0;y</td>\r\n<td data-spm-anchor-id=\"a2700.md_vi_VN.pronpeci14.i0.67866f5bLuOQQz\">Chi&#x1ec1;u cao cho n&#x1ed5;i m&#x1ed9;t ph&#x1ea7;n t&#x1eeb; 6.5-32.5mm</td>\r\n</tr>\r\n<tr>\r\n<td>Thi&#x1ebf;t k&#x1ebf;</td>\r\n<td>3 chi&#x1ec1;u c&#x1ee9;u tr&#x1ee3;, &#x111;&#x1a1;n gi&#x1ea3;n v&#xe0; th&#x1edd;i trang,</td>\r\n</tr>\r\n<tr>\r\n<td>C&#xe1;c t&#xed;nh n&#x103;ng</td>\r\n<td data-spm-anchor-id=\"a2700.md_vi_VN.pronpeci14.i1.67866f5bLuOQQz\">&#xc1;nh s&#xe1;ng tr&#x1ecd;ng l&#x1b0;&#x1ee3;ng, d&#x1ec5; d&#xe0;ng c&#xe0;i &#x111;&#x1eb7;t, sinh th&#xe1;i, kh&#x1ecf;e m&#x1ea1;nh, s&#x1a1;n Mi&#x1ec5;n Ph&#xed;, thi&#x1ebf;t k&#x1ebf; &#x110;&#x1ed9;c &#x110;&#xe1;o</td>\r\n</tr>\r\n</tbody>\r\n</table>\r\n<div class=\"mod\" lang=\"vi-VN\" data-md=\"61\">&#xa0;</div>\r\n<div class=\"g\">&#xa0;</div>\r\n<div class=\"g\"><strong>H&#xec;nh &#x1ea3;nh s&#x1ea3;n ph&#x1ea9;m&#xa0;</strong></div>\r\n<div class=\"g\" style=\"text-align: center;\"><strong><img src=\"https://b2b.daisan.vn/site/upload/pages/25019/1589252552_9afdb01339ef137ea2f3fb1aa64a9024.jpeg\" alt=\"0\" width=\"600\"></strong></div>\r\n<div class=\"g\" style=\"text-align: center;\"><strong><img src=\"https://b2b.daisan.vn/site/upload/pages/25019/1589252557_9afdb01339ef137ea2f3fb1aa64a9024.jpeg\" alt=\"1\" width=\"600\"></strong></div>\r\n<div class=\"g\" style=\"text-align: center;\"><strong><img src=\"https://b2b.daisan.vn/site/upload/pages/25019/1589252563_9afdb01339ef137ea2f3fb1aa64a9024.jpeg\" alt=\"2\" width=\"600\"></strong></div>\r\n<div class=\"g\" style=\"text-align: center;\"><strong><img src=\"https://b2b.daisan.vn/site/upload/pages/25019/1589252567_9afdb01339ef137ea2f3fb1aa64a9024.jpeg\" alt=\"3\" width=\"600\"></strong></div>\r\n<div class=\"g\" style=\"text-align: center;\"><strong><img src=\"https://b2b.daisan.vn/site/upload/pages/25019/1589252595_9afdb01339ef137ea2f3fb1aa64a9024.jpeg\" alt=\"4\" width=\"600\"></strong></div>\r\n<div class=\"g\" style=\"text-align: left;\"><strong>&#x110;&#xf3;ng g&#xf3;i v&#xe0; v&#x1ead;n chuy&#x1ec3;n&#xa0;</strong></div>\r\n<div class=\"g\" style=\"text-align: center;\"><strong><img src=\"https://b2b.daisan.vn/site/upload/media/images/images/1589253052_c7da2202001ef3739c67954b4c9dbb31.png\" width=\"600\"></strong></div>\r\n<div class=\"g\" style=\"text-align: center;\"><strong><img src=\"https://b2b.daisan.vn/site/upload/media/images/images/1589253134_f7f0bbdb094d0b83d7561fc5ec2130d7.png\" width=\"600\"></strong></div>\r\n<div class=\"g\" style=\"text-align: center;\">&#xa0;</div>\r\n<div class=\"g\" style=\"text-align: left;\"><strong>C&#xe2;u h&#x1ecf;i th&#x1b0;&#x1edd;ng g&#x1eb7;p</strong></div>\r\n<div class=\"g\" style=\"text-align: left;\">&#xa0;</div>\r\n<div class=\"g\" style=\"text-align: left;\">\r\n<table class=\"aliDataTable\">\r\n<tbody>\r\n<tr>\r\n<td>Q1</td>\r\n<td>L&#xe0;m th&#x1ebf; n&#xe0;o d&#xe0;y l&#xe0; c&#xe1;c t&#x1ea5;m pin?</td>\r\n</tr>\r\n<tr>\r\n<td>&#xa0;</td>\r\n<td>N&#xf3; l&#xe0; kho&#x1ea3;ng 0.8mm-2mm.</td>\r\n</tr>\r\n<tr>\r\n<td>Q2</td>\r\n<td>Nh&#x1eef;ng g&#xec; l&#xe0; tr&#x1ecd;ng l&#x1b0;&#x1ee3;ng c&#x1ee7;a b&#x1ea3;ng &#x111;i&#x1ec1;u khi&#x1ec3;n?</td>\r\n</tr>\r\n<tr>\r\n<td>&#xa0;</td>\r\n<td>N&#xf3; l&#xe0; kho&#x1ea3;ng 1 kg-1.9 kg m&#x1ed7;i m&#xe9;t vu&#xf4;ng</td>\r\n</tr>\r\n<tr>\r\n<td>Q3</td>\r\n<td>L&#xe0; n&#xf3; ch&#x1ed1;ng ch&#xe1;y?</td>\r\n</tr>\r\n<tr>\r\n<td>&#xa0;</td>\r\n<td>N&#x1ebf;u b&#x1ea1;n c&#x1ea7;n, ch&#xfa;ng t&#xf4;i c&#xf3; th&#x1ec3; l&#xe0;m cho h&#x1ecd; &#x111;&#x1ec3; ch&#x1ed1;ng ch&#xe1;y, c&#xf3; th&#x1ec3; &#x111;&#x1ea1;t &#x111;&#x1b0;&#x1ee3;c B1 m&#x1ee9;c &#x111;&#x1ed9;.</td>\r\n</tr>\r\n<tr>\r\n<td>Q4</td>\r\n<td>L&#xe0;m th&#x1ebf; n&#xe0;o &#x111;&#x1ec3; c&#xe0;i &#x111;&#x1eb7;t?</td>\r\n</tr>\r\n<tr>\r\n<td>&#xa0;</td>\r\n<td>N&#xf3; l&#xe0; r&#x1ea5;t d&#x1ec5; d&#xe0;ng &#x111;&#x1ec3; c&#xe0;i &#x111;&#x1eb7;t. B&#x1ea1;n ch&#x1ec9; c&#x1ea7;n s&#x1eed; d&#x1ee5;ng keo &#x111;&#x1ec3; d&#xed;nh v&#xe0;o n&#xf3; tr&#xea;n c&#xe1;c b&#x1ee9;c t&#x1b0;&#x1edd;ng.</td>\r\n</tr>\r\n<tr>\r\n<td>Q5</td>\r\n<td>T&#xf4;i c&#xf3; th&#x1ec3; c&#x1eaf;t B&#x1ea3;ng &#x111;i&#x1ec1;u khi&#x1ec3;n?</td>\r\n</tr>\r\n<tr>\r\n<td>&#xa0;</td>\r\n<td>C&#xf3;, b&#x1ea1;n c&#xf3; th&#x1ec3; s&#x1eed; d&#x1ee5;ng h&#xec;nh n&#x1ec1;n knief &#x111;&#x1ec3; c&#x1eaf;t b&#x1ea3;ng &#x111;i&#x1ec1;u khi&#x1ec3;n.</td>\r\n</tr>\r\n<tr>\r\n<td>Q6</td>\r\n<td>Nh&#x1eef;ng G&#xec; lo&#x1ea1;i c&#x1ee7;a keo t&#xf4;i ph&#x1ea3;i s&#x1eed; d&#x1ee5;ng?</td>\r\n</tr>\r\n<tr>\r\n<td>&#xa0;</td>\r\n<td>T&#x1ea5;t c&#x1ea3; x&#xe2;y d&#x1ef1;ng keo l&#xe0; OK, c&#xe1;c th&#x1b0;&#x1a1;ng hi&#x1ec7;u Ch&#xfa;ng t&#xf4;i s&#x1eed; d&#x1ee5;ng l&#xe0;: Titebond.</td>\r\n</tr>\r\n<tr>\r\n<td>Q7</td>\r\n<td>Nh&#x1eef;ng G&#xec; lo&#x1ea1;i c&#x1ee7;a s&#x1a1;n t&#xf4;i ph&#x1ea3;i s&#x1eed; d&#x1ee5;ng?</td>\r\n</tr>\r\n<tr>\r\n<td>&#xa0;</td>\r\n<td>C&#x1a1; s&#x1edf; d&#x1ea7;u s&#x1a1;n ho&#x1eb7;c s&#x1a1;n g&#x1ed1;c n&#x1b0;&#x1edb;c s&#x1a1;n.</td>\r\n</tr>\r\n<tr>\r\n<td>Q8</td>\r\n<td>L&#xe0;m th&#x1ebf; n&#xe0;o &#x111;&#x1ec3; &#x111;&#x1ed1;i ph&#xf3; v&#x1edb;i c&#xe1;c kh&#x1edb;p n&#x1ed1;i?</td>\r\n</tr>\r\n<tr>\r\n<td>&#xa0;</td>\r\n<td data-spm-anchor-id=\"a2700.md_vi_VN.pronpeci14.i5.67866f5bLuOQQz\">Kh&#x1edb;p c&#xf3; th&#x1ec3; &#x111;&#x1b0;&#x1ee3;c ho&#xe0;n th&#xe0;nh v&#x1edb;i paintable Silicone ho&#x1eb7;c g&#x1ed7; m&#xe0;u tr&#x1eaf;ng ph&#x1ee5;. V&#xe0; sau &#x111;&#xf3; s&#x1a1;n.</td>\r\n</tr>\r\n</tbody>\r\n</table>\r\n</div>\n                                                    </div>\n                    </div>",
	"supplier": "DAISAN",
	"url_supplier": "https://b2b.daisan.vn"
}