{
	"url": "https://b2b.daisan.vn/gach-bong-men-op-lat-20x20cm-nt2200-756503.html",
	"title": "Gạch bông men ốp lát 20x20cm NT2200",
	"description": "Bảo vệ cho sản phẩm này\n                                    \n                                        Giao hàng qua Daisan Logistics\n                                        \n                                        Dự kiến ​​đơn hàng của bạn sẽ được giao trước ngày dự kiến ​​hoặc nhận khoản bồi thường chậm trễ 10%\n                                    \n                                    \n                                        Thanh toán an toàn\n\n                                        \n                                        Mọi khoản thanh toán bạn thực hiện trên Daisan.vn đều được ...\n                                    \n                                    \n                                        Chính sách hoàn tiền\n\n                                        \n                                        Yêu cầu hoàn lại tiền nếu đơn đặt hàng của bạn không được vận chuyển, bị thiếu hoặc giao đến có vấn đề về sản phẩm",
	"price": "330000",
	"sku": "DAISAN_GCH_1325",
	"thumbnail": "https://b2b.daisan.vn/site/upload/pages/28748/1670487123_9afdb01339ef137ea2f3fb1aa64a9024.jpeg",
	"images": [
		"https://b2b.daisan.vn/site/upload/pages/28748/1670487123_9afdb01339ef137ea2f3fb1aa64a9024.jpeg",
		"https://b2b.daisan.vn/site/upload/pages/28748/1670486244_9afdb01339ef137ea2f3fb1aa64a9024.jpeg",
		"https://b2b.daisan.vn/site/upload/pages/28748/1670486331_9afdb01339ef137ea2f3fb1aa64a9024.jpeg",
		"https://b2b.daisan.vn/site/upload/pages/28748/1670486434_9afdb01339ef137ea2f3fb1aa64a9024.jpeg",
		"https://b2b.daisan.vn/site/upload/pages/28748/1670486508_9afdb01339ef137ea2f3fb1aa64a9024.jpeg",
		"https://b2b.daisan.vn/site/upload/pages/28748/1670486564_9afdb01339ef137ea2f3fb1aa64a9024.jpeg",
		"https://b2b.daisan.vn/site/upload/pages/28748/1670486706_9afdb01339ef137ea2f3fb1aa64a9024.jpeg",
		"https://b2b.daisan.vn/site/upload/pages/28748/1670486786_9afdb01339ef137ea2f3fb1aa64a9024.jpeg",
		"https://b2b.daisan.vn/site/upload/pages/28748/1670486847_9afdb01339ef137ea2f3fb1aa64a9024.jpeg",
		"https://b2b.daisan.vn/site/upload/pages/28748/1670486888_9afdb01339ef137ea2f3fb1aa64a9024.jpeg",
		"https://b2b.daisan.vn/site/upload/pages/28748/1670486935_9afdb01339ef137ea2f3fb1aa64a9024.jpeg",
		"https://b2b.daisan.vn/site/upload/pages/28748/1670487027_9afdb01339ef137ea2f3fb1aa64a9024.jpeg",
		"https://b2b.daisan.vn/site/upload/pages/28748/1670487183_9afdb01339ef137ea2f3fb1aa64a9024.jpeg",
		"https://b2b.daisan.vn/site/upload/pages/28748/1670487236_9afdb01339ef137ea2f3fb1aa64a9024.jpeg",
		"https://b2b.daisan.vn/site/upload/pages/28748/1670487301_9afdb01339ef137ea2f3fb1aa64a9024.jpeg",
		"https://b2b.daisan.vn/site/upload/pages/28748/1670487431_9afdb01339ef137ea2f3fb1aa64a9024.jpeg"
	],
	"content": "\n<style>\nfont-family: 'Segoe UI', Arial, sans-serif;\n    background: #fff;\n    color: #222;\n    padding: 20px;\n    max-width: 900px;\n    margin: 0 auto;\n    line-height: 1.6;\n</style>\n<div class=\"unknown-content-root\">\n                        <h3 id=\"more-detail\">M&#xf4; t&#x1ea3; s&#x1ea3;n ph&#x1ea9;m t&#x1eeb; nh&#xe0; cung c&#x1ea5;p</h3>\n                        <div class=\"description-info pb-2\">\n                            <h3>M&#xf4; t&#x1ea3; s&#x1ea3;n ph&#x1ea9;m</h3>\n                            <h2 style=\"-webkit-tap-highlight-color: rgba(0, 0, 0, 0); box-sizing: border-box; margin: 20px 0px 10px; color: #333333; font-size: 22px; font-family: MuseoSansBlack, Arial, sans-serif; background-color: #ffffff;\"><span style=\"-webkit-tap-highlight-color: rgba(0, 0, 0, 0); box-sizing: border-box;\">&#x1af;u &#x111;i&#x1ec3;m g&#x1ea1;ch b&#xf4;ng G&#x1ea1;ch B&#xf4;ng Men Vu&#xf4;ng 20x20cm NT2200</span></h2>\r\n<p style=\"-webkit-tap-highlight-color: rgba(0, 0, 0, 0); box-sizing: border-box; color: #333333; font-family: &apos;Segoe UI&apos;, sans-serif; font-size: 16px; margin: 0px; padding: 6px 0px; letter-spacing: 0.007px; background-color: #ffffff;\"><span style=\"-webkit-tap-highlight-color: rgba(0, 0, 0, 0); box-sizing: border-box;\">- G&#x1ea1;ch b&#xf4;ng c&#xf3; &#x111;&#x1ed9; b&#x1ec1;n cao<br style=\"-webkit-tap-highlight-color: rgba(0, 0, 0, 0); box-sizing: border-box;\">-&#xa0;Kh&#x1ea3; n&#x103;ng ch&#x1ed1;ng ch&#xe1;y, c&#xe1;ch nhi&#x1ec7;t t&#x1ed1;t<br style=\"-webkit-tap-highlight-color: rgba(0, 0, 0, 0); box-sizing: border-box;\">-&#xa0;Chi ph&#xed; s&#x1ea3;n xu&#x1ea5;t v&#xe0; thi c&#xf4;ng kh&#xe1; r&#x1ebb;<br style=\"-webkit-tap-highlight-color: rgba(0, 0, 0, 0); box-sizing: border-box;\">-&#xa0;T&#xed;nh th&#x1ea9;m m&#x1ef9; cao, &#x111;a d&#x1ea1;ng v&#x1ec1; m&#xe0;u s&#x1eaf;c, thi&#x1ebf;t k&#x1ebf;<br style=\"-webkit-tap-highlight-color: rgba(0, 0, 0, 0); box-sizing: border-box;\">-&#xa0;D&#x1ec5; d&#xe0;ng thay th&#x1ebf; khi x&#x1ea3;y ra h&#x1b0; h&#x1ecf;ng<br style=\"-webkit-tap-highlight-color: rgba(0, 0, 0, 0); box-sizing: border-box;\">-&#xa0;T&#xed;nh an to&#xe0;n cao, th&#xe2;n thi&#x1ec7;n v&#x1edb;i m&#xf4;i tr&#x1b0;&#x1edd;ng<br style=\"-webkit-tap-highlight-color: rgba(0, 0, 0, 0); box-sizing: border-box;\">-&#xa0;D&#x1ec5; lau ch&#xf9;i, v&#x1ec7; sinh&#xa0;</span></p>\r\n<p style=\"-webkit-tap-highlight-color: rgba(0, 0, 0, 0); box-sizing: border-box; color: #333333; font-family: &apos;Segoe UI&apos;, sans-serif; font-size: 16px; margin: 0px; padding: 6px 0px; letter-spacing: 0.007px; background-color: #ffffff;\">&#xa0;</p>\n                                                    </div>\n                    </div>",
	"supplier": "DAISAN",
	"url_supplier": "https://b2b.daisan.vn"
}