{
	"url": "https://b2b.daisan.vn/gach-the-op-tuong-trung-quoc-45X145-mm-1438-1447-376216.html",
	"title": "GẠCH THẺ ỐP TƯỜNG TRUNG QUỐC 45X145 MM 1438-1447",
	"description": "Bảo vệ cho sản phẩm này\n                                    \n                                        Giao hàng qua Daisan Logistics\n                                        \n                                        Dự kiến ​​đơn hàng của bạn sẽ được giao trước ngày dự kiến ​​hoặc nhận khoản bồi thường chậm trễ 10%\n                                    \n                                    \n                                        Thanh toán an toàn\n\n                                        \n                                        Mọi khoản thanh toán bạn thực hiện trên Daisan.vn đều được ...\n                                    \n                                    \n                                        Chính sách hoàn tiền\n\n                                        \n                                        Yêu cầu hoàn lại tiền nếu đơn đặt hàng của bạn không được vận chuyển, bị thiếu hoặc giao đến có vấn đề về sản phẩm",
	"price": "113000",
	"sku": "DAISAN_GCH_3906",
	"thumbnail": "https://b2b.daisan.vn/site/upload/pages/16863/1550889490_9afdb01339ef137ea2f3fb1aa64a9024.jpeg",
	"images": [
		"https://b2b.daisan.vn/site/upload/pages/16863/1550889490_9afdb01339ef137ea2f3fb1aa64a9024.jpeg",
		"https://b2b.daisan.vn/site/upload/pages/16863/1550889776_9afdb01339ef137ea2f3fb1aa64a9024.jpeg",
		"https://b2b.daisan.vn/site/upload/pages/16863/1550887795_9afdb01339ef137ea2f3fb1aa64a9024.jpeg",
		"https://b2b.daisan.vn/site/upload/pages/16863/1550888111_9afdb01339ef137ea2f3fb1aa64a9024.jpeg",
		"https://b2b.daisan.vn/site/upload/pages/16863/1550889306_9afdb01339ef137ea2f3fb1aa64a9024.jpeg",
		"https://b2b.daisan.vn/site/upload/pages/16863/1550888446_9afdb01339ef137ea2f3fb1aa64a9024.jpeg",
		"https://b2b.daisan.vn/site/upload/pages/16863/1698548230_7a0f97400f33bc83463d644fb09824c0.webp"
	],
	"content": "\n<style>\nfont-family: 'Segoe UI', Arial, sans-serif;\n    background: #fff;\n    color: #222;\n    padding: 20px;\n    max-width: 900px;\n    margin: 0 auto;\n    line-height: 1.6;\n</style>\n<div class=\"unknown-content-root\">\n                        <h3 id=\"more-detail\">M&#xf4; t&#x1ea3; s&#x1ea3;n ph&#x1ea9;m t&#x1eeb; nh&#xe0; cung c&#x1ea5;p</h3>\n                        <div class=\"description-info pb-2\">\n                            <h3>M&#xf4; t&#x1ea3; s&#x1ea3;n ph&#x1ea9;m</h3>\n                            <div>\r\n<p>G&#x1ea1;ch th&#x1ebb; ngo&#x1ea1;i th&#x1ea5;t&#xa0;1438 - 1447</p>\r\n<p>- Nh&#x1ead;p kh&#x1ea9;u Trung Qu&#x1ed1;c</p>\r\n<p>-&#xa0;Xu&#x1ea5;t x&#x1ee9;: Ph&#xfa;c Ki&#x1ebf;n,&#xa0;Trung Qu&#x1ed1;c</p>\r\n<p>- Nh&#xe0; cung c&#x1ea5;p:&#xa0;Leiyuan Building Material Co., Ltd.&#xa0;&#xa0;</p>\r\n<p>- V&#x1ead;n chuy&#x1ec3;n mi&#x1ec5;n ph&#xed; n&#x1ed9;i th&#xe0;nh v&#x1edb;i &#x111;&#x1a1;n h&#xe0;ng t&#x1eeb; 5 tri&#x1ec7;u tr&#x1edf; l&#xea;n</p>\r\n</div>\r\n<div class=\"description\">\r\n<p>&#xa0;</p>\r\n<p>&#xa0;</p>\r\n<p><img src=\"http://daisan.com.vn/uploads/ck_upload/images/HL/555565884_659.jpg\" alt></p>\r\n<p>&#xa0;</p>\r\n<p>&#xa0;</p>\r\n<p>- K&#xed;ch th&#x1b0;&#x1edb;c 45x 145 mm</p>\r\n<p>- T&#x1ef7; l&#x1ec7; h&#x1ea5;p th&#x1ee5;&#xa0;3%</p>\r\n<p>- T&#xed;nh n&#x103;ng: C&#xe1;ch nhi&#x1ec7;t, ch&#x1ecb;u n&#xf3;ng</p>\r\n<p>- T&#xea;n h&#xe3;ng :Leiyuan, Leiyuan</p>\r\n<p>- M&#xe0;u s&#x1eaf;c: &#x110;a d&#x1ea1;ng</p>\r\n<p>&#xa0;</p>\r\n</div>\n                                                    </div>\n                    </div>",
	"supplier": "DAISAN",
	"url_supplier": "https://b2b.daisan.vn"
}