{
	"url": "https://b2b.daisan.vn/gach-op-tuong-kt-300x600mm-nhc818-1613134.html",
	"title": "Gạch ốp tường KT 300x600mm NHC818",
	"description": "Bảo vệ cho sản phẩm này\n                                    \n                                        Giao hàng qua Daisan Logistics\n                                        \n                                        Dự kiến ​​đơn hàng của bạn sẽ được giao trước ngày dự kiến ​​hoặc nhận khoản bồi thường chậm trễ 10%\n                                    \n                                    \n                                        Thanh toán an toàn\n\n                                        \n                                        Mọi khoản thanh toán bạn thực hiện trên Daisan.vn đều được ...\n                                    \n                                    \n                                        Chính sách hoàn tiền\n\n                                        \n                                        Yêu cầu hoàn lại tiền nếu đơn đặt hàng của bạn không được vận chuyển, bị thiếu hoặc giao đến có vấn đề về sản phẩm",
	"price": "290000",
	"sku": "DAISAN_GCH_1886",
	"thumbnail": "https://b2b.daisan.vn/site/upload/pages/28814/1730105452_99028.jpeg",
	"images": [
		"https://b2b.daisan.vn/site/upload/pages/28814/1730105452_99028.jpeg",
		"https://b2b.daisan.vn/site/upload/pages/28814/1730105456_91897.jpeg",
		"https://b2b.daisan.vn/site/upload/pages/28814/1730105470_21515.jpeg",
		"https://b2b.daisan.vn/site/upload/pages/28814/1743576859_51365.jpeg",
		"https://b2b.daisan.vn/site/upload/pages/28814/1730111056_35913.jpeg",
		"https://b2b.daisan.vn/site/upload/pages/28814/1699602342_1bb09edeecdea3b676b64b6139d0befb.webp",
		"https://b2b.daisan.vn/site/upload/pages/28814/1743576747_30134.jpeg",
		"https://b2b.daisan.vn/site/upload/pages/28814/1730110981_57569.jpeg",
		"https://b2b.daisan.vn/site/upload/pages/28814/1699602340_0393f0a0c2a204f8688849dbb1158960.webp",
		"https://b2b.daisan.vn/site/upload/pages/28814/1743576643_31762.jpeg",
		"https://b2b.daisan.vn/site/upload/pages/28814/1730110894_58548.jpeg",
		"https://b2b.daisan.vn/site/upload/pages/28814/1699602338_00be272bc435b7116f11f8798cf394c8.webp",
		"https://b2b.daisan.vn/site/upload/pages/28814/1743576423_50142.jpeg",
		"https://b2b.daisan.vn/site/upload/pages/28814/1730110802_56241.jpeg",
		"https://b2b.daisan.vn/site/upload/pages/28814/1699602336_a9921251e67c583d45f90b546bb324b9.webp",
		"https://b2b.daisan.vn/site/upload/pages/28814/1699602334_d7cc081e23eebbfe1515fb7c763aedb3.webp",
		"https://b2b.daisan.vn/site/upload/pages/28814/1743576319_36341.jpeg",
		"https://b2b.daisan.vn/site/upload/pages/28814/1730110710_45879.jpeg"
	],
	"content": "\n<style>\nfont-family: 'Segoe UI', Arial, sans-serif;\n    background: #fff;\n    color: #222;\n    padding: 20px;\n    max-width: 900px;\n    margin: 0 auto;\n    line-height: 1.6;\n</style>\n<div class=\"unknown-content-root\">\n                        <h3 id=\"more-detail\">M&#xf4; t&#x1ea3; s&#x1ea3;n ph&#x1ea9;m t&#x1eeb; nh&#xe0; cung c&#x1ea5;p</h3>\n                        <div class=\"description-info pb-2\">\n                            <h3>M&#xf4; t&#x1ea3; s&#x1ea3;n ph&#x1ea9;m</h3>\n                            <h2><strong>G&#x1ea1;ch &#x1ed1;p t&#x1b0;&#x1edd;ng cao c&#x1ea5;p nh&#x1ead;p kh&#x1ea9;u men b&#xf3;ng 300x600mm&#xa0;</strong>NHC818</h2>\r\n<table class=\"table table-bordered\">\r\n<tbody>\r\n<tr>\r\n<th>K&#xed;ch th&#x1b0;&#x1edb;c</th>\r\n<td>300x600mm</td>\r\n</tr>\r\n<tr>\r\n<th>M&#xe0;u s&#x1eaf;c</th>\r\n<td>Xanh</td>\r\n</tr>\r\n<tr>\r\n<th>Ch&#x1ea5;t li&#x1ec7;u g&#x1ea1;ch</th>\r\n<td>Ceramic</td>\r\n</tr>\r\n<tr>\r\n<th>Lo&#x1ea1;i men</th>\r\n<td>Men b&#xf3;ng</td>\r\n</tr>\r\n<tr>\r\n<th>B&#x1ec1; m&#x1eb7;t</th>\r\n<td>B&#xf3;ng</td>\r\n</tr>\r\n<tr>\r\n<th>Quy c&#xe1;ch</th>\r\n<td>08 Vi&#xea;n/H&#x1ed9;p = 1.44m2</td>\r\n</tr>\r\n<tr>\r\n<th>&#x1ee8;ng d&#x1ee5;ng</th>\r\n<td>&#x1ed0;p t&#x1b0;&#x1edd;ng, &#x1ed0;p m&#x1eb7;t ti&#x1ec1;n, &#x1ed0;p h&#xe0;nh lang, &#x1ed0;p b&#x1ebf;p</td>\r\n</tr>\r\n</tbody>\r\n</table>\r\n<h2><strong>G&#x1ea1;ch &#x1ed1;p t&#x1b0;&#x1edd;ng cao c&#x1ea5;p nh&#x1ead;p kh&#x1ea9;u&#xa0;300x600mm:</strong></h2>\r\n<p style=\"text-align: justify;\">- G&#x1ea1;ch &#x1ed1;p t&#x1b0;&#x1edd;ng cao c&#x1ea5;p nh&#x1ead;p kh&#x1ea9;u 300x600mm l&#xe0; lo&#x1ea1;i g&#x1ea1;ch cao c&#x1ea5;p s&#x1eed; d&#x1ee5;ng c&#xf4;ng ngh&#x1ec7; in k&#x1ef9; thu&#x1ead;t s&#x1ed1; hi&#x1ec7;n &#x111;&#x1ea1;i, ch&#x1ecb;u l&#x1ef1;c cao, ch&#x1ed1;ng x&#x1b0;&#x1edb;c, ch&#x1ed1;ng nhi&#x1ec7;t, ch&#x1ed1;ng b&#xe1;m b&#x1ea9;n, ch&#x1ed1;ng n&#x1ea5;m m&#x1ed1;c, &#x111;&#x1ed9; h&#xfa;t n&#x1b0;&#x1edb;c nh&#x1ecf; h&#x1a1;n 0,5%. &#x110;em &#x111;&#x1ebf;n v&#x1ebb; &#x111;&#x1eb9;p t&#x1ef1; nhi&#xea;n, s&#x1ef1; sang tr&#x1ecd;ng v&#xe0; s&#x1eaf;c m&#xe0;u t&#x1b0;&#x1a1;i m&#x1edb;i cho nh&#x1eef;ng kh&#xf4;ng gian r&#x1ed9;ng m&#x1edf;. S&#x1ea3;n ph&#x1ea9;m th&#xed;ch h&#x1ee3;p d&#xf9;ng l&#xe0;m g&#x1ea1;ch l&#xe1;t n&#x1ec1;n, g&#x1ea1;ch &#x1ed1;p t&#x1b0;&#x1edd;ng, g&#x1ea1;ch &#x1ed1;p m&#x1eb7;t ti&#x1ec1;n, g&#x1ea1;ch &#x1ed1;p h&#xe0;nh lang&#x2026;.<br>- S&#x1eed; d&#x1ee5;ng c&#xf4;ng ngh&#x1ec7; in k&#x1ef9; thu&#x1ead;t s&#x1ed1; 3d hi&#x1ec7;n &#x111;&#x1ea1;i.<br>- Ch&#x1ecb;u l&#x1ef1;c t&#x1ed1;t, ch&#x1ed1;ng x&#x1b0;&#x1edb;c, ch&#x1ed1;ng b&#xe1;m b&#x1ea9;n v&#xe0; ch&#x1ed1;ng n&#x1ea5;m m&#x1ed1;c.<br>- &#x110;&#x1ed9; h&#xfa;t n&#x1b0;&#x1edb;c th&#x1ea5;p h&#x1a1;n 0,5%.<br>- Th&#xe2;n thi&#x1ec7;n v&#x1edb;i m&#xf4;i tr&#x1b0;&#x1edd;ng v&#xe0; an to&#xe0;n cho ng&#x1b0;&#x1edd;i s&#x1eed; d&#x1ee5;ng.</p>\r\n<h2><strong>&#x110;&#x1eb7;c &#x111;i&#x1ec3;m n&#x1ed5;i b&#x1ead;t c&#x1ee7;a g&#x1ea1;ch &#x1ed1;p t&#x1b0;&#x1edd;ng 300x600mm:</strong></h2>\r\n<p>- &#x110;&#x1ed9; b&#x1ec1;n cao, b&#x1ec1; m&#x1eb7;t ch&#x1ecb;u l&#x1ef1;c t&#x1ed1;t ch&#x1ed1;ng b&#xe1;m b&#x1ea9;n, thi c&#xf4;ng nhanh. S&#x1ea3;n ph&#x1ea9;m &#x111;&#x1b0;&#x1ee3;c nh&#x1ead;p kh&#x1ea9;u nguy&#xea;n &#x111;ai, nguy&#xea;n ki&#x1ec7;n tr&#x1ef1;c ti&#x1ebf;p t&#x1eeb; Trung Qu&#x1ed1;c v&#x1ec1; Vi&#x1ec7;t Nam.<br>- C&#xf3; &#x111;&#x1ed9; b&#x1ec1;n m&#xe0;u cao, &#x111;&#x1b0;&#x1ee3;c s&#x1ea3;n xu&#x1ea5;t tr&#xea;n quy tr&#xec;nh ki&#x1ec3;m &#x111;&#x1ecb;nh nghi&#xea;m ng&#x1eb7;t qua c&#xe1;c kh&#xe2;u trong qu&#xe1; tr&#xec;nh s&#x1ea3;n xu&#x1ea5;t t&#x1eeb; l&#x1ef1;a ch&#x1ecd;n nguy&#xea;n li&#x1ec7;u l&#xe0;m x&#x1b0;&#x1a1;ng g&#x1ea1;ch cho t&#x1edb;i tr&#xe1;ng men th&#xe0;nh ph&#x1ea9;m.<br>- Do g&#x1ea1;ch &#x111;&#x1b0;&#x1ee3;c nung tr&#xea;n nhi&#x1ec7;t &#x111;&#x1ed9; 1200 &#x111;&#x1ed9; C n&#xea;n c&#xf3; k&#x1ebf;t c&#x1ea5;u n&#xe9;n ch&#x1eb7;t h&#x1ea7;u nh&#x1b0; kh&#xf4;ng h&#xfa;t n&#x1b0;&#x1edb;c. V&#xe0; khi th&#x1ef1;c nghi&#x1ec7;m ng&#xe2;m trong n&#x1b0;&#x1edb;c 24h, th&#x1ea5;y &#x111;&#x1ed9; h&#xfa;t n&#x1b0;&#x1edb;c l&#xe0; d&#x1b0;&#x1edb;i 1% th&#x1ead;t l&#xe0; tuy&#x1ec7;t v&#x1edd;i.<br>- M&#xe0;u s&#x1eaf;c tinh t&#x1ebf; s&#x1ed1;ng &#x111;&#x1ed9;ng v&#x1ec1; m&#xe0;u s&#x1eaf;c mang kh&#xf4;ng gian th&#x1b0; gi&#xe3;n.<br>- Thi&#x1ebf;t k&#x1ebf; thanh l&#x1ecb;ch, hi&#x1ec7;n &#x111;&#x1ea1;i v&#xe0; sang tr&#x1ecd;ng mang t&#xed;nh xu h&#x1b0;&#x1edb;ng hi&#x1ec7;n nay.</p>\n                                                    </div>\n                    </div>",
	"supplier": "DAISAN",
	"url_supplier": "https://b2b.daisan.vn"
}