{
	"url": "https://b2b.daisan.vn/gach-men-3d-chong-tham-op-tuong-phong-tam-250x400mm-mau-nau-469626.html",
	"title": "Gạch men 3D chống thấm ốp tường phòng tắm 250x400mm màu nâu",
	"description": "Bảo vệ cho sản phẩm này\n                                    \n                                        Giao hàng qua Daisan Logistics\n                                        \n                                        Dự kiến ​​đơn hàng của bạn sẽ được giao trước ngày dự kiến ​​hoặc nhận khoản bồi thường chậm trễ 10%\n                                    \n                                    \n                                        Thanh toán an toàn\n\n                                        \n                                        Mọi khoản thanh toán bạn thực hiện trên Daisan.vn đều được ...\n                                    \n                                    \n                                        Chính sách hoàn tiền\n\n                                        \n                                        Yêu cầu hoàn lại tiền nếu đơn đặt hàng của bạn không được vận chuyển, bị thiếu hoặc giao đến có vấn đề về sản phẩm",
	"price": "102000",
	"sku": "DAISAN_GCH_9040",
	"thumbnail": "https://b2b.daisan.vn/site/upload/pages/25061/1593425822_9afdb01339ef137ea2f3fb1aa64a9024.jpeg",
	"images": [
		"https://b2b.daisan.vn/site/upload/pages/25061/1593425822_9afdb01339ef137ea2f3fb1aa64a9024.jpeg",
		"https://b2b.daisan.vn/site/upload/pages/25061/1593425826_9afdb01339ef137ea2f3fb1aa64a9024.jpeg",
		"https://b2b.daisan.vn/site/upload/pages/25061/1593425828_9afdb01339ef137ea2f3fb1aa64a9024.jpeg",
		"https://b2b.daisan.vn/site/upload/pages/25061/1593425830_9afdb01339ef137ea2f3fb1aa64a9024.jpeg",
		"https://b2b.daisan.vn/site/upload/pages/25061/1593425832_9afdb01339ef137ea2f3fb1aa64a9024.jpeg",
		"https://b2b.daisan.vn/site/upload/pages/25061/1593425834_9afdb01339ef137ea2f3fb1aa64a9024.jpeg",
		"https://b2b.daisan.vn/site/upload/pages/25061/1594457426_9afdb01339ef137ea2f3fb1aa64a9024.jpeg",
		"https://b2b.daisan.vn/site/upload/pages/25061/1594434103_9afdb01339ef137ea2f3fb1aa64a9024.jpeg",
		"https://b2b.daisan.vn/site/upload/pages/25061/1594288567_9afdb01339ef137ea2f3fb1aa64a9024.jpeg",
		"https://b2b.daisan.vn/site/upload/pages/25061/1593855280_9afdb01339ef137ea2f3fb1aa64a9024.jpeg",
		"https://b2b.daisan.vn/site/upload/pages/25061/1593832584_9afdb01339ef137ea2f3fb1aa64a9024.jpeg",
		"https://b2b.daisan.vn/site/upload/pages/25061/1593764216_9afdb01339ef137ea2f3fb1aa64a9024.jpeg",
		"https://b2b.daisan.vn/site/upload/pages/25061/1593658369_9afdb01339ef137ea2f3fb1aa64a9024.jpeg",
		"https://b2b.daisan.vn/site/upload/pages/25061/1593574390_9afdb01339ef137ea2f3fb1aa64a9024.jpeg",
		"https://b2b.daisan.vn/site/upload/pages/25061/1593506208_9afdb01339ef137ea2f3fb1aa64a9024.jpeg",
		"https://b2b.daisan.vn/site/upload/pages/25061/1593415982_9afdb01339ef137ea2f3fb1aa64a9024.jpeg",
		"https://b2b.daisan.vn/site/upload/pages/25061/1590415141_9afdb01339ef137ea2f3fb1aa64a9024.jpeg",
		"https://b2b.daisan.vn/site/upload/pages/25061/1594527390_9afdb01339ef137ea2f3fb1aa64a9024.jpeg",
		"https://b2b.daisan.vn/site/upload/pages/25061/1594457229_9afdb01339ef137ea2f3fb1aa64a9024.jpeg",
		"https://b2b.daisan.vn/site/upload/pages/25061/1594433875_9afdb01339ef137ea2f3fb1aa64a9024.jpeg",
		"https://b2b.daisan.vn/site/upload/pages/25061/1594288381_9afdb01339ef137ea2f3fb1aa64a9024.jpeg"
	],
	"content": "\n<style>\nfont-family: 'Segoe UI', Arial, sans-serif;\n    background: #fff;\n    color: #222;\n    padding: 20px;\n    max-width: 900px;\n    margin: 0 auto;\n    line-height: 1.6;\n</style>\n<div class=\"unknown-content-root\">\n                        <h3 id=\"more-detail\">M&#xf4; t&#x1ea3; s&#x1ea3;n ph&#x1ea9;m t&#x1eeb; nh&#xe0; cung c&#x1ea5;p</h3>\n                        <div class=\"description-info pb-2\">\n                            <h3>M&#xf4; t&#x1ea3; s&#x1ea3;n ph&#x1ea9;m</h3>\n                            <div>\r\n<div style=\"text-align: left;\" data-spm-anchor-id=\"a2700.md_vi_VN.pronpeci14.i3.3c026b3e4zniG1\"><strong>G&#x1ea1;ch men 3D ch&#x1ed1;ng th&#x1ea5;m &#x1ed1;p t&#x1b0;&#x1edd;ng ph&#xf2;ng t&#x1eaf;m 250x400mm m&#xe0;u n&#xe2;u&#xa0;</strong>l&#xe0; m&#x1ed9;t lo&#x1ea1;i g&#x1ea1;ch men &#x1ed1;p l&#xe1;t kh&#xe1; th&#xf4;ng d&#x1ee5;ng s&#x1eed; d&#x1ee5;ng &#x1ed1;p l&#xe1;t ph&#xf2;ng t&#x1eaf;m v&#xec; g&#x1ea1;ch c&#xf3; kh&#x1ea3; n&#x103;ng ch&#x1ed1;ng th&#x1ea5;m tuy&#x1ec7;t &#x111;&#x1ed1;i , b&#xea;n c&#x1ea1;nh &#x111;&#xf3; m&#x1eab;u m&#xe3; g&#x1ea1;ch c&#x169;ng kh&#xe1; &#x111;a d&#x1ea1;ng v&#xe0; gi&#xe1; c&#x1ea3; th&#xec; v&#x1eeb;a t&#xfa;i ti&#x1ec1;n.</div>\r\n<div style=\"text-align: left;\" data-spm-anchor-id=\"a2700.md_vi_VN.pronpeci14.i3.3c026b3e4zniG1\">&#xa0;</div>\r\n<div style=\"text-align: left;\" data-spm-anchor-id=\"a2700.md_vi_VN.pronpeci14.i3.3c026b3e4zniG1\"><strong>&#x1af;u &#x111;i&#x1ec3;m g&#x1ea1;ch men</strong></div>\r\n<div style=\"text-align: left;\" data-spm-anchor-id=\"a2700.md_vi_VN.pronpeci14.i3.3c026b3e4zniG1\">&#xa0;</div>\r\n<div style=\"text-align: left;\" data-spm-anchor-id=\"a2700.md_vi_VN.pronpeci14.i3.3c026b3e4zniG1\">\r\n<div><strong>1. Ch&#x1ecb;u l&#x1ef1;c t&#x1ed1;t</strong></div>\r\n<div>&#xa0;</div>\r\n<div>&#x1af;u &#x111;i&#x1ec3;m n&#x1ed5;i tr&#x1ed9;i nh&#x1ea5;t c&#x1ee7;a g&#x1ea1;ch &#x111;&#xf3; ch&#xed;nh l&#xe0; kh&#x1ea3; n&#x103;ng ch&#x1ecb;u l&#x1ef1;c r&#x1ea5;t t&#x1ed1;t. Do l&#x1edb;p x&#x1b0;&#x1a1;ng g&#x1ea1;ch &#x111;&#x1b0;&#x1ee3;c n&#xe9;n ch&#x1eb7;t n&#xea;n ch&#xfa;ng c&#xf3; th&#x1ec3; ch&#x1ecb;u &#x111;&#x1b0;&#x1ee3;c s&#x1ef1; t&#xe1;c &#x111;&#x1ed9;ng l&#x1edb;n. G&#x1ea1;ch c&#xf3; &#x111;&#x1ed9; b&#x1ec1;n cao c&#x169;ng nh&#x1b0; kh&#x1ea3; n&#x103;ng ch&#x1ed1;ng tr&#x1ea7;y x&#x1b0;&#x1edb;c ho&#xe0;n h&#x1ea3;o. Ph&#xf9; h&#x1ee3;p l&#xe0;m&#xa0;g&#x1ea1;ch l&#xe1;t n&#x1ec1;n&#xa0;khu v&#x1ef1;c nhi&#x1ec1;u ng&#x1b0;&#x1edd;i qua l&#x1ea1;i.</div>\r\n<div>&#xa0;</div>\r\n<div><strong>2. &#x110;&#x1ed9; ch&#x1ed1;ng th&#x1ea5;m n&#x1b0;&#x1edb;c tuy&#x1ec7;t &#x111;&#x1ed1;i</strong></div>\r\n<div>&#xa0;</div>\r\n<div>Kh&#x1ea3; n&#x103;ng ch&#x1ed1;ng th&#x1ea5;m n&#x1b0;&#x1edb;c c&#x1ee7;a g&#x1ea1;ch g&#x1ea7;n nh&#x1b0; tuy&#x1ec7;t &#x111;&#x1ed1;i, M&#x1ed9;t &#x1b0;u th&#x1ebf; tuy&#x1ec7;t v&#x1edd;i gi&#xfa;p s&#x1ea3;n ph&#x1ea9;m ng&#xe0;y c&#xe0;ng nh&#x1ead;n &#x111;&#x1b0;&#x1ee3;c s&#x1ef1; &#x1b0;a chu&#x1ed9;ng l&#x1edb;n t&#x1eeb; ng&#x1b0;&#x1edd;i ti&#xea;u d&#xf9;ng. Ch&#x1ed1;ng &#x1ea9;m t&#x1ed1;t h&#x1ea1;n ch&#x1ebf; s&#x1ef1; ph&#xe1;t tri&#x1ec3;n, l&#xe2;y lan c&#x1ee7;a n&#x1ea5;m m&#x1ed1;c, rong r&#xea;u. H&#xe3;y y&#xea;n t&#xe2;m s&#x1eed; d&#x1ee5;ng ch&#xfa;ng l&#xe0;m g&#x1ea1;ch &#x1ed1;p t&#x1b0;&#x1edd;ng cho n&#x1ed9;i, ngo&#x1ea1;i th&#x1ea5;t c&#xf4;ng tr&#xec;nh. Ngo&#xe0;i ra g&#x1ea1;ch c&#xf2;n kh&#xf3; b&#x1ecb; b&#xe1;m b&#x1ee5;i, d&#x1ec5; d&#xe0;ng v&#x1ec7; sinh.&#xa0;</div>\r\n<div>&#xa0;</div>\r\n<div><strong>3. &#x110;a d&#x1ea1;ng m&#x1eab;u m&#xe3;, k&#xed;ch th&#x1b0;&#x1edb;c</strong></div>\r\n<div>&#xa0;</div>\r\n<div>Thi&#x1ebf;t k&#x1ebf; m&#x1eab;u m&#xe3;, k&#xed;ch th&#x1b0;&#x1edb;c &#x111;a d&#x1ea1;ng, &#x111;&#x1b0;&#x1ee3;c &#x1ee9;ng d&#x1ee5;ng ph&#x1ed5; bi&#x1ebf;n &#x111;&#xe1;p &#x1ee9;ng nhi&#x1ec1;u nhu c&#x1ea7;u kh&#xe1;c nhau:</div>\r\n<ul>\r\n<li>Nh&#xe0; &#x1edf;: ph&#xf2;ng kh&#xe1;ch, ph&#xf2;ng t&#x1eaf;m, ph&#xf2;ng ng&#x1ee7;, nh&#xe0; b&#x1ebf;p, s&#xe2;n v&#x1b0;&#x1edd;n&#x2026;</li>\r\n<li>Trung t&#xe2;m th&#x1b0;&#x1a1;ng m&#x1ea1;i, si&#xea;u th&#x1ecb;.</li>\r\n<li>B&#x1ec7;nh vi&#x1ec7;n, tr&#x1b0;&#x1edd;ng h&#x1ecd;c.</li>\r\n<li>Kh&#xe1;ch s&#x1ea1;n, nh&#xe0; h&#xe0;ng &#x111;&#x1eb3;ng c&#x1ea5;p.</li>\r\n<li>Bi&#x1ec7;t th&#x1ef1; sang tr&#x1ecd;ng, hi&#x1ec7;n &#x111;&#x1ea1;i&#x2026;</li>\r\n</ul>\r\n<div><strong>4. Th&#x1ea9;m m&#x1ef9; cao</strong></div>\r\n<div>&#xa0;</div>\r\n<div>C&#xf4;ng ngh&#x1ec7; in 3D hi&#x1ec7;n &#x111;&#x1ea1;i t&#x1ea1;o h&#x1ecd;a ti&#x1ebf;t, v&#xe2;n g&#x1ea1;ch n&#x1ed5;i b&#x1ead;t, nh&#x1edd; v&#x1ead;y g&#x1ea1;ch c&#xf3; gi&#xe1; tr&#x1ecb; th&#x1ea9;m m&#x1ef9; cao. T&#x1eeb;ng vi&#xea;n g&#x1ea1;ch lu&#xf4;n ch&#xfa; tr&#x1ecd;ng &#x111;&#x1ebf;n s&#x1ef1; tinh t&#x1ebf;, trau chu&#x1ed1;t k&#x129; mang &#x111;&#x1ebf;n kh&#xf4;ng gian sang tr&#x1ecd;ng, hi&#x1ec7;n &#x111;&#x1ea1;i v&#xf4; c&#xf9;ng.&#xa0;</div>\r\n</div>\r\n<div style=\"text-align: center;\" data-spm-anchor-id=\"a2700.md_vi_VN.pronpeci14.i3.3c026b3e4zniG1\">&#xa0;</div>\r\n<div style=\"text-align: left;\" data-spm-anchor-id=\"a2700.md_vi_VN.pronpeci14.i3.3c026b3e4zniG1\">\r\n<div id=\"ali-anchor-AliMagic-0fljn1\" class=\"magic-0\" data-section=\"AliMagic-0fljn1\" data-section-title=\"Product Description\" data-spm-anchor-id=\"a2700.md_vi_VN.pronpeci14.i4.507f3984blFv0B\">T<strong>h&#xf4;ng tin s&#x1ea3;n ph&#x1ea9;m</strong></div>\r\n<div class=\"detail-decorate-json-renderer-container\">\r\n<div class=\"magic-1\">\r\n<div class=\"magic-2\">\r\n<div class=\"magic-3\">\r\n<div class=\"magic-4\">&#xa0;</div>\r\n</div>\r\n</div>\r\n</div>\r\n</div>\r\n<div class=\"ife-detail-decorate-table\">\r\n<table class=\"hight-light-first-column all magic-6\" style=\"width: 552px;\">\r\n<tbody>\r\n<tr style=\"height: 16px;\">\r\n<td style=\"height: 16px; width: 160px;\" colspan=\"1\" rowspan=\"1\">\r\n<div class=\"magic-7\"><strong data-spm-anchor-id=\"0.0.0.i4.152f4f05n2QVtV\">Lo&#x1ea1;t</strong></div>\r\n</td>\r\n<td style=\"height: 16px; width: 110px;\" colspan=\"1\" rowspan=\"1\">\r\n<div class=\"magic-8\">G&#x1ea1;ch &#x1ed0;p T&#x1b0;&#x1edd;ng</div>\r\n</td>\r\n<td style=\"height: 16px; width: 114px;\" colspan=\"1\" rowspan=\"1\">\r\n<div class=\"magic-9\"><strong data-spm-anchor-id=\"0.0.0.i6.152f4f05n2QVtV\">B&#x1ec1; m&#x1eb7;t</strong></div>\r\n</td>\r\n<td style=\"height: 16px; width: 140px;\" colspan=\"1\" rowspan=\"1\">\r\n<div class=\"magic-10\">Tr&#xe1;ng men</div>\r\n</td>\r\n</tr>\r\n<tr style=\"height: 16px;\">\r\n<td style=\"height: 16px; width: 160px;\" colspan=\"1\" rowspan=\"1\">\r\n<div class=\"magic-7\"><strong data-spm-anchor-id=\"0.0.0.i7.152f4f05n2QVtV\">Ch&#x1ea5;t li&#x1ec7;u</strong></div>\r\n</td>\r\n<td style=\"height: 16px; width: 110px;\" colspan=\"1\" rowspan=\"1\">\r\n<div class=\"magic-8\">S&#x1ee9; G&#x1ea1;ch</div>\r\n</td>\r\n<td style=\"height: 16px; width: 114px;\" colspan=\"1\" rowspan=\"1\">\r\n<div class=\"magic-9\"><strong data-spm-anchor-id=\"0.0.0.i8.152f4f05n2QVtV\">K&#xed;ch th&#x1b0;&#x1edb;c</strong></div>\r\n</td>\r\n<td style=\"height: 16px; width: 140px;\" colspan=\"1\" rowspan=\"1\">\r\n<div class=\"magic-10\">250x400</div>\r\n</td>\r\n</tr>\r\n<tr style=\"height: 16px;\">\r\n<td style=\"height: 16px; width: 160px;\" colspan=\"1\" rowspan=\"1\">\r\n<div class=\"magic-7\"><strong data-spm-anchor-id=\"0.0.0.i11.152f4f05n2QVtV\">&#x110;&#x1ed9; d&#xe0;y</strong></div>\r\n</td>\r\n<td style=\"height: 16px; width: 110px;\" colspan=\"1\" rowspan=\"1\">\r\n<div class=\"magic-8\">5.5mm ~ 6mm</div>\r\n</td>\r\n<td style=\"height: 16px; width: 114px;\" colspan=\"1\" rowspan=\"1\">\r\n<div class=\"magic-9\"><strong data-spm-anchor-id=\"0.0.0.i13.152f4f05n2QVtV\">N&#x1b0;&#x1edb;c H&#x1ea5;p Th&#x1ee5;</strong></div>\r\n</td>\r\n<td style=\"height: 16px; width: 140px;\" colspan=\"1\" rowspan=\"1\">\r\n<div class=\"magic-10\">3%-6%</div>\r\n</td>\r\n</tr>\r\n<tr style=\"height: 51px;\">\r\n<td style=\"height: 51px; width: 160px;\" colspan=\"1\" rowspan=\"1\">\r\n<div class=\"magic-7\"><strong data-spm-anchor-id=\"0.0.0.i14.152f4f05n2QVtV\">&#x110;&#x1ea3;m B&#x1ea3;o ch&#x1ea5;t l&#x1b0;&#x1ee3;ng</strong></div>\r\n</td>\r\n<td style=\"height: 51px; width: 110px;\" colspan=\"1\" rowspan=\"1\">\r\n<div class=\"magic-8\">H&#x1a1;n 15 n&#x103;m</div>\r\n</td>\r\n<td style=\"height: 51px; width: 114px;\" colspan=\"1\" rowspan=\"1\">\r\n<div class=\"magic-9\"><strong data-spm-anchor-id=\"0.0.0.i15.152f4f05n2QVtV\">MOQ</strong></div>\r\n</td>\r\n<td style=\"height: 51px; width: 140px;\" colspan=\"1\" rowspan=\"1\">\r\n<div class=\"magic-10\">10SQM</div>\r\n</td>\r\n</tr>\r\n</tbody>\r\n</table>\r\n</div>\r\n</div>\r\n<div style=\"text-align: left;\" data-spm-anchor-id=\"a2700.md_vi_VN.pronpeci14.i3.3c026b3e4zniG1\">&#xa0;</div>\r\n<div style=\"text-align: left;\" data-spm-anchor-id=\"a2700.md_vi_VN.pronpeci14.i3.3c026b3e4zniG1\"><strong>H&#xec;nh &#x1ea3;nh s&#x1ea3;n ph&#x1ea9;m</strong></div>\r\n<div style=\"text-align: left;\" data-spm-anchor-id=\"a2700.md_vi_VN.pronpeci14.i3.3c026b3e4zniG1\">&#xa0;</div>\r\n<div style=\"text-align: center;\" data-spm-anchor-id=\"a2700.md_vi_VN.pronpeci14.i3.3c026b3e4zniG1\"><img src=\"https://b2b.daisan.vn/site/upload/media/images/images/1593425369_f96c28e3225f5f7c9d9aee3c12df48a0.jpeg\">&#xa0;</div>\r\n<div style=\"text-align: center;\" data-spm-anchor-id=\"a2700.md_vi_VN.pronpeci14.i3.3c026b3e4zniG1\">&#xa0;</div>\r\n<div style=\"text-align: center;\" data-spm-anchor-id=\"a2700.md_vi_VN.pronpeci14.i3.3c026b3e4zniG1\"><img src=\"https://b2b.daisan.vn/site/upload/media/images/images/1593425380_86a961a92dc84640278467719310d941.jpeg\"></div>\r\n<div style=\"text-align: center;\" data-spm-anchor-id=\"a2700.md_vi_VN.pronpeci14.i3.3c026b3e4zniG1\">&#xa0;</div>\r\n<div style=\"text-align: center;\" data-spm-anchor-id=\"a2700.md_vi_VN.pronpeci14.i3.3c026b3e4zniG1\"><img src=\"https://b2b.daisan.vn/site/upload/media/images/images/1593425393_51b902a5474295e598b210c8bfa62637.jpeg\"></div>\r\n<div style=\"text-align: center;\" data-spm-anchor-id=\"a2700.md_vi_VN.pronpeci14.i3.3c026b3e4zniG1\"><img src=\"https://b2b.daisan.vn/site/upload/media/images/images/1593425402_3b53ea6000c3077383dcfe46e6b238f2.jpeg\"></div>\r\n<div style=\"text-align: center;\" data-spm-anchor-id=\"a2700.md_vi_VN.pronpeci14.i3.3c026b3e4zniG1\">&#xa0;</div>\r\n</div>\r\n<p><strong>Ch&#x1ee9;ng nh&#x1ead;n</strong>&#xa0;</p>\r\n<p style=\"text-align: center;\"><strong><img src=\"https://b2b.daisan.vn/site/upload/media/images/images/1590396774_48c890f83c957c95b3f8c63b1ecea9a3.jpeg\"></strong></p>\r\n<p><strong>H&#xec;nh &#x1ea3;nh C&#xf4;ng ty</strong></p>\r\n<p style=\"text-align: center;\"><strong><img src=\"https://b2b.daisan.vn/site/upload/media/images/images/1590396807_2e7291ab9216d10456c12822df665745.jpeg\"></strong></p>\r\n<p style=\"text-align: left;\"><strong>X&#x1b0;&#x1edf;ng s&#x1ea3;n xu&#x1ea5;t</strong></p>\r\n<p style=\"text-align: center;\"><strong><img src=\"https://b2b.daisan.vn/site/upload/media/images/images/1590396641_c0edf35965e8e3e1ff6df3a9cbde9975.jpeg\"></strong></p>\n                                                    </div>\n                    </div>",
	"supplier": "DAISAN",
	"url_supplier": "https://b2b.daisan.vn"
}