{
	"url": "https://b2b.daisan.vn/gach-op-lat-eurotile-bst-thach-khue-300*600mm-thk-g01-753238.html",
	"title": "Gạch ốp lát Eurotile BST Thạch khuê 300*600mm THK G01",
	"description": "Bảo vệ cho sản phẩm này\n                                    \n                                        Giao hàng qua Daisan Logistics\n                                        \n                                        Dự kiến ​​đơn hàng của bạn sẽ được giao trước ngày dự kiến ​​hoặc nhận khoản bồi thường chậm trễ 10%\n                                    \n                                    \n                                        Thanh toán an toàn\n\n                                        \n                                        Mọi khoản thanh toán bạn thực hiện trên Daisan.vn đều được ...\n                                    \n                                    \n                                        Chính sách hoàn tiền\n\n                                        \n                                        Yêu cầu hoàn lại tiền nếu đơn đặt hàng của bạn không được vận chuyển, bị thiếu hoặc giao đến có vấn đề về sản phẩm",
	"price": "412000",
	"sku": "DAISAN_GCH_1616",
	"thumbnail": "https://b2b.daisan.vn/site/upload/pages/26496/1664870619_9afdb01339ef137ea2f3fb1aa64a9024.jpeg",
	"images": [
		"https://b2b.daisan.vn/site/upload/pages/26496/1664870619_9afdb01339ef137ea2f3fb1aa64a9024.jpeg",
		"https://b2b.daisan.vn/site/upload/pages/26496/1664870653_9afdb01339ef137ea2f3fb1aa64a9024.jpeg",
		"https://b2b.daisan.vn/site/upload/pages/26496/1664870657_9afdb01339ef137ea2f3fb1aa64a9024.jpeg",
		"https://b2b.daisan.vn/site/upload/pages/26496/1664870695_9afdb01339ef137ea2f3fb1aa64a9024.jpeg",
		"https://b2b.daisan.vn/site/upload/pages/26496/1664870698_9afdb01339ef137ea2f3fb1aa64a9024.jpeg",
		"https://b2b.daisan.vn/site/upload/pages/26496/1664870700_9afdb01339ef137ea2f3fb1aa64a9024.jpeg",
		"https://b2b.daisan.vn/site/upload/pages/26496/1665477220_9afdb01339ef137ea2f3fb1aa64a9024.jpeg",
		"https://b2b.daisan.vn/site/upload/pages/26496/1665044688_9afdb01339ef137ea2f3fb1aa64a9024.jpeg",
		"https://b2b.daisan.vn/site/upload/pages/26496/1665476946_9afdb01339ef137ea2f3fb1aa64a9024.jpeg",
		"https://b2b.daisan.vn/site/upload/pages/26496/1665043811_9afdb01339ef137ea2f3fb1aa64a9024.jpeg",
		"https://b2b.daisan.vn/site/upload/pages/26496/1665476596_9afdb01339ef137ea2f3fb1aa64a9024.jpeg",
		"https://b2b.daisan.vn/site/upload/pages/26496/1665043610_9afdb01339ef137ea2f3fb1aa64a9024.jpeg",
		"https://b2b.daisan.vn/site/upload/pages/26496/1665463984_9afdb01339ef137ea2f3fb1aa64a9024.jpeg",
		"https://b2b.daisan.vn/site/upload/pages/26496/1665043425_9afdb01339ef137ea2f3fb1aa64a9024.jpeg",
		"https://b2b.daisan.vn/site/upload/pages/26496/1665043220_9afdb01339ef137ea2f3fb1aa64a9024.jpeg",
		"https://b2b.daisan.vn/site/upload/pages/26496/1665463697_9afdb01339ef137ea2f3fb1aa64a9024.jpeg",
		"https://b2b.daisan.vn/site/upload/pages/26496/1665199828_9afdb01339ef137ea2f3fb1aa64a9024.jpeg",
		"https://b2b.daisan.vn/site/upload/pages/26496/1665042693_9afdb01339ef137ea2f3fb1aa64a9024.jpeg",
		"https://b2b.daisan.vn/site/upload/pages/26496/1665199505_9afdb01339ef137ea2f3fb1aa64a9024.jpeg",
		"https://b2b.daisan.vn/site/upload/pages/26496/1665198985_9afdb01339ef137ea2f3fb1aa64a9024.jpeg",
		"https://b2b.daisan.vn/site/upload/pages/26496/1665197437_9afdb01339ef137ea2f3fb1aa64a9024.jpeg"
	],
	"content": "\n<style>\nfont-family: 'Segoe UI', Arial, sans-serif;\n    background: #fff;\n    color: #222;\n    padding: 20px;\n    max-width: 900px;\n    margin: 0 auto;\n    line-height: 1.6;\n</style>\n<div class=\"unknown-content-root\">\n                        <h3 id=\"more-detail\">M&#xf4; t&#x1ea3; s&#x1ea3;n ph&#x1ea9;m t&#x1eeb; nh&#xe0; cung c&#x1ea5;p</h3>\n                        <div class=\"description-info pb-2\">\n                            <h3>M&#xf4; t&#x1ea3; s&#x1ea3;n ph&#x1ea9;m</h3>\n                            <p style=\"box-sizing: border-box; margin: 0px 0px 15px; font-family: Montserrat, sans-serif; font-size: 14px; letter-spacing: 0.25px; background-color: #ffffff; text-align: center;\"><span style=\"box-sizing: border-box; font-size: 20px;\"><strong style=\"box-sizing: border-box;\">Th&#x1ea1;ch Khu&#xea; v&#xe0; &#xe1;nh s&#xe1;ng kh&#xf4;ng bao gi&#x1edd; t&#x1eaf;t&#xa0;</strong></span></p>\r\n<p style=\"box-sizing: border-box; margin: 0px 0px 15px; font-family: Montserrat, sans-serif; font-size: 14px; letter-spacing: 0.25px; background-color: #ffffff; text-align: justify;\">V&#xec; tinh t&#xfa; c&#x1ee7;a v&#x169; tr&#x1ee5; s&#x1edf; h&#x1eef;u n&#xe9;t &#x111;&#x1eb9;p tr&#xe2;n qu&#xfd; &#x111;&#x1ea7;y &#xe1;nh s&#xe1;ng, Th&#x1ea1;ch Khu&#xea; c&#x169;ng v&#x1ead;y, b&#x1ed9; s&#x1b0;u t&#x1ead;p n&#xe0;y l&#x1ea5;y ch&#x1ea5;t li&#x1ec7;u t&#x1eeb; &#xe1;nh s&#xe1;ng v&#x129;nh c&#x1eed;u c&#x1ee7;a v&#xec; sao Khu&#xea;. &#x110;&#xe2;y ch&#xed;nh l&#xe0; kh&#x1edf;i ngu&#x1ed3;n cho m&#x1ecd;i th&#x1ee9; &#x111;&#x1eb9;p &#x111;&#x1ebd; nh&#x1ea5;t. B&#x1ed9; s&#x1b0;u t&#x1ead;p truy&#x1ec1;n t&#x1ea3;i khao kh&#xe1;t &#x111;&#x1b0;&#x1ee3;c th&#x1eaf;p s&#xe1;ng v&#xe0; m&#x1edf; l&#x1ed1;i cho kh&#xf4;ng gian, b&#x1eb1;ng nh&#x1eef;ng b&#x1b0;&#x1edb;c &#x111;i m&#x1ed9;c m&#x1ea1;c, th&#xf4; k&#x1ec7;ch nh&#x1b0;ng an t&#xe2;m v&#xe0; v&#x1eef;ng ch&#xe3;i.</p>\r\n<p style=\"box-sizing: border-box; margin: 0px 0px 15px; font-family: Montserrat, sans-serif; font-size: 14px; letter-spacing: 0.25px; background-color: #ffffff; text-align: justify;\"><strong style=\"box-sizing: border-box;\">S&#x1ef1; &#x1ea5;n t&#x1b0;&#x1ee3;ng c&#x1ee7;a BST Th&#x1ea1;ch Khu&#xea;</strong></p>\r\n<p style=\"box-sizing: border-box; margin: 0px 0px 15px; font-family: Montserrat, sans-serif; font-size: 14px; letter-spacing: 0.25px; background-color: #ffffff; text-align: justify;\">Tuy mang n&#xe9;t gi&#x1ea3;n d&#x1ecb; v&#xe0; s&#x1a1; m&#x1ed9;c, Th&#x1ea1;ch Khu&#xea; v&#x1eab;n l&#xe0; m&#x1ed9;t BST m&#xe0; ai c&#x169;ng nh&#x1edb; m&#x1eb7;t g&#x1ecd;i t&#xea;n, v&#xec; ch&#xfa;ng nh&#x1eb9; nh&#xe0;ng nh&#x1b0;ng &#x111;i v&#xe0;o l&#xf2;ng ng&#x1b0;&#x1edd;i, gi&#x1ed1;ng h&#x1ec7;t nh&#x1b0; v&#xec; sao s&#xe1;ng. Th&#x1ea1;ch Khu&#xea; c&#x169;ng s&#x1edf; h&#x1eef;u nh&#x1eef;ng &#x1b0;u &#x111;i&#x1ec3;m tuy&#x1ec7;t v&#x1edd;i m&#xe0; Eurotile &#x111;&#xe3; ch&#x1eaf;p b&#xfa;t.</p>\r\n<p style=\"box-sizing: border-box; margin: 0px 0px 15px; font-family: Montserrat, sans-serif; font-size: 14px; letter-spacing: 0.25px; background-color: #ffffff; text-align: justify;\">Th&#x1ea1;ch Khu&#xea; l&#xe0; BST thu&#x1ed9;c d&#xf2;ng Cement, ch&#xed;nh v&#xec; th&#x1ebf; ch&#xfa;ng &#x111;&#x1b0;&#x1ee3;c t&#x1ea1;o n&#xea;n v&#x1edb;i hi&#x1ec7;u &#x1ee9;ng b&#x1ec1; m&#x1eb7;t c&#xf3; v&#xe2;n v&#xe0; &#x111;em &#x111;&#x1ebf;n c&#x1ea3;m gi&#xe1;c th&#xf4; r&#xe1;p &#x2013; th&#x1ee9; truy&#x1ec1;n t&#x1ea3;i r&#xf5; nh&#x1ea5;t n&#xe9;t m&#x1ed9;c m&#x1ea1;c v&#xe0; th&#xf4; s&#x1a1;. B&#x1ec1; m&#x1eb7;t n&#xe0;y t&#x1ea1;o n&#xea;n c&#x1ea3;m gi&#xe1;c v&#x1eef;ng ch&#xe3;i, an t&#xe2;m trong t&#x1eeb;ng chuy&#x1ec3;n &#x111;&#x1ed9;ng c&#x1ee7;a kh&#xf4;ng gian ngh&#x1ec7; thu&#x1ead;t.</p>\r\n<p style=\"box-sizing: border-box; margin: 0px 0px 15px; font-family: Montserrat, sans-serif; font-size: 14px; letter-spacing: 0.25px; background-color: #ffffff; text-align: center;\"><img src=\"https://b2b.daisan.vn/site/upload/media/images/general/1664870912_70e85b33d2ff390f5e29b173e8dc161f.jpeg\" alt=\"G&#x1ea1;ch &#x1ed1;p l&#xe1;t Eurotile BST Th&#x1ea1;ch khu&#xea; 300*600mm THK G01\" width=\"600\"></p>\r\n<p style=\"box-sizing: border-box; margin: 0px 0px 15px; font-family: Montserrat, sans-serif; font-size: 14px; letter-spacing: 0.25px; background-color: #ffffff; text-align: center;\"><img src=\"https://b2b.daisan.vn/site/upload/media/images/general/1664870946_d7990a240d8d4fad4d56151793f94eca.jpeg\" alt=\"G&#x1ea1;ch &#x1ed1;p l&#xe1;t Eurotile BST Th&#x1ea1;ch khu&#xea; 300*600mm THK G01\" width=\"600\"></p>\r\n<p style=\"box-sizing: border-box; margin: 0px 0px 15px; font-family: Montserrat, sans-serif; font-size: 14px; letter-spacing: 0.25px; background-color: #ffffff; text-align: center;\"><img src=\"https://b2b.daisan.vn/site/upload/media/images/general/1664870963_586e1536b0c9c224c0288b8675ea24c5.jpeg\" alt=\"G&#x1ea1;ch &#x1ed1;p l&#xe1;t Eurotile BST Th&#x1ea1;ch khu&#xea; 300*600mm THK G01\" width=\"600\"></p>\r\n<p style=\"box-sizing: border-box; margin: 0px 0px 15px; font-family: Montserrat, sans-serif; font-size: 14px; letter-spacing: 0.25px; background-color: #ffffff; text-align: center;\"><img src=\"https://b2b.daisan.vn/site/upload/media/images/general/1664871044_0b4d5e00141218fc82262e79312da7cc.jpeg\" alt=\"G&#x1ea1;ch &#x1ed1;p l&#xe1;t Eurotile BST Th&#x1ea1;ch khu&#xea; 300*600mm THK G01\" width=\"600\"></p>\r\n<p style=\"box-sizing: border-box; margin: 0px 0px 15px; font-family: Montserrat, sans-serif; font-size: 14px; letter-spacing: 0.25px; background-color: #ffffff; text-align: center;\">&#xa0;</p>\r\n<h2 style=\"box-sizing: border-box; margin: 0px 0px 15px; font-family: Montserrat, sans-serif; font-size: 14px; letter-spacing: 0.25px; background-color: #ffffff; text-align: justify;\"><span style=\"font-size: 12pt;\"><strong style=\"margin: 0px; padding: 0px; border: 0px; line-height: 1.5em;\">Th&#xf4;ng s&#x1ed1; k&#x1ef9; thu&#x1ead;t c&#x1ee7;a G&#x1ea1;ch &#x1ed1;p l&#xe1;t Eurotile BST Th&#x1ea1;ch khu&#xea; 300*600mm THK G01</strong></span></h2>\r\n<p style=\"margin: 10px 0px; padding: 0px; border: 0px; line-height: 1.6em; font-size: 14px; font-family: &apos;Open Sans&apos;, sans-serif; vertical-align: baseline; background-color: #ffffff;\"><span style=\"font-family: Open Sans, sans-serif;\"><span style=\"font-size: 14px;\">&#x22b9; B&#x1ed9; s&#x1b0;u t&#x1ead;p: Th&#x1ea1;ch khu&#xea;</span></span><br style=\"margin: 0px; padding: 0px; border: 0px; line-height: 1.5em;\"><span style=\"font-family: Open Sans, sans-serif;\"><span style=\"font-size: 14px;\">&#x22b9; K&#xed;ch th&#x1b0;&#x1edb;c: 30&#xa0;x 60&#xa0;cm</span></span><br style=\"margin: 0px; padding: 0px; border: 0px; line-height: 1.5em;\"><span style=\"font-family: Open Sans, sans-serif;\"><span style=\"font-size: 14px;\">&#x22b9; Men g&#x1ea1;ch: Matt</span></span><br style=\"margin: 0px; padding: 0px; border: 0px; line-height: 1.5em;\"><span style=\"font-family: Open Sans, sans-serif;\"><span style=\"font-size: 14px;\">&#x22b9; B&#x1ec1; m&#x1eb7;t: Nh&#xe1;m</span></span><br style=\"margin: 0px; padding: 0px; border: 0px; line-height: 1.5em;\"><span style=\"font-family: Open Sans, sans-serif;\"><span style=\"font-size: 14px;\">&#x22b9; X&#x1b0;&#x1a1;ng g&#x1ea1;ch: Porcerlain</span></span><br style=\"margin: 0px; padding: 0px; border: 0px; line-height: 1.5em;\"><span style=\"font-family: Open Sans, sans-serif;\"><span style=\"font-size: 14px;\">&#x22b9; 08 vi&#xea;n/ h&#x1ed9;p ; 1.44m2/ h&#x1ed9;p</span></span><br style=\"margin: 0px; padding: 0px; border: 0px; line-height: 1.5em;\"><span style=\"font-family: Open Sans, sans-serif;\"><span style=\"font-size: 14px;\">&#x22b9; Th&#x1b0;&#x1a1;ng hi&#x1ec7;u: G&#x1ea1;ch Eurotile&#xa0;</span></span></p>\r\n<p style=\"margin: 10px 0px; padding: 0px; border: 0px; line-height: 1.6em; font-size: 14px; font-family: &apos;Open Sans&apos;, sans-serif; vertical-align: baseline; background-color: #ffffff; text-align: center;\"><img src=\"https://b2b.daisan.vn/site/upload/media/images/general/1664871091_8ffaa7f4dd41415c6dff739ebf4fbd78.jpeg\" alt=\"G&#x1ea1;ch &#x1ed1;p l&#xe1;t Eurotile BST Th&#x1ea1;ch khu&#xea; 300*600mm THK G01\" width=\"600\"></p>\r\n<p style=\"margin: 10px 0px; padding: 0px; border: 0px; line-height: 1.6em; font-size: 14px; font-family: &apos;Open Sans&apos;, sans-serif; vertical-align: baseline; background-color: #ffffff; text-align: center;\">&#xa0;</p>\r\n<h2 style=\"margin: 10px 0px; padding: 0px; border: 0px; line-height: 1.6em; font-size: 14px; font-family: &apos;Open Sans&apos;, sans-serif; vertical-align: baseline; background-color: #ffffff; text-align: left;\"><span style=\"font-size: 12pt;\"><strong>Ph&#x1ed1;i c&#x1ea3;nh s&#x1ea3;n ph&#x1ea9;m</strong></span></h2>\r\n<p style=\"text-align: center;\"><img src=\"https://b2b.daisan.vn/site/upload/media/images/general/1664867448_df60e2e656e4dfc8ae559d9f3ae7009c.jpeg\" alt=\"G&#x1ea1;ch &#x1ed1;p l&#xe1;t Eurotile BST Thi&#xea;n Di 300*600mm THD G03\" width=\"600\"></p>\r\n<p style=\"text-align: center;\"><img src=\"https://b2b.daisan.vn/site/upload/media/images/general/1664871116_fe5df232cafa4c4e0f1a0294418e5660.jpeg\" alt=\"G&#x1ea1;ch &#x1ed1;p l&#xe1;t Eurotile BST Th&#x1ea1;ch khu&#xea; 300*600mm THK G01\" width=\"600\"></p>\r\n<p style=\"text-align: center;\"><img src=\"https://b2b.daisan.vn/site/upload/media/images/general/1664871131_799bad5a3b514f096e69bbc4a7896cd9.jpeg\" alt=\"G&#x1ea1;ch &#x1ed1;p l&#xe1;t Eurotile BST Th&#x1ea1;ch khu&#xea; 300*600mm THK G01\" width=\"600\"></p>\r\n<p style=\"text-align: center;\">&#xa0;</p>\r\n<p style=\"text-align: center;\">&#xa0;</p>\r\n<p style=\"text-align: center;\">&#xa0;</p>\n                                                    </div>\n                    </div>",
	"supplier": "DAISAN",
	"url_supplier": "https://b2b.daisan.vn"
}