{
	"url": "https://b2b.daisan.vn/gach-op-tuong-tasa-400x800mm-4802-192592.html",
	"title": "Gạch ốp tường Tasa 400x800mm 4802",
	"description": "Bảo vệ cho sản phẩm này\n                                    \n                                        Giao hàng qua Daisan Logistics\n                                        \n                                        Dự kiến ​​đơn hàng của bạn sẽ được giao trước ngày dự kiến ​​hoặc nhận khoản bồi thường chậm trễ 10%\n                                    \n                                    \n                                        Thanh toán an toàn\n\n                                        \n                                        Mọi khoản thanh toán bạn thực hiện trên Daisan.vn đều được ...\n                                    \n                                    \n                                        Chính sách hoàn tiền\n\n                                        \n                                        Yêu cầu hoàn lại tiền nếu đơn đặt hàng của bạn không được vận chuyển, bị thiếu hoặc giao đến có vấn đề về sản phẩm",
	"price": "95000",
	"sku": "DAISAN_GCH_8198",
	"thumbnail": "https://b2b.daisan.vn/site/upload/pages/16246/1538992352_9afdb01339ef137ea2f3fb1aa64a9024.jpeg",
	"images": [
		"https://b2b.daisan.vn/site/upload/pages/16246/1538992352_9afdb01339ef137ea2f3fb1aa64a9024.jpeg",
		"https://b2b.daisan.vn/site/upload/pages/16246/1539051465_9afdb01339ef137ea2f3fb1aa64a9024.jpeg",
		"https://b2b.daisan.vn/site/upload/pages/16246/1538993427_9afdb01339ef137ea2f3fb1aa64a9024.jpeg",
		"https://b2b.daisan.vn/site/upload/pages/16246/1538991118_9afdb01339ef137ea2f3fb1aa64a9024.jpeg",
		"https://b2b.daisan.vn/site/upload/pages/16246/1539051440_9afdb01339ef137ea2f3fb1aa64a9024.jpeg",
		"https://b2b.daisan.vn/site/upload/pages/16246/1538993338_9afdb01339ef137ea2f3fb1aa64a9024.jpeg",
		"https://b2b.daisan.vn/site/upload/pages/16246/1538991092_9afdb01339ef137ea2f3fb1aa64a9024.jpeg",
		"https://b2b.daisan.vn/site/upload/pages/16246/1539051413_9afdb01339ef137ea2f3fb1aa64a9024.jpeg",
		"https://b2b.daisan.vn/site/upload/pages/16246/1538993312_9afdb01339ef137ea2f3fb1aa64a9024.jpeg",
		"https://b2b.daisan.vn/site/upload/pages/16246/1538990995_9afdb01339ef137ea2f3fb1aa64a9024.jpeg",
		"https://b2b.daisan.vn/site/upload/pages/16246/1539051131_9afdb01339ef137ea2f3fb1aa64a9024.jpeg",
		"https://b2b.daisan.vn/site/upload/pages/16246/1538993284_9afdb01339ef137ea2f3fb1aa64a9024.jpeg",
		"https://b2b.daisan.vn/site/upload/pages/16246/1538990867_9afdb01339ef137ea2f3fb1aa64a9024.jpeg",
		"https://b2b.daisan.vn/site/upload/pages/16246/1538990729_9afdb01339ef137ea2f3fb1aa64a9024.jpeg",
		"https://b2b.daisan.vn/site/upload/pages/16246/1539051003_9afdb01339ef137ea2f3fb1aa64a9024.jpeg",
		"https://b2b.daisan.vn/site/upload/pages/16246/1538993254_9afdb01339ef137ea2f3fb1aa64a9024.jpeg"
	],
	"content": "\n<style>\nfont-family: 'Segoe UI', Arial, sans-serif;\n    background: #fff;\n    color: #222;\n    padding: 20px;\n    max-width: 900px;\n    margin: 0 auto;\n    line-height: 1.6;\n</style>\n<div class=\"unknown-content-root\">\n                        <h3 id=\"more-detail\">M&#xf4; t&#x1ea3; s&#x1ea3;n ph&#x1ea9;m t&#x1eeb; nh&#xe0; cung c&#x1ea5;p</h3>\n                        <div class=\"description-info pb-2\">\n                            <h3>M&#xf4; t&#x1ea3; s&#x1ea3;n ph&#x1ea9;m</h3>\n                            <p><span style=\"font-size: 14px;\">G&#x1ea1;ch TASA 40&#xd7;80&#xa0;&#x1ed1;p t&#x1b0;&#x1edd;ng 4802 thu&#x1ed9;c b&#x1ed9; s&#x1ea3;n ph&#x1ea9;m g&#x1ea1;ch 4001- 4801 &#x2013; 4802 &#xa0;s&#x1ea3;n xu&#x1ea5;t tr&#xea;n d&#xe2;y chuy&#x1ec1;n hi&#x1ec7;n &#x111;&#x1ea1;i v&#x1edb;i c&#xf4;ng ngh&#x1ec7; in k&#x1ef9; thu&#x1ead;t s&#x1ed1;,d&#x1ecb; h&#xec;nh 4 thanh g&#x1ed7; n&#xe2;u sang tr&#x1ecd;ng ph&#xf9; h&#x1ee3;p v&#x1edb;i m&#x1ecd;i kh&#xf4;ng gian ki&#x1ebf;n tr&#xfa;c hi&#x1ec7;n &#x111;&#x1ea1;i v&#xe0; &#x111;&#x1eb3;ng c&#x1ea5;p.</span></p>\r\n<p><span style=\"font-size: 14px;\">Ch&#x1ea5;t li&#x1ec7;u g&#x1ea1;ch men ceramic cao c&#x1ea5;p c&#xf3; &#x111;&#x1ed9; c&#x1ee9;ng, &#x111;&#x1ed9; b&#x1ec1;n cao v&#xe0; b&#x1ec1;n m&#xe0;u trong su&#x1ed1;t th&#x1edd;i gian d&#xe0;i s&#x1eed; d&#x1ee5;ng, ch&#x1ecb;u &#x111;&#x1b0;&#x1ee3;c t&#xe1;c &#x111;&#x1ed9;ng kh&#x1eaf;c nghi&#x1ec7;t c&#x1ee7;a m&#xf4;i tr&#x1b0;&#x1edd;ng. B&#x1ec1; m&#x1eb7;t nh&#x1eb5;n b&#xf3;ng gi&#xfa;p d&#x1ec5; d&#xe0;ng v&#x1ec7; sinh, lau ch&#xf9;i, ti&#x1ebf;t ki&#x1ec7;m &#x111;&#x1b0;&#x1ee3;c nhi&#x1ec1;u th&#x1edd;i gian c&#xf4;ng s&#x1ee9;c.</span></p>\r\n<p><span style=\"font-size: 14px;\">G&#x1ea1;ch ch&#x1ed1;ng th&#x1ea5;m, ch&#x1ed1;ng tr&#x1a1;n tr&#x1b0;&#x1ee3;t, ch&#x1ed1;ng tr&#x1ea7;y x&#x1b0;&#x1edb;c, kh&#xf4;ng b&#x1ecb; bong tr&#xf3;c l&#x1edb;p men sau th&#x1edd;i gian d&#xe0;i s&#x1eed; d&#x1ee5;ng. S&#x1ea3;n ph&#x1ea9;m kh&#xf4;ng &#x111;&#x1ed9;c h&#x1ea1;i, th&#xe2;n thi&#x1ec7;n v&#x1edb;i m&#xf4;i tr&#x1b0;&#x1edd;ng v&#xe0; &#x111;&#x1ea3;m b&#x1ea3;o an to&#xe0;n cho ng&#x1b0;&#x1edd;i s&#x1eed; d&#x1ee5;ng. T&#xec;m hi&#x1ec3;u th&#xea;m th&#xf4;ng tin &#x111;&#x1ec3; mua h&#xe0;ng ngay nh&#xe9;!</span></p>\r\n<h2><strong><span style=\"font-size: 14px;\">Th&#xf4;ng tin s&#x1ea3;n ph&#x1ea9;m G&#x1ea1;ch &#x1ed1;p t&#x1b0;&#x1edd;ng TASA 40&#xd7;80 4802</span></strong></h2>\r\n<p><span style=\"font-size: 14px;\">H&#xe3;ng s&#x1ea3;n xu&#x1ea5;t: TASA</span></p>\r\n<p><span style=\"font-size: 14px;\">Xu&#x1ea5;t s&#x1ee9;: Vi&#x1ec7;t Nam</span></p>\r\n<p><span style=\"font-size: 14px;\">Th&#x1b0;&#x1a1;ng hi&#x1ec7;u: G&#x1ea1;ch TASA 40&#xd7;80</span></p>\r\n<p><span style=\"font-size: 14px;\">K&#xed;ch th&#x1b0;&#x1edb;c: 400x800mm</span></p>\r\n<p><span style=\"font-size: 14px;\">&#x110;&#x1a1;n gi&#xe1; tr&#xea;n 1 vi&#xea;n</span></p>\r\n<p><span style=\"font-size: 14px;\">Ch&#x1ea5;t li&#x1ec7;u ceramic b&#x1ec1; m&#x1eb7;t b&#xf3;ng kh&#xe1;ng khu&#x1ea9;n</span></p>\r\n<p style=\"text-align: center;\"><span style=\"font-size: 14px;\"><img src=\"https://b2b.daisan.vn/site/upload/pages/16246/1538992352_9afdb01339ef137ea2f3fb1aa64a9024.jpeg\" alt=\"0\" width=\"400\"></span></p>\n                                                    </div>\n                    </div>",
	"supplier": "DAISAN",
	"url_supplier": "https://b2b.daisan.vn"
}