{
	"url": "https://b2b.daisan.vn/gach-op-tuong-tasa-400x800mm-4801-192591.html",
	"title": "Gạch ốp tường Tasa 400x800mm 4801",
	"description": "Bảo vệ cho sản phẩm này\n                                    \n                                        Giao hàng qua Daisan Logistics\n                                        \n                                        Dự kiến ​​đơn hàng của bạn sẽ được giao trước ngày dự kiến ​​hoặc nhận khoản bồi thường chậm trễ 10%\n                                    \n                                    \n                                        Thanh toán an toàn\n\n                                        \n                                        Mọi khoản thanh toán bạn thực hiện trên Daisan.vn đều được ...\n                                    \n                                    \n                                        Chính sách hoàn tiền\n\n                                        \n                                        Yêu cầu hoàn lại tiền nếu đơn đặt hàng của bạn không được vận chuyển, bị thiếu hoặc giao đến có vấn đề về sản phẩm",
	"price": "220000",
	"sku": "DAISAN_GCH_1369",
	"thumbnail": "https://b2b.daisan.vn/site/upload/pages/16246/1538992309_9afdb01339ef137ea2f3fb1aa64a9024.jpeg",
	"images": [
		"https://b2b.daisan.vn/site/upload/pages/16246/1538992309_9afdb01339ef137ea2f3fb1aa64a9024.jpeg",
		"https://b2b.daisan.vn/site/upload/pages/16246/1600683198_9afdb01339ef137ea2f3fb1aa64a9024.png",
		"https://b2b.daisan.vn/site/upload/pages/16246/1539051465_9afdb01339ef137ea2f3fb1aa64a9024.jpeg",
		"https://b2b.daisan.vn/site/upload/pages/16246/1538993427_9afdb01339ef137ea2f3fb1aa64a9024.jpeg",
		"https://b2b.daisan.vn/site/upload/pages/16246/1538991118_9afdb01339ef137ea2f3fb1aa64a9024.jpeg",
		"https://b2b.daisan.vn/site/upload/pages/16246/1539051440_9afdb01339ef137ea2f3fb1aa64a9024.jpeg",
		"https://b2b.daisan.vn/site/upload/pages/16246/1538993338_9afdb01339ef137ea2f3fb1aa64a9024.jpeg",
		"https://b2b.daisan.vn/site/upload/pages/16246/1538991092_9afdb01339ef137ea2f3fb1aa64a9024.jpeg",
		"https://b2b.daisan.vn/site/upload/pages/16246/1539051413_9afdb01339ef137ea2f3fb1aa64a9024.jpeg",
		"https://b2b.daisan.vn/site/upload/pages/16246/1538993312_9afdb01339ef137ea2f3fb1aa64a9024.jpeg",
		"https://b2b.daisan.vn/site/upload/pages/16246/1538990995_9afdb01339ef137ea2f3fb1aa64a9024.jpeg",
		"https://b2b.daisan.vn/site/upload/pages/16246/1539051131_9afdb01339ef137ea2f3fb1aa64a9024.jpeg",
		"https://b2b.daisan.vn/site/upload/pages/16246/1538993284_9afdb01339ef137ea2f3fb1aa64a9024.jpeg",
		"https://b2b.daisan.vn/site/upload/pages/16246/1538990867_9afdb01339ef137ea2f3fb1aa64a9024.jpeg",
		"https://b2b.daisan.vn/site/upload/pages/16246/1538990729_9afdb01339ef137ea2f3fb1aa64a9024.jpeg",
		"https://b2b.daisan.vn/site/upload/pages/16246/1539051003_9afdb01339ef137ea2f3fb1aa64a9024.jpeg",
		"https://b2b.daisan.vn/site/upload/pages/16246/1538993254_9afdb01339ef137ea2f3fb1aa64a9024.jpeg"
	],
	"content": "\n<style>\nfont-family: 'Segoe UI', Arial, sans-serif;\n    background: #fff;\n    color: #222;\n    padding: 20px;\n    max-width: 900px;\n    margin: 0 auto;\n    line-height: 1.6;\n</style>\n<div class=\"unknown-content-root\">\n                        <h3 id=\"more-detail\">M&#xf4; t&#x1ea3; s&#x1ea3;n ph&#x1ea9;m t&#x1eeb; nh&#xe0; cung c&#x1ea5;p</h3>\n                        <div class=\"description-info pb-2\">\n                            <h3>M&#xf4; t&#x1ea3; s&#x1ea3;n ph&#x1ea9;m</h3>\n                            <p><strong>Th&#xf4;ng s&#x1ed1; s&#x1ea3;n ph&#x1ea9;m&#xa0;G&#x1ea1;ch &#x1ed1;p t&#x1b0;&#x1edd;ng Tasa 400x800mm 4801</strong></p>\r\n<p>K&#xed;ch th&#x1b0;&#x1edb;c: 400&#xd7;800<br>- Ch&#x1ea5;t li&#x1ec7;u: Ceramic &#x2013; M&#xe0;i m&#x1eb7;t<br>- C&#xf4;ng n&#x103;ng: Kh&#xf4;ng gian ph&#xf2;ng t&#x1eaf;m, v&#x1ec7; sinh<br>- M&#xf4; t&#x1ea3;: B&#x1ed9; g&#x1ea1;ch s&#xe0;n &#x1ed1;p t&#x1b0;&#x1edd;ng d&#x1ecb; h&#xec;nh 4 thanh g&#x1ed7; n&#xe2;u sang tr&#x1ecd;ng, t&#x1ea1;o c&#x1ea3;m gi&#xe1;c th&#x1b0; th&#xe1;i ph&#xf9; h&#x1ee3;p v&#x1edb;i kh&#xf4;ng gian spa, ph&#xf2;ng t&#x1eaf;m, ph&#xf2;ng kh&#xe1;ch, ph&#xf2;ng ng&#x1ee7;&#x2026;</p>\r\n<p><strong>&#x1af;u &#x111;i&#x1ec3;m&#xa0;G&#x1ea1;ch &#x1ed1;p t&#x1b0;&#x1edd;ng Tasa 400x800mm 4801</strong></p>\r\n<p>+ &#x110;&#x1ea3;m b&#x1ea3;o b&#x1ec1;n m&#xe0;u, kh&#xf4;ng b&#x1ecb; m&#xe0;i m&#xf2;n b&#x1ec1; m&#x1eb7;t trong th&#x1edd;i gian d&#xe0;i s&#x1eed; d&#x1ee5;ng.</p>\r\n<p>+ S&#x1ea3;n ph&#x1ea9;m kh&#xf4;ng &#x111;&#x1ed9;c h&#x1ea1;i, th&#xe2;n thi&#x1ec7;n v&#x1edb;i m&#xf4;i tr&#x1b0;&#x1edd;ng xung quanh v&#xe0; c&#xf3; &#x111;&#x1ed9; th&#x1ea9;m m&#x129; cao mang l&#x1ea1;i kh&#xf4;ng gian sang tr&#x1ecd;ng tho&#x1ea3;i m&#xe1;i trong ng&#xf4;i nh&#xe0; c&#x1ee7;a ban.</p>\r\n<p>+ G&#x1ea1;ch c&#xf3; gi&#xe1; th&#xe0;nh h&#x1ee3;p l&#xfd; v&#xe0; ch&#x1ea5;t l&#x1b0;&#x1ee3;ng t&#x1ed1;t n&#xea;n &#x111;&#x1b0;&#x1ee3;c nhi&#x1ec1;u ng&#x1b0;&#x1edd;i d&#xe2;n tin d&#xf9;ng.</p>\r\n<p>+ G&#x1ea1;ch &#x111;&#x1b0;&#x1ee3;c s&#x1eed; d&#x1ee5;ng l&#xe1;t n&#x1ec1;n v&#x1ec7; sinh ho&#x1eb7;c l&#xe1;t ban c&#xf4;ng , s&#xe2;n ch&#x1a1;i , c&#xe1;c khu v&#x1ef1;c ch&#x1ed1;ng tr&#x1a1;n tr&#x1b0;&#x1ee3;t ..v..vvv</p>\r\n<p>+ S&#x1ea3;n xu&#x1ea5;t theo C&#xf4;ng ngh&#x1ec7; m&#x1edb;i, hi&#x1ec7;n &#x111;&#x1ea1;i v&#xe0; lu&#xf4;n an to&#xe0;n cho s&#x1ee9;c kh&#x1ecf;e gia &#x111;&#xec;nh b&#x1ea1;n.</p>\r\n<p style=\"text-align: center;\"><img src=\"https://b2b.daisan.vn/site/upload/pages/16246/1600683198_9afdb01339ef137ea2f3fb1aa64a9024.png\" alt=\"1\" width=\"500\"></p>\n                                                    </div>\n                    </div>",
	"supplier": "DAISAN",
	"url_supplier": "https://b2b.daisan.vn"
}