{
	"url": "https://b2b.daisan.vn/gach-op-lat-van-xi-mang-eurotile-bst-vong-cat-300*600mm-voc-g03-753215.html",
	"title": "Gạch ốp lát vân xi măng Eurotile BST Vọng Cát 300*600mm VOC G03",
	"description": "Bảo vệ cho sản phẩm này\n                                    \n                                        Giao hàng qua Daisan Logistics\n                                        \n                                        Dự kiến ​​đơn hàng của bạn sẽ được giao trước ngày dự kiến ​​hoặc nhận khoản bồi thường chậm trễ 10%\n                                    \n                                    \n                                        Thanh toán an toàn\n\n                                        \n                                        Mọi khoản thanh toán bạn thực hiện trên Daisan.vn đều được ...\n                                    \n                                    \n                                        Chính sách hoàn tiền\n\n                                        \n                                        Yêu cầu hoàn lại tiền nếu đơn đặt hàng của bạn không được vận chuyển, bị thiếu hoặc giao đến có vấn đề về sản phẩm",
	"price": "412000",
	"sku": "DAISAN_GCH_1226",
	"thumbnail": "https://b2b.daisan.vn/site/upload/pages/26496/1665043425_9afdb01339ef137ea2f3fb1aa64a9024.jpeg",
	"images": [
		"https://b2b.daisan.vn/site/upload/pages/26496/1665043425_9afdb01339ef137ea2f3fb1aa64a9024.jpeg",
		"https://b2b.daisan.vn/site/upload/pages/26496/1665043471_9afdb01339ef137ea2f3fb1aa64a9024.jpeg",
		"https://b2b.daisan.vn/site/upload/pages/26496/1665043474_9afdb01339ef137ea2f3fb1aa64a9024.jpeg",
		"https://b2b.daisan.vn/site/upload/pages/26496/1665043478_9afdb01339ef137ea2f3fb1aa64a9024.jpeg",
		"https://b2b.daisan.vn/site/upload/pages/26496/1665043481_9afdb01339ef137ea2f3fb1aa64a9024.jpeg",
		"https://b2b.daisan.vn/site/upload/pages/26496/1665477220_9afdb01339ef137ea2f3fb1aa64a9024.jpeg",
		"https://b2b.daisan.vn/site/upload/pages/26496/1665045453_9afdb01339ef137ea2f3fb1aa64a9024.jpeg",
		"https://b2b.daisan.vn/site/upload/pages/26496/1665476946_9afdb01339ef137ea2f3fb1aa64a9024.jpeg",
		"https://b2b.daisan.vn/site/upload/pages/26496/1665044688_9afdb01339ef137ea2f3fb1aa64a9024.jpeg",
		"https://b2b.daisan.vn/site/upload/pages/26496/1665476596_9afdb01339ef137ea2f3fb1aa64a9024.jpeg",
		"https://b2b.daisan.vn/site/upload/pages/26496/1665043811_9afdb01339ef137ea2f3fb1aa64a9024.jpeg",
		"https://b2b.daisan.vn/site/upload/pages/26496/1665463984_9afdb01339ef137ea2f3fb1aa64a9024.jpeg",
		"https://b2b.daisan.vn/site/upload/pages/26496/1665043610_9afdb01339ef137ea2f3fb1aa64a9024.jpeg",
		"https://b2b.daisan.vn/site/upload/pages/26496/1665043220_9afdb01339ef137ea2f3fb1aa64a9024.jpeg",
		"https://b2b.daisan.vn/site/upload/pages/26496/1665463697_9afdb01339ef137ea2f3fb1aa64a9024.jpeg",
		"https://b2b.daisan.vn/site/upload/pages/26496/1665199828_9afdb01339ef137ea2f3fb1aa64a9024.jpeg",
		"https://b2b.daisan.vn/site/upload/pages/26496/1665042693_9afdb01339ef137ea2f3fb1aa64a9024.jpeg",
		"https://b2b.daisan.vn/site/upload/pages/26496/1665199505_9afdb01339ef137ea2f3fb1aa64a9024.jpeg",
		"https://b2b.daisan.vn/site/upload/pages/26496/1665198985_9afdb01339ef137ea2f3fb1aa64a9024.jpeg",
		"https://b2b.daisan.vn/site/upload/pages/26496/1665197437_9afdb01339ef137ea2f3fb1aa64a9024.jpeg"
	],
	"content": "\n<style>\nfont-family: 'Segoe UI', Arial, sans-serif;\n    background: #fff;\n    color: #222;\n    padding: 20px;\n    max-width: 900px;\n    margin: 0 auto;\n    line-height: 1.6;\n</style>\n<div class=\"unknown-content-root\">\n                        <h3 id=\"more-detail\">M&#xf4; t&#x1ea3; s&#x1ea3;n ph&#x1ea9;m t&#x1eeb; nh&#xe0; cung c&#x1ea5;p</h3>\n                        <div class=\"description-info pb-2\">\n                            <h3>M&#xf4; t&#x1ea3; s&#x1ea3;n ph&#x1ea9;m</h3>\n                            <p style=\"box-sizing: border-box; margin: 0px 0px 15px; font-family: Montserrat, sans-serif; font-size: 14px; letter-spacing: 0.25px; background-color: #ffffff; text-align: justify;\">Kh&#xf4;ng c&#x1ea7;u k&#x1ef3;, xa hoa v&#x1edb;i nh&#x1eef;ng &#x111;&#x1b0;&#x1edd;ng v&#xe2;n m&#x1ea1;nh m&#x1ebd; v&#xe0; m&#xe0;u s&#x1eaf;c b&#x1eaf;t m&#x1eaf;t, s&#x1ef1; ph&#x1ed1;i h&#x1ee3;p gi&#x1eef;a c&#xe1;c gam m&#xe0;u x&#xe1;m c&#x1ee7;a BST V&#x1ecd;ng C&#xe1;t gi&#xfa;p kh&#xf4;ng gian ph&#xf2;ng t&#x1eaf;m v&#x1eeb;a c&#xf3; n&#xe9;t c&#xe1; t&#xed;nh hi&#x1ec7;n &#x111;&#x1ea1;i v&#x1eeb;a mang l&#x1ea1;i s&#x1ef1; th&#x1b0; gi&#xe3;n r&#x1ea5;t tinh kh&#xf4;i.</p>\r\n<p style=\"box-sizing: border-box; margin: 0px 0px 15px; font-family: Montserrat, sans-serif; font-size: 14px; letter-spacing: 0.25px; background-color: #ffffff; text-align: justify;\">B&#xea;n c&#x1ea1;nh &#x111;&#xf3;, BST V&#x1ecd;ng C&#xe1;t c&#x1ee7;a Eurotile c&#xf3; b&#x1ec1; m&#x1eb7;t nh&#xe1;m, ch&#x1ed1;ng th&#x1ea5;m n&#x1b0;&#x1edb;c, ch&#x1ed1;ng tr&#x1a1;n tr&#x1b0;&#x1ee3;t t&#x1ed1;t, ch&#x1ecb;u &#x111;&#x1b0;&#x1ee3;c c&#xe1;c t&#xe1;c &#x111;&#x1ed9;ng c&#x1ee7;a h&#xf3;a ch&#x1ea5;t t&#x1ea9;y r&#x1eed;a ho&#xe0;n to&#xe0;n gi&#x1ea3;i quy&#x1ebf;t &#x111;&#x1b0;&#x1ee3;c c&#xe1;c v&#x1ea5;n &#x111;&#x1ec1; tr&#xea;n.</p>\r\n<p style=\"box-sizing: border-box; margin: 0px 0px 15px; font-family: Montserrat, sans-serif; font-size: 14px; letter-spacing: 0.25px; background-color: #ffffff; text-align: justify;\">H&#xe3;y &#x111;&#x1ec3; s&#x1eaf;c x&#xe1;m c&#x1ee7;a V&#x1ecd;ng C&#xe1;t mang &#x111;&#x1ebf;n kh&#xf4;ng gian th&#x1b0; gi&#xe3;n ri&#xea;ng bi&#x1ec7;t cho kh&#xf4;ng gian ph&#xf2;ng t&#x1eaf;m c&#x1ee7;a b&#x1ea1;n!</p>\r\n<p style=\"box-sizing: border-box; margin: 0px 0px 15px; font-family: Montserrat, sans-serif; font-size: 14px; letter-spacing: 0.25px; background-color: #ffffff; text-align: center;\"><img src=\"https://b2b.daisan.vn/site/upload/media/images/general/1664852026_8301ab7cd3485811c9e442d8637a6ccd.jpeg\" alt=\"G&#x1ea1;ch &#x1ed1;p l&#xe1;t v&#xe2;n xi m&#x103;ng Eurotile BST V&#x1ecd;ng C&#xe1;t 300*600mm VOC G03\" width=\"600\"></p>\r\n<h2 style=\"box-sizing: border-box; margin: 0px 0px 15px; font-family: Montserrat, sans-serif; font-size: 14px; letter-spacing: 0.25px; background-color: #ffffff; text-align: justify;\"><span style=\"font-size: 12pt;\"><strong style=\"margin: 0px; padding: 0px; border: 0px; line-height: 1.5em;\">Th&#xf4;ng s&#x1ed1; k&#x1ef9; thu&#x1ead;t c&#x1ee7;a G&#x1ea1;ch Eurotitle V&#x1ecd;ng C&#xe1;t VOC G01</strong></span></h2>\r\n<p style=\"margin: 10px 0px; padding: 0px; border: 0px; line-height: 1.6em; font-size: 14px; font-family: &apos;Open Sans&apos;, sans-serif; vertical-align: baseline; background-color: #ffffff;\">&#x22b9; B&#x1ed9; s&#x1b0;u t&#x1ead;p: V&#x1ecd;ng C&#xe1;t<br style=\"margin: 0px; padding: 0px; border: 0px; line-height: 1.5em;\">&#x22b9; K&#xed;ch th&#x1b0;&#x1edb;c: 30&#xa0;x 60&#xa0;cm<br style=\"margin: 0px; padding: 0px; border: 0px; line-height: 1.5em;\">&#x22b9; Men g&#x1ea1;ch: Matt<br style=\"margin: 0px; padding: 0px; border: 0px; line-height: 1.5em;\">&#x22b9; B&#x1ec1; m&#x1eb7;t: Nh&#xe1;m<br style=\"margin: 0px; padding: 0px; border: 0px; line-height: 1.5em;\">&#x22b9; X&#x1b0;&#x1a1;ng g&#x1ea1;ch: Granite<br style=\"margin: 0px; padding: 0px; border: 0px; line-height: 1.5em;\">&#x22b9; 06 vi&#xea;n/h&#x1ed9;p ; 24kg/h&#x1ed9;p<br style=\"margin: 0px; padding: 0px; border: 0px; line-height: 1.5em;\">&#x22b9; 1,08m2/h&#x1ed9;p&#xa0;<br style=\"margin: 0px; padding: 0px; border: 0px; line-height: 1.5em;\">&#x22b9; Th&#x1b0;&#x1a1;ng hi&#x1ec7;u: G&#x1ea1;ch Eurotile&#xa0;</p>\r\n<p style=\"margin: 10px 0px; padding: 0px; border: 0px; line-height: 1.6em; font-size: 14px; font-family: &apos;Open Sans&apos;, sans-serif; vertical-align: baseline; background-color: #ffffff; text-align: center;\"><img src=\"https://b2b.daisan.vn/site/upload/media/images/general/1665043495_8ec01455b79c91b2ea7d6e47735a5d75.jpeg\" width=\"600\"></p>\r\n<p style=\"margin: 10px 0px; padding: 0px; border: 0px; line-height: 1.6em; font-size: 14px; font-family: &apos;Open Sans&apos;, sans-serif; vertical-align: baseline; background-color: #ffffff; text-align: center;\"><img src=\"https://b2b.daisan.vn/site/upload/media/images/general/1664857579_da2d2840d5f2f2f30a9d4c801ed2953f.jpeg\" alt=\"G&#x1ea1;ch &#x1ed1;p l&#xe1;t v&#xe2;n xi m&#x103;ng Eurotile BST V&#x1ecd;ng C&#xe1;t 300*600mm VOC G03\" width=\"600\"></p>\r\n<p style=\"margin: 10px 0px; padding: 0px; border: 0px; line-height: 1.6em; font-size: 14px; font-family: &apos;Open Sans&apos;, sans-serif; vertical-align: baseline; background-color: #ffffff; text-align: center;\">&#xa0;</p>\r\n<h2 style=\"margin: 10px 0px; padding: 0px; border: 0px; line-height: 1.6em; font-size: 14px; font-family: &apos;Open Sans&apos;, sans-serif; vertical-align: baseline; background-color: #ffffff; text-align: left;\"><span style=\"font-size: 12pt;\"><strong>Ph&#x1ed1;i c&#x1ea3;nh s&#x1ea3;n ph&#x1ea9;m</strong></span></h2>\r\n<p style=\"text-align: center;\"><img src=\"https://b2b.daisan.vn/site/upload/media/images/general/1664852333_cecf0772085437bfb644d4d5e20c94fb.jpeg\" alt=\"G&#x1ea1;ch &#x1ed1;p l&#xe1;t v&#xe2;n xi m&#x103;ng Eurotile BST V&#x1ecd;ng C&#xe1;t 300*600mm VOC G01\" width=\"600\"></p>\r\n<p style=\"text-align: center;\"><img src=\"https://b2b.daisan.vn/site/upload/media/images/general/1664852347_99dad189948272e9f014ad5b0fd90233.jpeg\" alt=\"G&#x1ea1;ch &#x1ed1;p l&#xe1;t v&#xe2;n xi m&#x103;ng Eurotile BST V&#x1ecd;ng C&#xe1;t 300*600mm VOC G01\" width=\"600\"></p>\r\n<p style=\"text-align: center;\"><img src=\"https://b2b.daisan.vn/site/upload/media/images/general/1664852359_ac35f598715885e8b7a802ed0dd63bdc.jpeg\" alt=\"G&#x1ea1;ch &#x1ed1;p l&#xe1;t v&#xe2;n xi m&#x103;ng Eurotile BST V&#x1ecd;ng C&#xe1;t 300*600mm VOC G01\" width=\"600\"></p>\r\n<p style=\"text-align: center;\"><img src=\"https://b2b.daisan.vn/site/upload/media/images/general/1664852371_0e0a5d61b810e2ac2c5df5c25738ec82.jpeg\" alt=\"G&#x1ea1;ch &#x1ed1;p l&#xe1;t v&#xe2;n xi m&#x103;ng Eurotile BST V&#x1ecd;ng C&#xe1;t 300*600mm VOC G01\" width=\"600\"></p>\r\n<p style=\"text-align: center;\">&#xa0;</p>\n                                                    </div>\n                    </div>",
	"supplier": "DAISAN",
	"url_supplier": "https://b2b.daisan.vn"
}