{
	"url": "https://b2b.daisan.vn/gach-men-3d-op-tuong-phong-tam-200x300mm-p1032b-mau-tim-473386.html",
	"title": "Gạch men 3D ốp tường phòng tắm 200x300mm P1032B màu tím",
	"description": "Bảo vệ cho sản phẩm này\n                                    \n                                        Giao hàng qua Daisan Logistics\n                                        \n                                        Dự kiến ​​đơn hàng của bạn sẽ được giao trước ngày dự kiến ​​hoặc nhận khoản bồi thường chậm trễ 10%\n                                    \n                                    \n                                        Thanh toán an toàn\n\n                                        \n                                        Mọi khoản thanh toán bạn thực hiện trên Daisan.vn đều được ...\n                                    \n                                    \n                                        Chính sách hoàn tiền\n\n                                        \n                                        Yêu cầu hoàn lại tiền nếu đơn đặt hàng của bạn không được vận chuyển, bị thiếu hoặc giao đến có vấn đề về sản phẩm",
	"price": "115000",
	"sku": "DAISAN_GCH_1673",
	"thumbnail": "https://b2b.daisan.vn/site/upload/pages/25061/1594439320_9afdb01339ef137ea2f3fb1aa64a9024.jpeg",
	"images": [
		"https://b2b.daisan.vn/site/upload/pages/25061/1594439320_9afdb01339ef137ea2f3fb1aa64a9024.jpeg",
		"https://b2b.daisan.vn/site/upload/pages/25061/1594439330_9afdb01339ef137ea2f3fb1aa64a9024.jpeg",
		"https://b2b.daisan.vn/site/upload/pages/25061/1594439349_9afdb01339ef137ea2f3fb1aa64a9024.jpeg",
		"https://b2b.daisan.vn/site/upload/pages/25061/1594439399_9afdb01339ef137ea2f3fb1aa64a9024.jpeg",
		"https://b2b.daisan.vn/site/upload/pages/25061/1594457426_9afdb01339ef137ea2f3fb1aa64a9024.jpeg",
		"https://b2b.daisan.vn/site/upload/pages/25061/1594433875_9afdb01339ef137ea2f3fb1aa64a9024.jpeg",
		"https://b2b.daisan.vn/site/upload/pages/25061/1594288381_9afdb01339ef137ea2f3fb1aa64a9024.jpeg",
		"https://b2b.daisan.vn/site/upload/pages/25061/1593855034_9afdb01339ef137ea2f3fb1aa64a9024.jpeg",
		"https://b2b.daisan.vn/site/upload/pages/25061/1593832344_9afdb01339ef137ea2f3fb1aa64a9024.jpeg",
		"https://b2b.daisan.vn/site/upload/pages/25061/1593764079_9afdb01339ef137ea2f3fb1aa64a9024.jpeg",
		"https://b2b.daisan.vn/site/upload/pages/25061/1593658238_9afdb01339ef137ea2f3fb1aa64a9024.jpeg",
		"https://b2b.daisan.vn/site/upload/pages/25061/1593573692_9afdb01339ef137ea2f3fb1aa64a9024.jpeg",
		"https://b2b.daisan.vn/site/upload/pages/25061/1593505869_9afdb01339ef137ea2f3fb1aa64a9024.jpeg",
		"https://b2b.daisan.vn/site/upload/pages/25061/1593415982_9afdb01339ef137ea2f3fb1aa64a9024.jpeg",
		"https://b2b.daisan.vn/site/upload/pages/25061/1590415141_9afdb01339ef137ea2f3fb1aa64a9024.jpeg",
		"https://b2b.daisan.vn/site/upload/pages/25061/1594527390_9afdb01339ef137ea2f3fb1aa64a9024.jpeg",
		"https://b2b.daisan.vn/site/upload/pages/25061/1594457229_9afdb01339ef137ea2f3fb1aa64a9024.jpeg",
		"https://b2b.daisan.vn/site/upload/pages/25061/1594433749_9afdb01339ef137ea2f3fb1aa64a9024.jpeg",
		"https://b2b.daisan.vn/site/upload/pages/25061/1594288099_9afdb01339ef137ea2f3fb1aa64a9024.jpeg"
	],
	"content": "\n<style>\nfont-family: 'Segoe UI', Arial, sans-serif;\n    background: #fff;\n    color: #222;\n    padding: 20px;\n    max-width: 900px;\n    margin: 0 auto;\n    line-height: 1.6;\n</style>\n<div class=\"unknown-content-root\">\n                        <h3 id=\"more-detail\">M&#xf4; t&#x1ea3; s&#x1ea3;n ph&#x1ea9;m t&#x1eeb; nh&#xe0; cung c&#x1ea5;p</h3>\n                        <div class=\"description-info pb-2\">\n                            <h3>M&#xf4; t&#x1ea3; s&#x1ea3;n ph&#x1ea9;m</h3>\n                            <div>\r\n<div style=\"text-align: left;\" data-spm-anchor-id=\"a2700.md_vi_VN.pronpeci14.i3.3c026b3e4zniG1\">\r\n<div data-spm-anchor-id=\"a2700.md_vi_VN.pronpeci14.i3.3c026b3e4zniG1\"><span style=\"font-size: 11px; font-family: arial, helvetica, sans-serif;\"><strong>G&#x1ea1;ch men 3D &#x1ed1;p t&#x1b0;&#x1edd;ng ph&#xf2;ng t&#x1eaf;m 200x300mm P1032B m&#xe0;u t&#xed;m</strong>&#xa0;l&#xe0; m&#x1ed9;t lo&#x1ea1;i g&#x1ea1;ch men &#x1ed1;p l&#xe1;t kh&#xe1; th&#xf4;ng d&#x1ee5;ng cho t&#x1b0;&#x1edd;ng nh&#xe0; v&#xec; kh&#x1ea3; n&#x103;ng bi&#x1ebf;n h&#xf3;a trong vi&#x1ec7;c t&#x1ea1;o cho ng&#xf4;i nh&#xe0; nhi&#x1ec1;u phong c&#xe1;ch kh&#xe1;c nhau, b&#xea;n c&#x1ea1;nh &#x111;&#xf3; m&#x1eab;u m&#xe3; g&#x1ea1;ch c&#x169;ng kh&#xe1; &#x111;a d&#x1ea1;ng v&#xe0; gi&#xe1; c&#x1ea3; th&#xec; v&#x1eeb;a t&#xfa;i ti&#x1ec1;n.</span></div>\r\n<div data-spm-anchor-id=\"a2700.md_vi_VN.pronpeci14.i3.3c026b3e4zniG1\"><span style=\"font-size: 11px; font-family: arial, helvetica, sans-serif;\">&#xa0;</span></div>\r\n<div data-spm-anchor-id=\"a2700.md_vi_VN.pronpeci14.i3.3c026b3e4zniG1\"><span style=\"font-size: 11px; font-family: arial, helvetica, sans-serif;\"><strong>&#x1af;u &#x111;i&#x1ec3;m g&#x1ea1;ch men</strong></span></div>\r\n<div data-spm-anchor-id=\"a2700.md_vi_VN.pronpeci14.i3.3c026b3e4zniG1\">\r\n<div><span style=\"font-size: 11px; font-family: arial, helvetica, sans-serif;\"><strong>1. Ch&#x1ecb;u l&#x1ef1;c t&#x1ed1;t</strong></span></div>\r\n<div><span style=\"font-size: 11px; font-family: arial, helvetica, sans-serif;\">&#xa0;</span><span style=\"font-size: 11px; font-family: arial, helvetica, sans-serif;\">&#x1af;u &#x111;i&#x1ec3;m n&#x1ed5;i tr&#x1ed9;i nh&#x1ea5;t c&#x1ee7;a g&#x1ea1;ch &#x111;&#xf3; ch&#xed;nh l&#xe0; kh&#x1ea3; n&#x103;ng ch&#x1ecb;u l&#x1ef1;c r&#x1ea5;t t&#x1ed1;t. Do l&#x1edb;p x&#x1b0;&#x1a1;ng g&#x1ea1;ch &#x111;&#x1b0;&#x1ee3;c n&#xe9;n ch&#x1eb7;t n&#xea;n ch&#xfa;ng c&#xf3; th&#x1ec3; ch&#x1ecb;u &#x111;&#x1b0;&#x1ee3;c s&#x1ef1; t&#xe1;c &#x111;&#x1ed9;ng l&#x1edb;n. G&#x1ea1;ch c&#xf3; &#x111;&#x1ed9; b&#x1ec1;n cao c&#x169;ng nh&#x1b0; kh&#x1ea3; n&#x103;ng ch&#x1ed1;ng tr&#x1ea7;y x&#x1b0;&#x1edb;c ho&#xe0;n h&#x1ea3;o. Ph&#xf9; h&#x1ee3;p l&#xe0;m&#xa0;g&#x1ea1;ch l&#xe1;t n&#x1ec1;n&#xa0;khu v&#x1ef1;c nhi&#x1ec1;u ng&#x1b0;&#x1edd;i qua l&#x1ea1;i.</span></div>\r\n<div><span style=\"font-size: 11px; font-family: arial, helvetica, sans-serif;\">&#xa0;</span><span style=\"font-size: 11px; font-family: arial, helvetica, sans-serif;\"><strong>2. &#x110;&#x1ed9; ch&#x1ed1;ng th&#x1ea5;m n&#x1b0;&#x1edb;c tuy&#x1ec7;t &#x111;&#x1ed1;i</strong></span></div>\r\n<div><span style=\"font-size: 11px; font-family: arial, helvetica, sans-serif;\">&#xa0;</span><span style=\"font-size: 11px; font-family: arial, helvetica, sans-serif;\">Kh&#x1ea3; n&#x103;ng ch&#x1ed1;ng th&#x1ea5;m n&#x1b0;&#x1edb;c c&#x1ee7;a g&#x1ea1;ch g&#x1ea7;n nh&#x1b0; tuy&#x1ec7;t &#x111;&#x1ed1;i, M&#x1ed9;t &#x1b0;u th&#x1ebf; tuy&#x1ec7;t v&#x1edd;i gi&#xfa;p s&#x1ea3;n ph&#x1ea9;m ng&#xe0;y c&#xe0;ng nh&#x1ead;n &#x111;&#x1b0;&#x1ee3;c s&#x1ef1; &#x1b0;a chu&#x1ed9;ng l&#x1edb;n t&#x1eeb; ng&#x1b0;&#x1edd;i ti&#xea;u d&#xf9;ng. Ch&#x1ed1;ng &#x1ea9;m t&#x1ed1;t h&#x1ea1;n ch&#x1ebf; s&#x1ef1; ph&#xe1;t tri&#x1ec3;n, l&#xe2;y lan c&#x1ee7;a n&#x1ea5;m m&#x1ed1;c, rong r&#xea;u. H&#xe3;y y&#xea;n t&#xe2;m s&#x1eed; d&#x1ee5;ng ch&#xfa;ng l&#xe0;m g&#x1ea1;ch &#x1ed1;p t&#x1b0;&#x1edd;ng cho n&#x1ed9;i, ngo&#x1ea1;i th&#x1ea5;t c&#xf4;ng tr&#xec;nh. Ngo&#xe0;i ra g&#x1ea1;ch c&#xf2;n kh&#xf3; b&#x1ecb; b&#xe1;m b&#x1ee5;i, d&#x1ec5; d&#xe0;ng v&#x1ec7; sinh.&#xa0;</span></div>\r\n<div><span style=\"font-size: 11px; font-family: arial, helvetica, sans-serif;\">&#xa0;</span><span style=\"font-size: 11px; font-family: arial, helvetica, sans-serif;\"><strong>3. &#x110;a d&#x1ea1;ng m&#x1eab;u m&#xe3;, k&#xed;ch th&#x1b0;&#x1edb;c</strong></span></div>\r\n<div><span style=\"font-size: 11px; font-family: arial, helvetica, sans-serif;\">&#xa0;</span><span style=\"font-size: 11px; font-family: arial, helvetica, sans-serif;\">Thi&#x1ebf;t k&#x1ebf; m&#x1eab;u m&#xe3;, k&#xed;ch th&#x1b0;&#x1edb;c &#x111;a d&#x1ea1;ng, &#x111;&#x1b0;&#x1ee3;c &#x1ee9;ng d&#x1ee5;ng ph&#x1ed5; bi&#x1ebf;n &#x111;&#xe1;p &#x1ee9;ng nhi&#x1ec1;u nhu c&#x1ea7;u kh&#xe1;c nhau:</span></div>\r\n<ul>\r\n<li><span style=\"font-size: 11px; font-family: arial, helvetica, sans-serif;\">Nh&#xe0; &#x1edf;: ph&#xf2;ng kh&#xe1;ch, ph&#xf2;ng t&#x1eaf;m, ph&#xf2;ng ng&#x1ee7;, nh&#xe0; b&#x1ebf;p, s&#xe2;n v&#x1b0;&#x1edd;n&#x2026;</span></li>\r\n<li><span style=\"font-size: 11px; font-family: arial, helvetica, sans-serif;\">Trung t&#xe2;m th&#x1b0;&#x1a1;ng m&#x1ea1;i, si&#xea;u th&#x1ecb;.</span></li>\r\n<li><span style=\"font-size: 11px; font-family: arial, helvetica, sans-serif;\">B&#x1ec7;nh vi&#x1ec7;n, tr&#x1b0;&#x1edd;ng h&#x1ecd;c.</span></li>\r\n<li><span style=\"font-size: 11px; font-family: arial, helvetica, sans-serif;\">Kh&#xe1;ch s&#x1ea1;n, nh&#xe0; h&#xe0;ng &#x111;&#x1eb3;ng c&#x1ea5;p.</span></li>\r\n<li><span style=\"font-size: 11px; font-family: arial, helvetica, sans-serif;\">Bi&#x1ec7;t th&#x1ef1; sang tr&#x1ecd;ng, hi&#x1ec7;n &#x111;&#x1ea1;i&#x2026;</span></li>\r\n</ul>\r\n<div><span style=\"font-size: 11px; font-family: arial, helvetica, sans-serif;\"><strong>4. Th&#x1ea9;m m&#x1ef9; cao</strong></span></div>\r\n<div><span style=\"font-size: 11px; font-family: arial, helvetica, sans-serif;\">&#xa0;</span><span style=\"font-size: 11px; font-family: arial, helvetica, sans-serif;\">C&#xf4;ng ngh&#x1ec7; in 3D hi&#x1ec7;n &#x111;&#x1ea1;i t&#x1ea1;o h&#x1ecd;a ti&#x1ebf;t, v&#xe2;n g&#x1ea1;ch n&#x1ed5;i b&#x1ead;t, nh&#x1edd; v&#x1ead;y g&#x1ea1;ch c&#xf3; gi&#xe1; tr&#x1ecb; th&#x1ea9;m m&#x1ef9; cao. T&#x1eeb;ng vi&#xea;n g&#x1ea1;ch lu&#xf4;n ch&#xfa; tr&#x1ecd;ng &#x111;&#x1ebf;n s&#x1ef1; tinh t&#x1ebf;, trau chu&#x1ed1;t k&#x129; mang &#x111;&#x1ebf;n kh&#xf4;ng gian sang tr&#x1ecd;ng, hi&#x1ec7;n &#x111;&#x1ea1;i v&#xf4; c&#xf9;ng.&#xa0;</span></div>\r\n<div>&#xa0;</div>\r\n<div><span style=\"font-size: 11px;\"><strong>&#xa0;Th&#xf4;ng tin s&#x1ea3;n ph&#x1ea9;m</strong></span></div>\r\n<div>\r\n<div class=\"ife-detail-decorate-table\">\r\n<table class=\"hight-light-first-column all magic-6\" style=\"height: 119px;\" width=\"590\">\r\n<tbody>\r\n<tr>\r\n<td style=\"width: 189.659px;\" colspan=\"1\" rowspan=\"1\">\r\n<div class=\"magic-7\"><span style=\"font-size: 11px; font-family: arial, helvetica, sans-serif;\"><strong data-spm-anchor-id=\"0.0.0.i4.152f4f05n2QVtV\">T&#xea;n s&#x1ea3;n ph&#x1ea9;m</strong></span></div>\r\n</td>\r\n<td style=\"width: 143.295px;\" colspan=\"1\" rowspan=\"1\">\r\n<div class=\"magic-8\"><span style=\"font-size: 11px; font-family: arial, helvetica, sans-serif;\">G&#x1ea1;ch &#x1ed0;p T&#x1b0;&#x1edd;ng</span></div>\r\n</td>\r\n<td style=\"width: 135.114px;\" colspan=\"1\" rowspan=\"1\">\r\n<div class=\"magic-9\"><span style=\"font-size: 11px; font-family: arial, helvetica, sans-serif;\"><strong data-spm-anchor-id=\"0.0.0.i6.152f4f05n2QVtV\">B&#x1ec1; m&#x1eb7;t</strong></span></div>\r\n</td>\r\n<td style=\"width: 95.1136px;\" colspan=\"1\" rowspan=\"1\">\r\n<div class=\"magic-10\"><span style=\"font-size: 11px; font-family: arial, helvetica, sans-serif;\">Tr&#xe1;ng men</span></div>\r\n</td>\r\n</tr>\r\n<tr>\r\n<td style=\"width: 189.659px;\" colspan=\"1\" rowspan=\"1\">\r\n<div class=\"magic-7\"><span style=\"font-size: 11px; font-family: arial, helvetica, sans-serif;\"><strong data-spm-anchor-id=\"0.0.0.i7.152f4f05n2QVtV\">Ch&#x1ea5;t li&#x1ec7;u</strong></span></div>\r\n</td>\r\n<td style=\"width: 143.295px;\" colspan=\"1\" rowspan=\"1\">\r\n<div class=\"magic-8\"><span style=\"font-size: 11px; font-family: arial, helvetica, sans-serif;\">Men s&#x1ee9;</span></div>\r\n</td>\r\n<td style=\"width: 135.114px;\" colspan=\"1\" rowspan=\"1\">\r\n<div class=\"magic-9\"><span style=\"font-size: 11px; font-family: arial, helvetica, sans-serif;\"><strong data-spm-anchor-id=\"0.0.0.i8.152f4f05n2QVtV\">K&#xed;ch th&#x1b0;&#x1edb;c</strong></span></div>\r\n</td>\r\n<td style=\"width: 95.1136px;\" colspan=\"1\" rowspan=\"1\">\r\n<div class=\"magic-10\"><span style=\"font-size: 11px; font-family: arial, helvetica, sans-serif;\">200x300</span></div>\r\n</td>\r\n</tr>\r\n<tr>\r\n<td style=\"width: 189.659px;\" colspan=\"1\" rowspan=\"1\">\r\n<div class=\"magic-7\"><span style=\"font-size: 11px; font-family: arial, helvetica, sans-serif;\"><strong data-spm-anchor-id=\"0.0.0.i11.152f4f05n2QVtV\">&#x110;&#x1ed9; d&#xe0;y</strong></span></div>\r\n</td>\r\n<td style=\"width: 143.295px;\" colspan=\"1\" rowspan=\"1\">\r\n<div class=\"magic-8\"><span style=\"font-size: 11px; font-family: arial, helvetica, sans-serif;\">5.5mm ~ 6mm</span></div>\r\n</td>\r\n<td style=\"width: 135.114px;\" colspan=\"1\" rowspan=\"1\">\r\n<div class=\"magic-9\"><span style=\"font-size: 11px; font-family: arial, helvetica, sans-serif;\"><strong data-spm-anchor-id=\"0.0.0.i13.152f4f05n2QVtV\">N&#x1b0;&#x1edb;c H&#x1ea5;p Th&#x1ee5;</strong></span></div>\r\n</td>\r\n<td style=\"width: 95.1136px;\" colspan=\"1\" rowspan=\"1\">\r\n<div class=\"magic-10\"><span style=\"font-size: 11px; font-family: arial, helvetica, sans-serif;\">3%-6%</span></div>\r\n</td>\r\n</tr>\r\n<tr>\r\n<td style=\"width: 189.659px;\" colspan=\"1\" rowspan=\"1\">\r\n<div class=\"magic-7\"><span style=\"font-size: 11px; font-family: arial, helvetica, sans-serif;\"><strong data-spm-anchor-id=\"0.0.0.i14.152f4f05n2QVtV\">&#x110;&#x1ea3;m B&#x1ea3;o ch&#x1ea5;t l&#x1b0;&#x1ee3;ng</strong></span></div>\r\n</td>\r\n<td style=\"width: 143.295px;\" colspan=\"1\" rowspan=\"1\">\r\n<div class=\"magic-8\"><span style=\"font-size: 11px; font-family: arial, helvetica, sans-serif;\">H&#x1a1;n 15 n&#x103;m</span></div>\r\n</td>\r\n<td style=\"width: 135.114px;\" colspan=\"1\" rowspan=\"1\">\r\n<div class=\"magic-9\"><span style=\"font-size: 11px; font-family: arial, helvetica, sans-serif;\"><strong data-spm-anchor-id=\"0.0.0.i15.152f4f05n2QVtV\">MOQ</strong></span></div>\r\n</td>\r\n<td style=\"width: 95.1136px;\" colspan=\"1\" rowspan=\"1\">\r\n<div class=\"magic-10\"><span style=\"font-size: 11px; font-family: arial, helvetica, sans-serif;\">10SQM</span></div>\r\n</td>\r\n</tr>\r\n</tbody>\r\n</table>\r\n</div>\r\n<div class=\"icbu-pc-detailManyImage magic-11\" data-module-name=\"icbu-pc-detailManyImage\">&#xa0;</div>\r\n</div>\r\n</div>\r\n</div>\r\n<div data-spm-anchor-id=\"a2700.md_vi_VN.pronpeci14.i3.3c026b3e4zniG1\"><span style=\"font-size: 11px; font-family: arial, helvetica, sans-serif;\"><strong>H&#xec;nh &#x1ea3;nh s&#x1ea3;n ph&#x1ea9;m</strong></span></div>\r\n<div style=\"text-align: center;\" data-spm-anchor-id=\"a2700.md_vi_VN.pronpeci14.i3.3c026b3e4zniG1\">&#xa0;</div>\r\n<div style=\"text-align: center;\" data-spm-anchor-id=\"a2700.md_vi_VN.pronpeci14.i3.3c026b3e4zniG1\">&#xa0;</div>\r\n<div style=\"text-align: center;\" data-spm-anchor-id=\"a2700.md_vi_VN.pronpeci14.i3.3c026b3e4zniG1\"><img src=\"https://b2b.daisan.vn/site/upload/media/images/images/1594439449_dbadb859e4aa59d76a538f3114b74d03.jpeg\"></div>\r\n<div style=\"text-align: center;\" data-spm-anchor-id=\"a2700.md_vi_VN.pronpeci14.i3.3c026b3e4zniG1\">&#xa0;</div>\r\n<div style=\"text-align: center;\" data-spm-anchor-id=\"a2700.md_vi_VN.pronpeci14.i3.3c026b3e4zniG1\"><img src=\"https://b2b.daisan.vn/site/upload/media/images/images/1594439197_de7d4d4103a5eb7f60e418cb5bb6c416.jpeg\"></div>\r\n<div style=\"text-align: center;\" data-spm-anchor-id=\"a2700.md_vi_VN.pronpeci14.i3.3c026b3e4zniG1\">&#xa0;</div>\r\n<div style=\"text-align: center;\" data-spm-anchor-id=\"a2700.md_vi_VN.pronpeci14.i3.3c026b3e4zniG1\"><img src=\"https://b2b.daisan.vn/site/upload/media/images/images/1594439205_abcfd459b15cafec1586c6c5bf5afa35.jpeg\"></div>\r\n<div style=\"text-align: center;\" data-spm-anchor-id=\"a2700.md_vi_VN.pronpeci14.i3.3c026b3e4zniG1\"><img src=\"https://b2b.daisan.vn/site/upload/media/images/images/1594439224_848690cfa793b719558cb3bcd9d20ce3.jpeg\"></div>\r\n<div style=\"text-align: center;\" data-spm-anchor-id=\"a2700.md_vi_VN.pronpeci14.i3.3c026b3e4zniG1\">&#xa0;</div>\r\n</div>\r\n<p><span style=\"font-size: 11px; font-family: arial, helvetica, sans-serif;\"><strong>Ch&#x1ee9;ng nh&#x1ead;n</strong></span></p>\r\n<p style=\"text-align: center;\"><span style=\"font-size: 11px; font-family: arial, helvetica, sans-serif;\"><strong><img src=\"https://b2b.daisan.vn/site/upload/media/images/images/1590396774_48c890f83c957c95b3f8c63b1ecea9a3.jpeg\"></strong></span></p>\r\n<p><span style=\"font-size: 11px; font-family: arial, helvetica, sans-serif;\"><strong>H&#xec;nh &#x1ea3;nh C&#xf4;ng ty</strong></span></p>\r\n<p style=\"text-align: center;\"><span style=\"font-size: 11px; font-family: arial, helvetica, sans-serif;\"><strong><img src=\"https://b2b.daisan.vn/site/upload/media/images/images/1590396807_2e7291ab9216d10456c12822df665745.jpeg\"></strong></span></p>\r\n<p style=\"text-align: left;\"><span style=\"font-size: 11px; font-family: arial, helvetica, sans-serif;\"><strong>X&#x1b0;&#x1edf;ng s&#x1ea3;n xu&#x1ea5;t</strong></span></p>\r\n<p style=\"text-align: center;\"><span style=\"font-size: 11px; font-family: arial, helvetica, sans-serif;\"><strong><img src=\"https://b2b.daisan.vn/site/upload/media/images/images/1590396641_c0edf35965e8e3e1ff6df3a9cbde9975.jpeg\"></strong></span></p>\n                                                    </div>\n                    </div>",
	"supplier": "DAISAN",
	"url_supplier": "https://b2b.daisan.vn"
}