{
	"url": "https://b2b.daisan.vn/gach-mosaic-xuong-ca-255x280mm-mau-trang-469641.html",
	"title": "Gạch mosaic xương cá 255x280mm màu trắng",
	"description": "Bảo vệ cho sản phẩm này\n                                    \n                                        Giao hàng qua Daisan Logistics\n                                        \n                                        Dự kiến ​​đơn hàng của bạn sẽ được giao trước ngày dự kiến ​​hoặc nhận khoản bồi thường chậm trễ 10%\n                                    \n                                    \n                                        Thanh toán an toàn\n\n                                        \n                                        Mọi khoản thanh toán bạn thực hiện trên Daisan.vn đều được ...\n                                    \n                                    \n                                        Chính sách hoàn tiền\n\n                                        \n                                        Yêu cầu hoàn lại tiền nếu đơn đặt hàng của bạn không được vận chuyển, bị thiếu hoặc giao đến có vấn đề về sản phẩm",
	"price": "1154000",
	"sku": "DAISAN_GCH_8296",
	"thumbnail": "https://b2b.daisan.vn/site/upload/pages/25061/1593428586_9afdb01339ef137ea2f3fb1aa64a9024.jpeg",
	"images": [
		"https://b2b.daisan.vn/site/upload/pages/25061/1593428586_9afdb01339ef137ea2f3fb1aa64a9024.jpeg",
		"https://b2b.daisan.vn/site/upload/pages/25061/1593428588_9afdb01339ef137ea2f3fb1aa64a9024.jpeg",
		"https://b2b.daisan.vn/site/upload/pages/25061/1593428590_9afdb01339ef137ea2f3fb1aa64a9024.jpeg",
		"https://b2b.daisan.vn/site/upload/pages/25061/1594457426_9afdb01339ef137ea2f3fb1aa64a9024.jpeg",
		"https://b2b.daisan.vn/site/upload/pages/25061/1594434103_9afdb01339ef137ea2f3fb1aa64a9024.jpeg",
		"https://b2b.daisan.vn/site/upload/pages/25061/1594288567_9afdb01339ef137ea2f3fb1aa64a9024.jpeg",
		"https://b2b.daisan.vn/site/upload/pages/25061/1593855280_9afdb01339ef137ea2f3fb1aa64a9024.jpeg",
		"https://b2b.daisan.vn/site/upload/pages/25061/1593832584_9afdb01339ef137ea2f3fb1aa64a9024.jpeg",
		"https://b2b.daisan.vn/site/upload/pages/25061/1593764216_9afdb01339ef137ea2f3fb1aa64a9024.jpeg",
		"https://b2b.daisan.vn/site/upload/pages/25061/1593658369_9afdb01339ef137ea2f3fb1aa64a9024.jpeg",
		"https://b2b.daisan.vn/site/upload/pages/25061/1593574390_9afdb01339ef137ea2f3fb1aa64a9024.jpeg",
		"https://b2b.daisan.vn/site/upload/pages/25061/1593506208_9afdb01339ef137ea2f3fb1aa64a9024.jpeg",
		"https://b2b.daisan.vn/site/upload/pages/25061/1593415982_9afdb01339ef137ea2f3fb1aa64a9024.jpeg",
		"https://b2b.daisan.vn/site/upload/pages/25061/1590415141_9afdb01339ef137ea2f3fb1aa64a9024.jpeg",
		"https://b2b.daisan.vn/site/upload/pages/25061/1594527390_9afdb01339ef137ea2f3fb1aa64a9024.jpeg",
		"https://b2b.daisan.vn/site/upload/pages/25061/1594457229_9afdb01339ef137ea2f3fb1aa64a9024.jpeg",
		"https://b2b.daisan.vn/site/upload/pages/25061/1594433875_9afdb01339ef137ea2f3fb1aa64a9024.jpeg",
		"https://b2b.daisan.vn/site/upload/pages/25061/1594288381_9afdb01339ef137ea2f3fb1aa64a9024.jpeg"
	],
	"content": "\n<style>\nfont-family: 'Segoe UI', Arial, sans-serif;\n    background: #fff;\n    color: #222;\n    padding: 20px;\n    max-width: 900px;\n    margin: 0 auto;\n    line-height: 1.6;\n</style>\n<div class=\"unknown-content-root\">\n                        <h3 id=\"more-detail\">M&#xf4; t&#x1ea3; s&#x1ea3;n ph&#x1ea9;m t&#x1eeb; nh&#xe0; cung c&#x1ea5;p</h3>\n                        <div class=\"description-info pb-2\">\n                            <h3>M&#xf4; t&#x1ea3; s&#x1ea3;n ph&#x1ea9;m</h3>\n                            <div>\r\n<div style=\"text-align: left;\" data-spm-anchor-id=\"a2700.md_vi_VN.pronpeci14.i3.3c026b3e4zniG1\"><strong>G&#x1ea1;ch mosaic x&#x1b0;&#x1a1;ng c&#xe1; 255x280mm m&#xe0;u tr&#x1eaf;ng</strong> l&#xe0; lo&#x1ea1;i g&#x1ea1;ch&#xa0;&#x111;&#x1b0;&#x1ee3;c s&#x1ea3;n xu&#x1ea5;t t&#x1eeb; t&#x1ea3;ng &#x111;&#xe1; l&#x1edb;n c&#x1eaf;t th&#xe0;nh nh&#x1eef;ng vi&#xea;n nh&#x1ecf; theo h&#xec;nh d&#x1ea1;ng v&#xe0; k&#xed;ch th&#x1b0;&#x1edb;c nh&#x1ea5;t &#x111;&#x1ecb;nh.</div>\r\n<div style=\"text-align: left;\" data-spm-anchor-id=\"a2700.md_vi_VN.pronpeci14.i3.3c026b3e4zniG1\">G&#x1ea1;ch&#xa0;&#x111;&#x1b0;&#x1ee3;c d&#xf9;ng trong trang tr&#xed; n&#x1ed9;i ngo&#x1ea1;i th&#x1ea5;t, nh&#x1eb1;m t&#x103;ng t&#xed;nh th&#x1ea9;m m&#x129; c&#x1ee7;ng nh&#x1b0; m&#xe0;u s&#x1eaf;c t&#x1b0;&#x1a1;i s&#xe1;ng cho kh&#xf4;ng gian ng&#xf4;i nh&#xe0;. L&#xe0;m cho ng&#xf4;i nh&#xe0; tr&#x1edf; n&#xea;n &#x111;&#x1eb9;p h&#x1a1;n, &#x111;&#x1ed9;c &#x111;&#xe1;o, sang t&#x1b0;&#x1a1;i m&#x1edb;i h&#x1a1;n v&#x1edb;i t&#x1eeb;ng vi&#xea;n &#x111;&#xe1; &#x1ed1;p t&#x1b0;&#x1edd;ng. Ngo&#xe0;i ra, v&#x1edb;i s&#x1ef1; k&#x1ebf;t h&#x1ee3;p tinh t&#x1ebf; gi&#x1eef;a c&#xe1;c vi&#xea;n&#xa0;&#x111;&#xe1; mosaic t&#x1ef1; nhi&#xea;n&#xa0;l&#x1ea1;i v&#x1edb;i nhau s&#x1ebd; t&#x1ea1;o ra c&#xe1;c h&#xec;nh th&#xf9; kh&#xe1;c nhau, m&#xe0;u s&#xe1;ng kh&#xe1;c nhau t&#xf9;y v&#xe0;o s&#x1edf; th&#xed;ch v&#xe0; thi&#x1ebf;t k&#x1ebf; c&#x1ee7;a kh&#xf4;ng gian ng&#xf4;i nh&#xe0;.</div>\r\n<div style=\"text-align: left;\" data-spm-anchor-id=\"a2700.md_vi_VN.pronpeci14.i3.3c026b3e4zniG1\">&#xa0;</div>\r\n<div style=\"text-align: left;\" data-spm-anchor-id=\"a2700.md_vi_VN.pronpeci14.i3.3c026b3e4zniG1\"><strong>&#x1af;u &#x111;i&#x1ec3;m c&#x1ee7;a g&#x1ea1;ch mosaic:</strong>\r\n<ul>\r\n<li>&#x110;&#x1ed9; c&#x1ee9;ng v&#xe0; &#x111;&#x1ed9; b&#x1ec1;n cao theo th&#x1edd;i gian s&#x1eed; d&#x1ee5;ng.</li>\r\n<li>Kh&#x1ea3; n&#x103;ng ch&#x1ed1;ng th&#x1ea5;m n&#x1b0;&#x1edb;c v&#xe0; ch&#x1ed1;ng &#x103;n m&#xf2;n ho&#xe0;n h&#x1ea3;o.</li>\r\n<li>K&#x1ebf;t d&#xed;nh ch&#x1eaf;c ch&#x1eaf;n do l&#xe0; t&#x1ead;p h&#x1ee3;p c&#x1ee7;a nhi&#x1ec1;u vi&#xea;n g&#x1ea1;ch nh&#x1ecf;, &#x111;&#x1b0;&#x1ee3;c k&#x1ebf;t d&#xed;nh v&#x1edb;i nhau b&#x1eb1;ng m&#x1ed9;t lo&#x1ea1;i keo chuy&#xea;n d&#x1ee5;ng.</li>\r\n<li>Kh&#x1ea3; n&#x103;ng &#x1ee9;ng bi&#x1ebf;n linh &#x111;&#x1ed9;ng, s&#x1eed; d&#x1ee5;ng ph&#xf9; h&#x1ee3;p cho nhi&#x1ec1;u kh&#xf4;ng gian v&#xe0; v&#x1ecb; tr&#xed; kh&#xe1;c nhau.</li>\r\n<li>&#x110;a d&#x1ea1;ng v&#x1ec1; m&#x1eab;u m&#xe3; v&#xe0; k&#xed;ch th&#x1b0;&#x1edb;c, h&#xec;nh d&#x1ea1;ng v&#xe0; m&#xe0;u s&#x1eaf;c.</li>\r\n<li>T&#xed;nh th&#x1ea9;m m&#x1ef9; cao, t&#xed;nh ngh&#x1ec7; thu&#x1ead;t chuy&#xea;n bi&#x1ec7;t mang l&#x1ea1;i gi&#xe1; tr&#x1ecb; &#x111;&#x1ed9;c &#x111;&#xe1;o cho c&#xf4;ng tr&#xec;nh ki&#x1ebf;n tr&#xfa;c kh&#xe1;c nhau.</li>\r\n</ul>\r\n</div>\r\n<div style=\"text-align: left;\" data-spm-anchor-id=\"a2700.md_vi_VN.pronpeci14.i3.3c026b3e4zniG1\"><strong>&#xa0;</strong></div>\r\n<div style=\"text-align: left;\" data-spm-anchor-id=\"a2700.md_vi_VN.pronpeci14.i3.3c026b3e4zniG1\"><strong>Th&#xf4;ng tin s&#x1ea3;n ph&#x1ea9;m</strong></div>\r\n<div style=\"text-align: left;\" data-spm-anchor-id=\"a2700.md_vi_VN.pronpeci14.i3.3c026b3e4zniG1\">&#xa0;<br>\r\n<table style=\"height: 183px;\" width=\"539\">\r\n<tbody>\r\n<tr>\r\n<td style=\"width: 241.6px;\">Ch&#x1ea5;t li&#x1ec7;u</td>\r\n<td style=\"width: 282.4px;\">&#xa0;&#x110;&#xe1;</td>\r\n</tr>\r\n<tr>\r\n<td style=\"width: 241.6px;\">Th&#x1b0;&#x1a1;ng hi&#x1ec7;u</td>\r\n<td style=\"width: 282.4px;\">Aushin</td>\r\n</tr>\r\n<tr>\r\n<td style=\"width: 241.6px;\">M&#x1ea3;nh/vu&#xf4;ng</td>\r\n<td style=\"width: 282.4px;\">11 m&#x1ea3;nh/0.86 vu&#xf4;ng</td>\r\n</tr>\r\n<tr>\r\n<td style=\"width: 241.6px;\">M&#x1ea3;nh/H&#x1ed9;p</td>\r\n<td style=\"width: 282.4px;\">11 m&#x1ea3;nh/1 h&#x1ed9;p</td>\r\n</tr>\r\n<tr>\r\n<td style=\"width: 241.6px;\">K&#xed;ch th&#x1b0;&#x1edb;c/m&#x1ea3;nh</td>\r\n<td style=\"width: 282.4px;\">12x48x8mm</td>\r\n</tr>\r\n<tr>\r\n<td style=\"width: 241.6px;\">Tr&#x1ecd;ng l&#x1b0;&#x1ee3;ng/box</td>\r\n<td style=\"width: 282.4px;\">15 KG</td>\r\n</tr>\r\n<tr>\r\n<td style=\"width: 241.6px;\">K&#xed;ch th&#x1b0;&#x1edb;c/t&#x1ea5;m</td>\r\n<td style=\"width: 282.4px;\">255x280mm</td>\r\n</tr>\r\n</tbody>\r\n</table>\r\n</div>\r\n<div style=\"text-align: left;\" data-spm-anchor-id=\"a2700.md_vi_VN.pronpeci14.i3.3c026b3e4zniG1\">&#xa0;</div>\r\n<div style=\"text-align: left;\" data-spm-anchor-id=\"a2700.md_vi_VN.pronpeci14.i3.3c026b3e4zniG1\"><strong>H&#xec;nh &#x1ea3;nh s&#x1ea3;n ph&#x1ea9;m</strong></div>\r\n<div style=\"text-align: center;\" data-spm-anchor-id=\"a2700.md_vi_VN.pronpeci14.i3.3c026b3e4zniG1\">&#xa0;<img src=\"https://b2b.daisan.vn/site/upload/media/images/images/1593428579_b657af0ae59fbd10857c41dc42467cd5.jpeg\"></div>\r\n<div style=\"text-align: center;\" data-spm-anchor-id=\"a2700.md_vi_VN.pronpeci14.i3.3c026b3e4zniG1\">&#xa0;&#xa0;<img src=\"https://b2b.daisan.vn/site/upload/media/images/images/1593428552_706daf4c3a0c68da346fff97e69a2387.jpeg\"></div>\r\n<div style=\"text-align: center;\" data-spm-anchor-id=\"a2700.md_vi_VN.pronpeci14.i3.3c026b3e4zniG1\"><img src=\"https://b2b.daisan.vn/site/upload/media/images/images/1593428566_3d791f3bcafea5a81e1ad5f5ab834ab3.jpeg\"></div>\r\n<div style=\"text-align: center;\" data-spm-anchor-id=\"a2700.md_vi_VN.pronpeci14.i3.3c026b3e4zniG1\">&#xa0;</div>\r\n</div>\r\n<p><strong>Ch&#x1ee9;ng nh&#x1ead;n</strong>&#xa0;</p>\r\n<p style=\"text-align: center;\"><strong><img src=\"https://b2b.daisan.vn/site/upload/media/images/images/1590396774_48c890f83c957c95b3f8c63b1ecea9a3.jpeg\"></strong></p>\r\n<p><strong>H&#xec;nh &#x1ea3;nh C&#xf4;ng ty</strong></p>\r\n<p style=\"text-align: center;\"><strong><img src=\"https://b2b.daisan.vn/site/upload/media/images/images/1590396807_2e7291ab9216d10456c12822df665745.jpeg\"></strong></p>\r\n<p style=\"text-align: left;\"><strong>X&#x1b0;&#x1edf;ng s&#x1ea3;n xu&#x1ea5;t</strong></p>\r\n<p style=\"text-align: center;\"><strong><img src=\"https://b2b.daisan.vn/site/upload/media/images/images/1590396641_c0edf35965e8e3e1ff6df3a9cbde9975.jpeg\"></strong></p>\n                                                    </div>\n                    </div>",
	"supplier": "DAISAN",
	"url_supplier": "https://b2b.daisan.vn"
}