{
	"url": "https://b2b.daisan.vn/gach-op-tuong-tasa-300x600mm-3713-192628.html",
	"title": "Gạch ốp tường Tasa 300x600mm 3713",
	"description": "Bảo vệ cho sản phẩm này\n                                    \n                                        Giao hàng qua Daisan Logistics\n                                        \n                                        Dự kiến ​​đơn hàng của bạn sẽ được giao trước ngày dự kiến ​​hoặc nhận khoản bồi thường chậm trễ 10%\n                                    \n                                    \n                                        Thanh toán an toàn\n\n                                        \n                                        Mọi khoản thanh toán bạn thực hiện trên Daisan.vn đều được ...\n                                    \n                                    \n                                        Chính sách hoàn tiền\n\n                                        \n                                        Yêu cầu hoàn lại tiền nếu đơn đặt hàng của bạn không được vận chuyển, bị thiếu hoặc giao đến có vấn đề về sản phẩm",
	"price": "145000",
	"sku": "DAISAN_GCH_6459",
	"thumbnail": "https://b2b.daisan.vn/site/upload/pages/16246/1539049811_9afdb01339ef137ea2f3fb1aa64a9024.jpeg",
	"images": [
		"https://b2b.daisan.vn/site/upload/pages/16246/1539049811_9afdb01339ef137ea2f3fb1aa64a9024.jpeg",
		"https://b2b.daisan.vn/site/upload/pages/16246/1600682362_9afdb01339ef137ea2f3fb1aa64a9024.jpeg",
		"https://b2b.daisan.vn/site/upload/pages/16246/1539051465_9afdb01339ef137ea2f3fb1aa64a9024.jpeg",
		"https://b2b.daisan.vn/site/upload/pages/16246/1538993338_9afdb01339ef137ea2f3fb1aa64a9024.jpeg",
		"https://b2b.daisan.vn/site/upload/pages/16246/1538991118_9afdb01339ef137ea2f3fb1aa64a9024.jpeg",
		"https://b2b.daisan.vn/site/upload/pages/16246/1539051440_9afdb01339ef137ea2f3fb1aa64a9024.jpeg",
		"https://b2b.daisan.vn/site/upload/pages/16246/1538993312_9afdb01339ef137ea2f3fb1aa64a9024.jpeg",
		"https://b2b.daisan.vn/site/upload/pages/16246/1538991092_9afdb01339ef137ea2f3fb1aa64a9024.jpeg",
		"https://b2b.daisan.vn/site/upload/pages/16246/1539051413_9afdb01339ef137ea2f3fb1aa64a9024.jpeg",
		"https://b2b.daisan.vn/site/upload/pages/16246/1538993284_9afdb01339ef137ea2f3fb1aa64a9024.jpeg",
		"https://b2b.daisan.vn/site/upload/pages/16246/1538990995_9afdb01339ef137ea2f3fb1aa64a9024.jpeg",
		"https://b2b.daisan.vn/site/upload/pages/16246/1539051131_9afdb01339ef137ea2f3fb1aa64a9024.jpeg",
		"https://b2b.daisan.vn/site/upload/pages/16246/1538993254_9afdb01339ef137ea2f3fb1aa64a9024.jpeg",
		"https://b2b.daisan.vn/site/upload/pages/16246/1538990867_9afdb01339ef137ea2f3fb1aa64a9024.jpeg",
		"https://b2b.daisan.vn/site/upload/pages/16246/1538990729_9afdb01339ef137ea2f3fb1aa64a9024.jpeg",
		"https://b2b.daisan.vn/site/upload/pages/16246/1539051003_9afdb01339ef137ea2f3fb1aa64a9024.jpeg",
		"https://b2b.daisan.vn/site/upload/pages/16246/1538993217_9afdb01339ef137ea2f3fb1aa64a9024.jpeg"
	],
	"content": "\n<style>\nfont-family: 'Segoe UI', Arial, sans-serif;\n    background: #fff;\n    color: #222;\n    padding: 20px;\n    max-width: 900px;\n    margin: 0 auto;\n    line-height: 1.6;\n</style>\n<div class=\"unknown-content-root\">\n                        <h3 id=\"more-detail\">M&#xf4; t&#x1ea3; s&#x1ea3;n ph&#x1ea9;m t&#x1eeb; nh&#xe0; cung c&#x1ea5;p</h3>\n                        <div class=\"description-info pb-2\">\n                            <h3>M&#xf4; t&#x1ea3; s&#x1ea3;n ph&#x1ea9;m</h3>\n                            <p>G&#x1ea1;ch &#x1ed1;p t&#x1b0;&#x1edd;ng Tasa 300x600mm 3713 l&#xe0; s&#x1ea3;n ph&#x1ea9;m v&#x1edb;i m&#xe0;u tr&#x1eaf;ng x&#xe1;m nh&#x1eb9;, gi&#xfa;p kh&#xf4;ng gian nh&#xe0; b&#x1ea1;n tr&#x1edf; n&#xea;n sang tr&#x1ecd;ng,&#xa0;s&#x1ea1;ch tho&#xe1;ng.</p>\r\n<p><strong>&#x1af;u &#x111;i&#x1ec3;m c&#x1ee7;a g&#x1ea1;ch &#x1ed1;p t&#x1b0;&#x1edd;ng Tasa 300x600mm 3713</strong></p>\r\n<p>+ S&#x1ea3;n xu&#x1ea5;t theo C&#xf4;ng ngh&#x1ec7; m&#x1edb;i, hi&#x1ec7;n &#x111;&#x1ea1;i v&#xe0; lu&#xf4;n an to&#xe0;n cho s&#x1ee9;c kh&#x1ecf;e gia &#x111;&#xec;nh b&#x1ea1;n.</p>\r\n<p>+ &#x110;&#x1ea3;m b&#x1ea3;o b&#x1ec1;n m&#xe0;u, kh&#xf4;ng b&#x1ecb; m&#xe0;i m&#xf2;n b&#x1ec1; m&#x1eb7;t trong th&#x1edd;i gian d&#xe0;i s&#x1eed; d&#x1ee5;ng.</p>\r\n<p>+ G&#x1ea1;ch c&#xf3; gi&#xe1; th&#xe0;nh h&#x1ee3;p l&#xfd; v&#xe0; ch&#x1ea5;t l&#x1b0;&#x1ee3;ng t&#x1ed1;t n&#xea;n &#x111;&#x1b0;&#x1ee3;c nhi&#x1ec1;u ng&#x1b0;&#x1edd;i d&#xe2;n tin d&#xf9;ng.</p>\r\n<p>+ G&#x1ea1;ch &#x111;&#x1b0;&#x1ee3;c s&#x1eed; d&#x1ee5;ng l&#xe1;t n&#x1ec1;n v&#x1ec7; sinh ho&#x1eb7;c l&#xe1;t ban c&#xf4;ng , s&#xe2;n ch&#x1a1;i , c&#xe1;c khu v&#x1ef1;c ch&#x1ed1;ng tr&#x1a1;n tr&#x1b0;&#x1ee3;t ..v..vvv</p>\r\n<p style=\"text-align: center;\"><img src=\"https://b2b.daisan.vn/site/upload/pages/16246/1600682362_9afdb01339ef137ea2f3fb1aa64a9024.jpeg\" alt=\"1\" width=\"100%\"></p>\n                                                    </div>\n                    </div>",
	"supplier": "DAISAN",
	"url_supplier": "https://b2b.daisan.vn"
}