{
	"url": "https://b2b.daisan.vn/gach-op-tuong-300x600mm-y6861ml-1577956.html",
	"title": "Gạch ốp tường 300x600mm Y6861ML",
	"description": "Bảo vệ cho sản phẩm này\n                                    \n                                        Giao hàng qua Daisan Logistics\n                                        \n                                        Dự kiến ​​đơn hàng của bạn sẽ được giao trước ngày dự kiến ​​hoặc nhận khoản bồi thường chậm trễ 10%\n                                    \n                                    \n                                        Thanh toán an toàn\n\n                                        \n                                        Mọi khoản thanh toán bạn thực hiện trên Daisan.vn đều được ...\n                                    \n                                    \n                                        Chính sách hoàn tiền\n\n                                        \n                                        Yêu cầu hoàn lại tiền nếu đơn đặt hàng của bạn không được vận chuyển, bị thiếu hoặc giao đến có vấn đề về sản phẩm",
	"price": "330000",
	"sku": "DAISAN_GCH_1184",
	"thumbnail": "https://b2b.daisan.vn/site/upload/pages/28814/1729933462_68479.jpeg",
	"images": [
		"https://b2b.daisan.vn/site/upload/pages/28814/1729933462_68479.jpeg",
		"https://b2b.daisan.vn/site/upload/pages/28814/1729933470_92772.jpeg",
		"https://b2b.daisan.vn/site/upload/pages/28814/1730106044_48631.jpeg",
		"https://b2b.daisan.vn/site/upload/pages/28814/1730106142_80532.jpeg",
		"https://b2b.daisan.vn/site/upload/pages/28814/1743576859_51365.jpeg",
		"https://b2b.daisan.vn/site/upload/pages/28814/1730111056_35913.jpeg",
		"https://b2b.daisan.vn/site/upload/pages/28814/1699602342_1bb09edeecdea3b676b64b6139d0befb.webp",
		"https://b2b.daisan.vn/site/upload/pages/28814/1743576747_30134.jpeg",
		"https://b2b.daisan.vn/site/upload/pages/28814/1730110981_57569.jpeg",
		"https://b2b.daisan.vn/site/upload/pages/28814/1699602340_0393f0a0c2a204f8688849dbb1158960.webp",
		"https://b2b.daisan.vn/site/upload/pages/28814/1743576643_31762.jpeg",
		"https://b2b.daisan.vn/site/upload/pages/28814/1730110894_58548.jpeg",
		"https://b2b.daisan.vn/site/upload/pages/28814/1699602338_00be272bc435b7116f11f8798cf394c8.webp",
		"https://b2b.daisan.vn/site/upload/pages/28814/1743576423_50142.jpeg",
		"https://b2b.daisan.vn/site/upload/pages/28814/1730110802_56241.jpeg",
		"https://b2b.daisan.vn/site/upload/pages/28814/1699602336_a9921251e67c583d45f90b546bb324b9.webp",
		"https://b2b.daisan.vn/site/upload/pages/28814/1699602334_d7cc081e23eebbfe1515fb7c763aedb3.webp",
		"https://b2b.daisan.vn/site/upload/pages/28814/1743576319_36341.jpeg",
		"https://b2b.daisan.vn/site/upload/pages/28814/1730110710_45879.jpeg"
	],
	"content": "\n<style>\nfont-family: 'Segoe UI', Arial, sans-serif;\n    background: #fff;\n    color: #222;\n    padding: 20px;\n    max-width: 900px;\n    margin: 0 auto;\n    line-height: 1.6;\n</style>\n<div class=\"unknown-content-root\">\n                        <h3 id=\"more-detail\">M&#xf4; t&#x1ea3; s&#x1ea3;n ph&#x1ea9;m t&#x1eeb; nh&#xe0; cung c&#x1ea5;p</h3>\n                        <div class=\"description-info pb-2\">\n                            <h3>M&#xf4; t&#x1ea3; s&#x1ea3;n ph&#x1ea9;m</h3>\n                            <p style=\"box-sizing: border-box; margin-top: 0px; margin-bottom: 1rem; color: #212529; font-family: Arial, Helvetica, sans-serif; font-size: 13px; background-color: #ffffff; text-align: justify;\" data-sourcepos=\"3:1-3:244\">G&#x1ea1;ch &#x1ed1;p t&#x1b0;&#x1edd;ng 300x600mm l&#xe0; m&#x1ed9;t trong nh&#x1eef;ng k&#xed;ch th&#x1b0;&#x1edb;c ph&#x1ed5; bi&#x1ebf;n nh&#x1ea5;t hi&#x1ec7;n nay tr&#xea;n th&#x1ecb; tr&#x1b0;&#x1edd;ng, &#x111;&#x1b0;&#x1ee3;c &#x1b0;a chu&#x1ed9;ng b&#x1edf;i s&#x1ef1; linh ho&#x1ea1;t, t&#xed;nh th&#x1ea9;m m&#x1ef9; cao v&#xe0; gi&#xe1; th&#xe0;nh h&#x1ee3;p l&#xfd;, s&#x1ea3;n ph&#x1ea9;m s&#x1edf; h&#x1eef;u h&#xe0;ng lo&#x1ea1;t nh&#x1eef;ng &#x1b0;u &#x111;i&#x1ec3;m tuy&#x1ec7;t v&#x1edd;i nh&#x1b0;:</p>\r\n<ul style=\"box-sizing: border-box; margin-top: 0px; margin-bottom: 1rem; padding: 0px; list-style: none; color: #212529; font-family: Arial, Helvetica, sans-serif; font-size: 13px; background-color: #ffffff; text-align: justify;\" data-sourcepos=\"7:1-12:0\">\r\n<li style=\"box-sizing: border-box; margin-right: 4px;\" data-sourcepos=\"7:1-7:237\"><span style=\"box-sizing: border-box; font-weight: bolder;\">T&#xed;nh th&#x1ea9;m m&#x1ef9;:</span>&#xa0;G&#x1ea1;ch &#x1ed1;p t&#x1b0;&#x1edd;ng 300x600 mang &#x111;&#x1ebf;n v&#x1ebb; &#x111;&#x1eb9;p sang tr&#x1ecd;ng, hi&#x1ec7;n &#x111;&#x1ea1;i cho kh&#xf4;ng gian nh&#xe0; b&#x1ea1;n. V&#x1edb;i &#x111;a d&#x1ea1;ng m&#x1eab;u m&#xe3;, m&#xe0;u s&#x1eaf;c v&#xe0; hoa v&#x103;n, b&#x1ea1;n c&#xf3; th&#x1ec3; d&#x1ec5; d&#xe0;ng l&#x1ef1;a ch&#x1ecd;n s&#x1ea3;n ph&#x1ea9;m ph&#xf9; h&#x1ee3;p v&#x1edb;i s&#x1edf; th&#xed;ch v&#xe0; phong c&#xe1;ch thi&#x1ebf;t k&#x1ebf; c&#x1ee7;a ng&#xf4;i nh&#xe0;.</li>\r\n<li style=\"box-sizing: border-box; margin-right: 4px;\" data-sourcepos=\"8:1-8:191\"><span style=\"box-sizing: border-box; font-weight: bolder;\">K&#xed;ch th&#x1b0;&#x1edb;c linh ho&#x1ea1;t:</span>&#xa0;K&#xed;ch th&#x1b0;&#x1edb;c 300x600 ph&#xf9; h&#x1ee3;p v&#x1edb;i nhi&#x1ec1;u di&#x1ec7;n t&#xed;ch ph&#xf2;ng kh&#xe1;c nhau, t&#x1eeb; nh&#xe0; nh&#x1ecf; &#x111;&#x1ebf;n nh&#xe0; l&#x1edb;n. G&#x1ea1;ch mang l&#x1ea1;i c&#x1ea3;m gi&#xe1;c r&#x1ed9;ng r&#xe3;i, tho&#xe1;ng m&#xe1;t cho c&#x103;n ph&#xf2;ng.</li>\r\n<li style=\"box-sizing: border-box; margin-right: 4px;\" data-sourcepos=\"9:1-9:173\"><span style=\"box-sizing: border-box; font-weight: bolder;\">D&#x1ec5; thi c&#xf4;ng:</span>&#xa0;G&#x1ea1;ch &#x1ed1;p t&#x1b0;&#x1edd;ng 300x600 c&#xf3; k&#xed;ch th&#x1b0;&#x1edb;c v&#x1eeb;a ph&#x1ea3;i, d&#x1ec5; d&#xe0;ng v&#x1ead;n chuy&#x1ec3;n v&#xe0; thi c&#xf4;ng. Vi&#x1ec7;c thi c&#xf4;ng g&#x1ea1;ch c&#x169;ng di&#x1ec5;n ra nhanh ch&#xf3;ng, ti&#x1ebf;t ki&#x1ec7;m th&#x1edd;i gian v&#xe0; chi ph&#xed;.</li>\r\n<li style=\"box-sizing: border-box; margin-right: 4px;\" data-sourcepos=\"10:1-10:186\"><span style=\"box-sizing: border-box; font-weight: bolder;\">Gi&#xe1; th&#xe0;nh h&#x1ee3;p l&#xfd;:</span>&#xa0;So v&#x1edb;i c&#xe1;c lo&#x1ea1;i g&#x1ea1;ch &#x1ed1;p t&#x1b0;&#x1edd;ng c&#xf3; k&#xed;ch th&#x1b0;&#x1edb;c l&#x1edb;n h&#x1a1;n, g&#x1ea1;ch &#x1ed1;p t&#x1b0;&#x1edd;ng 300x600 c&#xf3; gi&#xe1; th&#xe0;nh r&#x1ebb; h&#x1a1;n. &#x110;&#xe2;y l&#xe0; l&#x1ef1;a ch&#x1ecd;n ti&#x1ebf;t ki&#x1ec7;m cho nh&#x1eef;ng gia &#x111;&#xec;nh c&#xf3; ng&#xe2;n s&#xe1;ch h&#x1ea1;n h&#x1eb9;p.</li>\r\n<li style=\"box-sizing: border-box; margin-right: 4px;\" data-sourcepos=\"11:1-12:0\"><span style=\"box-sizing: border-box; font-weight: bolder;\">&#x110;&#x1ed9; b&#x1ec1;n cao:</span>&#xa0;G&#x1ea1;ch &#x1ed1;p t&#x1b0;&#x1edd;ng 300x600 &#x111;&#x1b0;&#x1ee3;c s&#x1ea3;n xu&#x1ea5;t t&#x1eeb; ch&#x1ea5;t li&#x1ec7;u cao c&#x1ea5;p, c&#xf3; &#x111;&#x1ed9; b&#x1ec1;n cao, ch&#x1ecb;u &#x111;&#x1b0;&#x1ee3;c va &#x111;&#x1ead;p t&#x1ed1;t v&#xe0; kh&#xf4;ng b&#x1ecb; th&#x1ea5;m n&#x1b0;&#x1edb;c.</li>\r\n</ul>\r\n<p style=\"box-sizing: border-box; margin-top: 0px; margin-bottom: 1rem; color: #212529; font-family: Arial, Helvetica, sans-serif; font-size: 13px; background-color: #ffffff;\"><span style=\"box-sizing: border-box; font-weight: bolder;\">&#x1ee8;ng d&#x1ee5;ng:</span></p>\r\n<p style=\"box-sizing: border-box; margin-top: 0px; margin-bottom: 1rem; color: #212529; font-family: Arial, Helvetica, sans-serif; font-size: 13px; background-color: #ffffff; text-align: justify;\" data-sourcepos=\"22:1-22:99\">G&#x1ea1;ch &#x1ed1;p t&#x1b0;&#x1edd;ng 300x600 c&#xf3; th&#x1ec3; &#x111;&#x1b0;&#x1ee3;c s&#x1eed; d&#x1ee5;ng &#x111;&#x1ec3; &#x1ed1;p t&#x1b0;&#x1edd;ng cho nhi&#x1ec1;u kh&#xf4;ng gian kh&#xe1;c nhau trong nh&#xe0; nh&#x1b0;:</p>\r\n<ul style=\"box-sizing: border-box; margin-top: 0px; margin-bottom: 1rem; padding: 0px; list-style: none; color: #212529; font-family: Arial, Helvetica, sans-serif; font-size: 13px; background-color: #ffffff;\" data-sourcepos=\"24:1-28:0\">\r\n<li style=\"box-sizing: border-box; margin-right: 4px; text-align: justify;\" data-sourcepos=\"24:1-24:114\"><span style=\"box-sizing: border-box; font-weight: bolder;\">Ph&#xf2;ng kh&#xe1;ch:</span>&#xa0;G&#x1ea1;ch &#x1ed1;p t&#x1b0;&#x1edd;ng 300x600 gi&#xfa;p t&#x1ea1;o &#x111;i&#x1ec3;m nh&#x1ea5;n cho ph&#xf2;ng kh&#xe1;ch, mang &#x111;&#x1ebf;n v&#x1ebb; &#x111;&#x1eb9;p sang tr&#x1ecd;ng, hi&#x1ec7;n &#x111;&#x1ea1;i.</li>\r\n<li style=\"box-sizing: border-box; margin-right: 4px; text-align: justify;\" data-sourcepos=\"25:1-25:89\"><span style=\"box-sizing: border-box; font-weight: bolder;\">Ph&#xf2;ng ng&#x1ee7;:</span>&#xa0;G&#x1ea1;ch &#x1ed1;p t&#x1b0;&#x1edd;ng 300x600 gi&#xfa;p t&#x1ea1;o c&#x1ea3;m gi&#xe1;c &#x1ea5;m c&#xfa;ng, th&#x1b0; gi&#xe3;n cho ph&#xf2;ng ng&#x1ee7;.</li>\r\n<li style=\"box-sizing: border-box; margin-right: 4px; text-align: justify;\" data-sourcepos=\"26:1-26:92\"><span style=\"box-sizing: border-box; font-weight: bolder;\">Ph&#xf2;ng b&#x1ebf;p:</span>&#xa0;G&#x1ea1;ch &#x1ed1;p t&#x1b0;&#x1edd;ng 300x600 d&#x1ec5; lau ch&#xf9;i, v&#x1ec7; sinh, ph&#xf9; h&#x1ee3;p v&#x1edb;i m&#xf4;i tr&#x1b0;&#x1edd;ng nh&#xe0; b&#x1ebf;p.</li>\r\n<li style=\"box-sizing: border-box; margin-right: 4px; text-align: justify;\" data-sourcepos=\"27:1-28:0\"><span style=\"box-sizing: border-box; font-weight: bolder;\">Ph&#xf2;ng t&#x1eaf;m:</span> G&#x1ea1;ch &#x1ed1;p t&#x1b0;&#x1edd;ng 300x600 ch&#x1ed1;ng th&#x1ea5;m n&#x1b0;&#x1edb;c, ch&#x1ed1;ng tr&#x1a1;n tr&#x1b0;&#x1ee3;t, an to&#xe0;n cho ng&#x1b0;&#x1edd;i s&#x1eed; d&#x1ee5;ng.</li>\r\n</ul>\r\n<div id=\"eJOY__extension_root\" class=\"eJOY__extension_root_class\" style=\"all: unset;\"></div>\n                                                    </div>\n                    </div>",
	"supplier": "DAISAN",
	"url_supplier": "https://b2b.daisan.vn"
}