{
	"url": "https://b2b.daisan.vn/gach-ban-an-da-cam-thach-kho-lon-900x1800mm-dZ-01-469672.html",
	"title": "Gạch bàn ăn đá cẩm thạch khổ lớn 900x1800mm DZ-01",
	"description": "Bảo vệ cho sản phẩm này\n                                    \n                                        Giao hàng qua Daisan Logistics\n                                        \n                                        Dự kiến ​​đơn hàng của bạn sẽ được giao trước ngày dự kiến ​​hoặc nhận khoản bồi thường chậm trễ 10%\n                                    \n                                    \n                                        Thanh toán an toàn\n\n                                        \n                                        Mọi khoản thanh toán bạn thực hiện trên Daisan.vn đều được ...\n                                    \n                                    \n                                        Chính sách hoàn tiền\n\n                                        \n                                        Yêu cầu hoàn lại tiền nếu đơn đặt hàng của bạn không được vận chuyển, bị thiếu hoặc giao đến có vấn đề về sản phẩm",
	"price": "7940000",
	"sku": "DAISAN_GCH_1684",
	"thumbnail": "https://b2b.daisan.vn/site/upload/pages/25061/1593506760_9afdb01339ef137ea2f3fb1aa64a9024.jpeg",
	"images": [
		"https://b2b.daisan.vn/site/upload/pages/25061/1593506760_9afdb01339ef137ea2f3fb1aa64a9024.jpeg",
		"https://b2b.daisan.vn/site/upload/pages/25061/1593506766_9afdb01339ef137ea2f3fb1aa64a9024.jpeg",
		"https://b2b.daisan.vn/site/upload/pages/25061/1593506767_9afdb01339ef137ea2f3fb1aa64a9024.jpeg",
		"https://b2b.daisan.vn/site/upload/pages/25061/1593506769_9afdb01339ef137ea2f3fb1aa64a9024.jpeg",
		"https://b2b.daisan.vn/site/upload/pages/25061/1593506771_9afdb01339ef137ea2f3fb1aa64a9024.jpeg",
		"https://b2b.daisan.vn/site/upload/pages/25061/1594457426_9afdb01339ef137ea2f3fb1aa64a9024.jpeg",
		"https://b2b.daisan.vn/site/upload/pages/25061/1594434103_9afdb01339ef137ea2f3fb1aa64a9024.jpeg",
		"https://b2b.daisan.vn/site/upload/pages/25061/1594288567_9afdb01339ef137ea2f3fb1aa64a9024.jpeg",
		"https://b2b.daisan.vn/site/upload/pages/25061/1593855280_9afdb01339ef137ea2f3fb1aa64a9024.jpeg",
		"https://b2b.daisan.vn/site/upload/pages/25061/1593832584_9afdb01339ef137ea2f3fb1aa64a9024.jpeg",
		"https://b2b.daisan.vn/site/upload/pages/25061/1593764216_9afdb01339ef137ea2f3fb1aa64a9024.jpeg",
		"https://b2b.daisan.vn/site/upload/pages/25061/1593658369_9afdb01339ef137ea2f3fb1aa64a9024.jpeg",
		"https://b2b.daisan.vn/site/upload/pages/25061/1593574390_9afdb01339ef137ea2f3fb1aa64a9024.jpeg",
		"https://b2b.daisan.vn/site/upload/pages/25061/1593505869_9afdb01339ef137ea2f3fb1aa64a9024.jpeg",
		"https://b2b.daisan.vn/site/upload/pages/25061/1593415982_9afdb01339ef137ea2f3fb1aa64a9024.jpeg",
		"https://b2b.daisan.vn/site/upload/pages/25061/1590415141_9afdb01339ef137ea2f3fb1aa64a9024.jpeg",
		"https://b2b.daisan.vn/site/upload/pages/25061/1594527390_9afdb01339ef137ea2f3fb1aa64a9024.jpeg",
		"https://b2b.daisan.vn/site/upload/pages/25061/1594457229_9afdb01339ef137ea2f3fb1aa64a9024.jpeg",
		"https://b2b.daisan.vn/site/upload/pages/25061/1594433875_9afdb01339ef137ea2f3fb1aa64a9024.jpeg",
		"https://b2b.daisan.vn/site/upload/pages/25061/1594288381_9afdb01339ef137ea2f3fb1aa64a9024.jpeg"
	],
	"content": "\n<style>\nfont-family: 'Segoe UI', Arial, sans-serif;\n    background: #fff;\n    color: #222;\n    padding: 20px;\n    max-width: 900px;\n    margin: 0 auto;\n    line-height: 1.6;\n</style>\n<div class=\"unknown-content-root\">\n                        <h3 id=\"more-detail\">M&#xf4; t&#x1ea3; s&#x1ea3;n ph&#x1ea9;m t&#x1eeb; nh&#xe0; cung c&#x1ea5;p</h3>\n                        <div class=\"description-info pb-2\">\n                            <h3>M&#xf4; t&#x1ea3; s&#x1ea3;n ph&#x1ea9;m</h3>\n                            <div>\r\n<div style=\"text-align: left;\" data-spm-anchor-id=\"a2700.md_vi_VN.pronpeci14.i3.3c026b3e4zniG1\">\r\n<h3><span style=\"font-size: 11px; font-family: arial, helvetica, sans-serif;\"><strong>G&#x1ea1;ch b&#xe0;n &#x103;n &#x111;&#xe1; c&#x1ea9;m th&#x1ea1;ch kh&#x1ed5; l&#x1edb;n 900x1800mm DZ-01</strong>&#xa0;l&#xe0; m&#x1ed9;t trong nh&#x1eef;ng s&#x1ea3;n ph&#x1ea9;m c&#xf3; k&#xed;ch th&#x1b0;&#x1edb;c to b&#x1ea3;n r&#x1ea5;t &#x1b0;a chu&#x1ed9;ng &#x111;&#x1b0;&#x1ee3;c s&#x1eed; d&#x1ee5;ng cho c&#xe1;c c&#xf4;ng tr&#xec;nh c&#xf4;ng c&#x1ed9;ng nh&#x1b0; trung t&#xe2;m th&#x1b0;&#x1a1;ng m&#x1ea1;i, s&#x1ea3;nh s&#xe2;n bay,kh&#xe1;ch s&#x1ea1;n.. Nh&#x1eef;ng n&#x103;m g&#x1ea7;n &#x111;&#xe2;y nh&#x1eef;ng m&#x1eab;u g&#x1ea1;ch k&#xed;ch th&#x1b0;&#x1edb;c l&#x1edb;n c&#x169;ng &#x111;&#x1b0;&#x1ee3;c &#xe1;p d&#x1ee5;ng thi c&#xf4;ng kh&#xe1; nhi&#x1ec1;u trong nh&#xe0; &#x1edf; d&#xe2;n d&#x1ee5;ng. Ngo&#xe0;i c&#xf4;ng d&#x1ee5;ng &#x1ed1;p l&#xe1;t s&#xe0;n g&#x1ea1;ch ra th&#xec; gi&#x1edd; &#x111;&#xe2;y g&#x1ea1;ch k&#xed;ch th&#x1b0;&#x1edb;c l&#x1edb;n c&#xf3; th&#x1ec3; l&#xe0;m b&#x1ec1; m&#x1eb7;t b&#xe0;n, gh&#x1ebf;, v&#x1ead;t d&#x1ee5;ng trang tr&#xed;...</span></h3>\r\n</div>\r\n<div style=\"text-align: left;\" data-spm-anchor-id=\"a2700.md_vi_VN.pronpeci14.i3.3c026b3e4zniG1\">&#xa0;</div>\r\n<div style=\"text-align: left;\" data-spm-anchor-id=\"a2700.md_vi_VN.pronpeci14.i3.3c026b3e4zniG1\">\r\n<p><span style=\"font-size: 11px; font-family: arial, helvetica, sans-serif;\"><strong>&#x1af;u &#x111;i&#x1ec3;m&#xa0;g&#x1ea1;ch kh&#x1ed5; l&#x1edb;n</strong></span></p>\r\n<ul>\r\n<li><span style=\"font-size: 11px; font-family: arial, helvetica, sans-serif;\">B&#x1ec1; m&#x1eb7;t b&#xf3;ng ki&#x1ebf;ng, b&#xf3;ng h&#x1a1;n &#x111;&#xe1;.</span></li>\r\n<li><span style=\"font-size: 11px; font-family: arial, helvetica, sans-serif;\">Gi&#xe1; th&#xe0;nh r&#x1ebb; h&#x1a1;n.</span></li>\r\n<li><span style=\"font-size: 11px; font-family: arial, helvetica, sans-serif;\">Chi ph&#xed; thi c&#xf4;ng th&#x1ea5;p h&#x1a1;n v&#xec; g&#x1ea1;ch nh&#x1eb9; h&#x1a1;n &#x111;&#xe1;.</span></li>\r\n<li><span style=\"font-size: 11px; font-family: arial, helvetica, sans-serif;\">N&#x1ebf;u c&#xf9;ng s&#x1ed1; ti&#x1ec1;n b&#x1ecf; ra th&#xec; l&#x1ef1;a ch&#x1ecd;n g&#x1ea1;ch s&#x1ebd; &#x111;&#x1b0;&#x1ee3;c v&#xe2;n &#x111;&#x1eb9;p h&#x1a1;n &#x111;&#xe1;.</span></li>\r\n<li><span style=\"font-size: 11px; font-family: arial, helvetica, sans-serif;\">B&#x1ec1; m&#x1eb7;t b&#xf3;ng d&#x1ec5; v&#x1ec7; sinh lau ch&#xf9;i.</span></li>\r\n</ul>\r\n</div>\r\n<div style=\"text-align: left;\" data-spm-anchor-id=\"a2700.md_vi_VN.pronpeci14.i3.3c026b3e4zniG1\">\r\n<p><span style=\"font-size: 11px; font-family: arial, helvetica, sans-serif;\"><strong>Th&#xf4;ng tin s&#x1ea3;n ph&#x1ea9;m</strong></span></p>\r\n<table style=\"width: 575.6px;\" border=\"1\" cellspacing=\"0\" cellpadding=\"0\">\r\n<tbody>\r\n<tr>\r\n<td style=\"width: 215px;\"><span style=\"font-size: 11px; font-family: arial, helvetica, sans-serif;\">K&#xed;ch th&#x1b0;&#x1edb;c (MM)</span></td>\r\n<td style=\"width: 354.6px;\"><span style=\"font-size: 11px; font-family: arial, helvetica, sans-serif;\">900 x 1800</span></td>\r\n</tr>\r\n<tr>\r\n<td style=\"width: 215px;\"><span style=\"font-size: 11px; font-family: arial, helvetica, sans-serif;\">H&#x1ea5;p th&#x1ee5; n&#x1b0;&#x1edb;c</span></td>\r\n<td style=\"width: 354.6px;\"><span style=\"font-size: 11px; font-family: arial, helvetica, sans-serif;\">&lt;0,5%</span></td>\r\n</tr>\r\n<tr>\r\n<td style=\"width: 215px;\"><span style=\"font-size: 11px; font-family: arial, helvetica, sans-serif;\">&#x110;&#x1eb7;c t&#xed;nh</span></td>\r\n<td style=\"width: 354.6px;\"><span style=\"font-size: 11px; font-family: arial, helvetica, sans-serif;\">&#x110;&#xe1; hoa</span></td>\r\n</tr>\r\n<tr>\r\n<td style=\"width: 215px;\"><span style=\"font-size: 11px; font-family: arial, helvetica, sans-serif;\">K&#x1ef9; thu&#x1ead;t</span></td>\r\n<td style=\"width: 354.6px;\"><span style=\"font-size: 11px; font-family: arial, helvetica, sans-serif;\">In phun</span></td>\r\n</tr>\r\n<tr>\r\n<td style=\"width: 215px;\"><span style=\"font-size: 11px; font-family: arial, helvetica, sans-serif;\">&#x110;&#xf3;ng g&#xf3;i</span></td>\r\n<td style=\"width: 354.6px;\"><span style=\"font-size: 11px; font-family: arial, helvetica, sans-serif;\">Th&#xf9;ng carton &#x111;&#xf3;ng g&#xf3;i ho&#x1eb7;c pallet g&#x1ed7;</span></td>\r\n</tr>\r\n<tr>\r\n<td style=\"width: 215px;\"><span style=\"font-size: 11px; font-family: arial, helvetica, sans-serif;\">Moq</span></td>\r\n<td style=\"width: 354.6px;\"><span style=\"font-size: 11px; font-family: arial, helvetica, sans-serif;\">500 m&#xe9;t vu&#xf4;ng</span></td>\r\n</tr>\r\n<tr>\r\n<td style=\"width: 215px;\"><span style=\"font-size: 11px; font-family: arial, helvetica, sans-serif;\">Ch&#x1ee9;c n&#x103;ng</span></td>\r\n<td style=\"width: 354.6px;\"><span style=\"font-size: 11px; font-family: arial, helvetica, sans-serif;\">Axit - Kh&#xe1;ng, Kh&#xe1;ng khu&#x1ea9;n, Firebrick, Kh&#xf4;ng tr&#x1a1;n tr&#x1b0;&#x1ee3;t, M&#x1eb7;c - Ch&#x1ed1;ng</span></td>\r\n</tr>\r\n<tr>\r\n<td style=\"width: 215px;\"><span style=\"font-size: 11px; font-family: arial, helvetica, sans-serif;\">Kh&#xe1;ng thu&#x1ed1;c th&#x1eed; h&#xf3;a h&#x1ecd;c gia d&#x1ee5;ng</span></td>\r\n<td style=\"width: 354.6px;\"><span style=\"font-size: 11px; font-family: arial, helvetica, sans-serif;\">Kh&#xf4;ng th&#x1ea5;p h&#x1a1;n c&#x1ea5;p UB</span></td>\r\n</tr>\r\n</tbody>\r\n</table>\r\n<p>&#xa0;</p>\r\n</div>\r\n<div style=\"text-align: left;\" data-spm-anchor-id=\"a2700.md_vi_VN.pronpeci14.i3.3c026b3e4zniG1\"><span style=\"font-size: 11px; font-family: arial, helvetica, sans-serif;\"><strong>H&#xec;nh &#x1ea3;nh s&#x1ea3;n ph&#x1ea9;m</strong></span></div>\r\n<div style=\"text-align: center;\" data-spm-anchor-id=\"a2700.md_vi_VN.pronpeci14.i3.3c026b3e4zniG1\"><span style=\"font-size: 11px; font-family: arial, helvetica, sans-serif;\">&#xa0;</span></div>\r\n<div style=\"text-align: center;\" data-spm-anchor-id=\"a2700.md_vi_VN.pronpeci14.i3.3c026b3e4zniG1\"><img src=\"https://b2b.daisan.vn/site/upload/media/images/images/1593506791_539688360e47e2757ca441a8faaed802.jpeg\"></div>\r\n<div style=\"text-align: center;\" data-spm-anchor-id=\"a2700.md_vi_VN.pronpeci14.i3.3c026b3e4zniG1\"><img src=\"https://b2b.daisan.vn/site/upload/media/images/images/1593506800_6178e972af133ac2d961017a78f58f2f.jpeg\"></div>\r\n<div style=\"text-align: center;\" data-spm-anchor-id=\"a2700.md_vi_VN.pronpeci14.i3.3c026b3e4zniG1\"><img src=\"https://b2b.daisan.vn/site/upload/media/images/images/1593506812_1717b97fad6ba5bee0e622ec646592b8.jpeg\"></div>\r\n<div style=\"text-align: center;\" data-spm-anchor-id=\"a2700.md_vi_VN.pronpeci14.i3.3c026b3e4zniG1\">&#xa0;</div>\r\n</div>\r\n<p><span style=\"font-size: 11px; font-family: arial, helvetica, sans-serif;\"><strong>Ch&#x1ee9;ng nh&#x1ead;n</strong>&#xa0;</span></p>\r\n<p style=\"text-align: center;\"><span style=\"font-size: 11px; font-family: arial, helvetica, sans-serif;\"><strong><img src=\"https://b2b.daisan.vn/site/upload/media/images/images/1590396774_48c890f83c957c95b3f8c63b1ecea9a3.jpeg\"></strong></span></p>\r\n<p><span style=\"font-size: 11px; font-family: arial, helvetica, sans-serif;\"><strong>H&#xec;nh &#x1ea3;nh C&#xf4;ng ty</strong></span></p>\r\n<p style=\"text-align: center;\"><span style=\"font-size: 11px; font-family: arial, helvetica, sans-serif;\"><strong><img src=\"https://b2b.daisan.vn/site/upload/media/images/images/1590396807_2e7291ab9216d10456c12822df665745.jpeg\"></strong></span></p>\r\n<p style=\"text-align: left;\"><span style=\"font-size: 11px; font-family: arial, helvetica, sans-serif;\"><strong>X&#x1b0;&#x1edf;ng s&#x1ea3;n xu&#x1ea5;t</strong></span></p>\r\n<p style=\"text-align: center;\"><span style=\"font-size: 11px; font-family: arial, helvetica, sans-serif;\"><strong><img src=\"https://b2b.daisan.vn/site/upload/media/images/images/1590396641_c0edf35965e8e3e1ff6df3a9cbde9975.jpeg\"></strong></span></p>\n                                                    </div>\n                    </div>",
	"supplier": "DAISAN",
	"url_supplier": "https://b2b.daisan.vn"
}