{
	"url": "https://b2b.daisan.vn/gach-lat-nen-ceramic-trang-men-kich-thuoc-500*500mm-472765.html",
	"title": "Gạch lát nền ceramic tráng men kích thước 500*500mm",
	"description": "Bảo vệ cho sản phẩm này\n                                    \n                                        Giao hàng qua Daisan Logistics\n                                        \n                                        Dự kiến ​​đơn hàng của bạn sẽ được giao trước ngày dự kiến ​​hoặc nhận khoản bồi thường chậm trễ 10%\n                                    \n                                    \n                                        Thanh toán an toàn\n\n                                        \n                                        Mọi khoản thanh toán bạn thực hiện trên Daisan.vn đều được ...\n                                    \n                                    \n                                        Chính sách hoàn tiền\n\n                                        \n                                        Yêu cầu hoàn lại tiền nếu đơn đặt hàng của bạn không được vận chuyển, bị thiếu hoặc giao đến có vấn đề về sản phẩm",
	"price": "141000",
	"sku": "DAISAN_GCH_2890",
	"thumbnail": "https://b2b.daisan.vn/site/upload/pages/25137/1594296695_9afdb01339ef137ea2f3fb1aa64a9024.jpeg",
	"images": [
		"https://b2b.daisan.vn/site/upload/pages/25137/1594296695_9afdb01339ef137ea2f3fb1aa64a9024.jpeg",
		"https://b2b.daisan.vn/site/upload/pages/25137/1594296705_9afdb01339ef137ea2f3fb1aa64a9024.jpeg",
		"https://b2b.daisan.vn/site/upload/pages/25137/1594296713_9afdb01339ef137ea2f3fb1aa64a9024.jpeg",
		"https://b2b.daisan.vn/site/upload/pages/25137/1594296723_9afdb01339ef137ea2f3fb1aa64a9024.jpeg",
		"https://b2b.daisan.vn/site/upload/pages/25137/1594296731_9afdb01339ef137ea2f3fb1aa64a9024.jpeg",
		"https://b2b.daisan.vn/site/upload/pages/25137/1594296745_9afdb01339ef137ea2f3fb1aa64a9024.jpeg",
		"https://b2b.daisan.vn/site/upload/pages/25137/1594221741_9afdb01339ef137ea2f3fb1aa64a9024.jpeg",
		"https://b2b.daisan.vn/site/upload/pages/25137/1594126617_9afdb01339ef137ea2f3fb1aa64a9024.jpeg",
		"https://b2b.daisan.vn/site/upload/pages/25137/1594005112_9afdb01339ef137ea2f3fb1aa64a9024.jpeg",
		"https://b2b.daisan.vn/site/upload/pages/25137/1594216590_9afdb01339ef137ea2f3fb1aa64a9024.jpeg",
		"https://b2b.daisan.vn/site/upload/pages/25137/1594126335_9afdb01339ef137ea2f3fb1aa64a9024.jpeg",
		"https://b2b.daisan.vn/site/upload/pages/25137/1594004684_9afdb01339ef137ea2f3fb1aa64a9024.jpeg",
		"https://b2b.daisan.vn/site/upload/pages/25137/1594215662_9afdb01339ef137ea2f3fb1aa64a9024.jpeg",
		"https://b2b.daisan.vn/site/upload/pages/25137/1594125994_9afdb01339ef137ea2f3fb1aa64a9024.jpeg",
		"https://b2b.daisan.vn/site/upload/pages/25137/1594004244_9afdb01339ef137ea2f3fb1aa64a9024.jpeg",
		"https://b2b.daisan.vn/site/upload/pages/25137/1594213784_9afdb01339ef137ea2f3fb1aa64a9024.jpeg",
		"https://b2b.daisan.vn/site/upload/pages/25137/1594124886_9afdb01339ef137ea2f3fb1aa64a9024.jpeg",
		"https://b2b.daisan.vn/site/upload/pages/25137/1594003581_9afdb01339ef137ea2f3fb1aa64a9024.jpeg",
		"https://b2b.daisan.vn/site/upload/pages/25137/1594003106_9afdb01339ef137ea2f3fb1aa64a9024.jpeg",
		"https://b2b.daisan.vn/site/upload/pages/25137/1594213253_9afdb01339ef137ea2f3fb1aa64a9024.jpeg",
		"https://b2b.daisan.vn/site/upload/pages/25137/1594124620_9afdb01339ef137ea2f3fb1aa64a9024.jpeg"
	],
	"content": "\n<style>\nfont-family: 'Segoe UI', Arial, sans-serif;\n    background: #fff;\n    color: #222;\n    padding: 20px;\n    max-width: 900px;\n    margin: 0 auto;\n    line-height: 1.6;\n</style>\n<div class=\"unknown-content-root\">\n                        <h3 id=\"more-detail\">M&#xf4; t&#x1ea3; s&#x1ea3;n ph&#x1ea9;m t&#x1eeb; nh&#xe0; cung c&#x1ea5;p</h3>\n                        <div class=\"description-info pb-2\">\n                            <h3>M&#xf4; t&#x1ea3; s&#x1ea3;n ph&#x1ea9;m</h3>\n                            <p><strong>G&#x1ea1;ch l&#xe1;t n&#x1ec1;n ceramic tr&#xe1;ng men k&#xed;ch th&#x1b0;&#x1edb;c&#xa0;500*500mm </strong>l&#xe0; &#x1ea3;n ph&#x1ea9;m g&#x1ea1;ch l&#xe1;t n&#x1ec1;n hi&#x1ec7;n &#x111;&#x1ea1;i<strong>&#xa0;</strong>&#x111;&#x1b0;&#x1ee3;c s&#x1ea3;n xu&#x1ea5;t t&#x1eeb; ngu&#x1ed3;n nguy&#xea;n li&#x1ec7;u ch&#x1ea5;t l&#x1b0;&#x1ee3;ng cao v&#x1edb;i c&#xf4;ng ngh&#x1ec7; ti&#xea;n ti&#x1ebf;n. K&#x1ebf;t c&#x1ea5;u x&#x1b0;&#x1a1;ng g&#x1ea1;ch &#x111;&#x1b0;&#x1ee3;c n&#xe9;n ch&#x1eb7;t, &#x111;&#x1ed9; k&#x1ebf;t d&#xed;nh cao n&#xea;n c&#xf3; kh&#x1ea3; n&#x103;ng ch&#x1ed1;ng th&#x1ea5;m c&#x1ef1;c t&#x1ed1;t. Trong qu&#xe1; tr&#xec;nh s&#x1eed; d&#x1ee5;ng, g&#x1ea1;ch ceramic kh&#xf3; b&#xe1;m b&#x1ee5;i, d&#x1ec5; v&#x1ec7; sinh, kh&#xf4;ng m&#x1ecd;c r&#xea;u m&#x1ed1;c g&#xe2;y m&#x1ea5;t m&#x1ef9; quan.</p>\r\n<p>S&#x1ea3;n ph&#x1ea9;m &#x111;&#x1b0;&#x1ee3;c &#x111;a d&#x1ea1;ng h&#xf3;a v&#x1edb;i c&#xe1;c hoa v&#x103;n m&#xe0;u s&#x1eaf;c nh&#x1b0; v&#xe2;n &#x111;&#xe1;, v&#xe2;n g&#x1ed7;, v&#xe2;n kh&#xf3;i, h&#x1ecd;a ti&#x1ebf;t 3D,...&#xa0;ch&#xe2;n th&#x1ead;t v&#xe0; t&#x1ef1; nhi&#xea;n v&#xe0; ph&#x1ee7; th&#xea;m l&#x1edb;p men b&#xf3;ng mang l&#x1ea1;i cho kh&#xf4;ng gian n&#x1ed9;i th&#x1ea5;t phong c&#xe1;ch l&#x1ecb;ch s&#x1ef1;, sang tr&#x1ecd;ng nh&#x1b0;ng kh&#xf4;ng k&#xe9;m ph&#x1ea7;n g&#x1ea7;n g&#x169;i.</p>\r\n<div>\r\n<div>\r\n<p>G&#x1ea1;ch ceramic<br>&#x1af;u &#x111;i&#x1ec3;m l&#xe0; c&#xf3; r&#x1ea5;t nhi&#x1ec1;u m&#x1eab;u m&#xe3;, m&#xe0;u s&#x1eaf;c, k&#xed;ch th&#x1b0;&#x1edb;c gi&#xfa;p d&#x1ec5; d&#xe0;ng l&#x1ef1;a ch&#x1ecd;n nh&#x1eef;ng m&#x1eab;u g&#x1ea1;ch ph&#xf9; h&#x1ee3;p v&#x1edb;i t&#x1eeb;ng kh&#xf4;ng gian kh&#xe1;c nhau.</p>\r\n<p>Nh&#x1b0;&#x1ee3;c &#x111;i&#x1ec3;m: Kh&#xf4;ng ph&#x1ea3;i l&#xe0; s&#x1ea3;n ph&#x1ea9;m g&#x1ea1;ch ceramic n&#xe0;o c&#x169;ng c&#xf3; kh&#x1ea3; n&#x103;ng ch&#x1ed1;ng th&#x1ea5;m. Ch&#xfa;ng r&#x1ea5;t d&#x1ec5; v&#x1ee1; v&#xe0; s&#x1ee9;t m&#x1ebb; n&#x1ebf;u nh&#x1b0; b&#x1ecb; va &#x111;&#x1ead;p.</p>\r\n<p>Kh&#x1ea3; n&#x103;ng ch&#x1ed1;ng th&#x1ea5;m n&#x1b0;&#x1edb;c c&#x1ee7;a g&#x1ea1;ch g&#x1ea7;n nh&#x1b0; tuy&#x1ec7;t &#x111;&#x1ed1;i, &lt;0,5%. M&#x1ed9;t &#x1b0;u th&#x1ebf; tuy&#x1ec7;t v&#x1edd;i gi&#xfa;p s&#x1ea3;n ph&#x1ea9;m ng&#xe0;y c&#xe0;ng nh&#x1ead;n &#x111;&#x1b0;&#x1ee3;c s&#x1ef1; &#x1b0;a chu&#x1ed9;ng l&#x1edb;n t&#x1eeb; ng&#x1b0;&#x1edd;i ti&#xea;u d&#xf9;ng. Ch&#x1ed1;ng &#x1ea9;m t&#x1ed1;t h&#x1ea1;n ch&#x1ebf; s&#x1ef1; ph&#xe1;t tri&#x1ec3;n, l&#xe2;y lan c&#x1ee7;a n&#x1ea5;m m&#x1ed1;c, rong r&#xea;u.&#xa0;</p>\r\n</div>\r\n</div>\r\n<div>&#xa0;</div>\r\n<div>\r\n<p>&#xa0;</p>\r\n<p><strong>Th&#xf4;ng s&#x1ed1; s&#x1ea3;n ph&#x1ea9;m&#xa0;&#xa0;</strong></p>\r\n<table style=\"width: 449px;\" border=\"2\" cellspacing=\"0\" cellpadding=\"0\">\r\n<tbody>\r\n<tr>\r\n<td style=\"width: 80px;\">\r\n<p data-spm-anchor-id=\"a2700.details.pronpeci14.i3.57806cb4pNleHo\"><span data-spm-anchor-id=\"a2700.details.pronpeci14.i4.57806cb4pNleHo\">K&#xed;ch th&#x1b0;&#x1edb;c (MM)</span></p>\r\n</td>\r\n<td style=\"width: 385px;\">500*500mm</td>\r\n</tr>\r\n<tr>\r\n<td style=\"width: 80px;\">\r\n<p>SIze &#x111;&#x1a1;n m&#x1ea3;nh:&#xa0;</p>\r\n</td>\r\n<td style=\"width: 385px;\">500*500mm</td>\r\n</tr>\r\n<tr>\r\n<td style=\"width: 80px;\">\r\n<p>V&#x1ead;t ch&#x1ea5;t</p>\r\n</td>\r\n<td style=\"width: 385px;\">\r\n<p data-spm-anchor-id=\"a2700.details.pronpeci14.i2.57806cb4pNleHo\"><span data-spm-anchor-id=\"a2700.details.pronpeci14.i1.57806cb4pNleHo\">men g&#x1ed1;m</span></p>\r\n</td>\r\n</tr>\r\n<tr>\r\n<td style=\"width: 80px;\">\r\n<p>S&#x1eed; d&#x1ee5;ng</p>\r\n</td>\r\n<td style=\"width: 385px;\">\r\n<p>G&#x1ea1;ch n&#x1ed9;i th&#x1ea5;t, s&#xe0;n nh&#xe0;, si&#xea;u th&#x1ecb;, kh&#xe1;ch s&#x1ea1;n, bi&#x1ec7;t th&#x1ef1;, Trung t&#xe2;m t&#x1eaf;m, trung t&#xe2;m gi&#x1ea3;i tr&#xed;, v.v.</p>\r\n</td>\r\n</tr>\r\n<tr>\r\n<td style=\"width: 80px;\">\r\n<p>Ch&#x1ee9;c n&#x103;ng</p>\r\n</td>\r\n<td style=\"width: 385px;\">\r\n<p>Ch&#x1ed1;ng axit, kh&#xe1;ng khu&#x1ea9;n, ch&#x1ed1;ng tr&#x1b0;&#x1ee3;t, ch&#x1ed1;ng m&#xe0;i m&#xf2;n, c&#xe1;ch nhi&#x1ec7;t, ch&#x1ed1;ng ch&#xe1;y</p>\r\n</td>\r\n</tr>\r\n<tr>\r\n<td style=\"width: 80px;\">\r\n<p>Ch&#x1ee9;ng ch&#x1ec9;</p>\r\n</td>\r\n<td style=\"width: 385px;\">\r\n<p>CE&amp;ISO9001</p>\r\n</td>\r\n</tr>\r\n<tr>\r\n<td style=\"width: 80px;\">\r\n<p>&#x110;&#xf3;ng g&#xf3;i</p>\r\n</td>\r\n<td style=\"width: 385px;\">\r\n<p align=\"left\">Th&#xf9;ng xu&#x1ea5;t kh&#x1ea9;u ti&#xea;u chu&#x1ea9;n trong pallet g&#x1ed7;</p>\r\n</td>\r\n</tr>\r\n</tbody>\r\n</table>\r\n<p>&#xa0;</p>\r\n<p><strong>H&#xec;nh &#x1ea3;nh s&#x1ea3;n ph&#x1ea9;m</strong>&#xa0;</p>\r\n<p style=\"text-align: center;\"><img src=\"https://b2b.daisan.vn/site/upload/media/images/images/1594124663_3c81ffcb589d70aef6627590e5e03aa8.jpeg\" width=\"650\"></p>\r\n<p style=\"text-align: center;\">&#xa0;&#xa0; &#xa0;</p>\r\n<p>&#xa0;</p>\r\n<p style=\"text-align: center;\"><img src=\"https://b2b.daisan.vn/site/upload/pages/25137/1594296695_9afdb01339ef137ea2f3fb1aa64a9024.jpeg\" alt=\"0\" width=\"650\"></p>\r\n<p>&#xa0;</p>\r\n<p style=\"text-align: center;\"><img src=\"https://b2b.daisan.vn/site/upload/pages/25137/1594296713_9afdb01339ef137ea2f3fb1aa64a9024.jpeg\" alt=\"2\" width=\"650\"></p>\r\n<p>&#xa0;</p>\r\n<p style=\"text-align: center;\"><strong>&#xa0;<img src=\"https://b2b.daisan.vn/site/upload/media/images/images/1594296859_816475c241db7d0624dae73a122e627b.jpeg\" width=\"650\"></strong></p>\r\n<p><strong>Nh&#xe0; m&#xe1;y s&#x1ea3;n xu&#x1ea5;t</strong></p>\r\n<p style=\"text-align: center;\"><img src=\"https://b2b.daisan.vn/site/upload/media/images/images/1593779466_21dff187f4fcd5fd47c0a11ccf075fe6.jpeg\" width=\"650\"></p>\r\n<p>&#xa0;</p>\r\n<p style=\"text-align: center;\"><img src=\"https://b2b.daisan.vn/site/upload/media/images/images/1593779497_b374a2dc1f7cf38fdd5b69ddeaa6d815.jpeg\" width=\"650\"></p>\r\n<p><strong>&#x110;&#xf3;ng g&#xf3;i v&#xe0; v&#x1ead;n chuy&#x1ec3;n</strong></p>\r\n<p>&#xa0;</p>\r\n<p style=\"text-align: center;\"><strong><img src=\"https://b2b.daisan.vn/site/upload/media/images/images/1593779526_7bd977824f042ea3af8ec6e2ee5cc089.jpeg\" width=\"650\"></strong></p>\r\n</div>\n                                                    </div>\n                    </div>",
	"supplier": "DAISAN",
	"url_supplier": "https://b2b.daisan.vn"
}