{
	"url": "https://b2b.daisan.vn/gach-the-op-tuong-mau-xam-nhat-be-mat-san-45x95mm-4931-658010.html",
	"title": "Gạch thẻ ốp tường màu xám nhạt bề mặt sần 45x95mm 4931",
	"description": "Bảo vệ cho sản phẩm này\n                                    \n                                        Giao hàng qua Daisan Logistics\n                                        \n                                        Dự kiến ​​đơn hàng của bạn sẽ được giao trước ngày dự kiến ​​hoặc nhận khoản bồi thường chậm trễ 10%\n                                    \n                                    \n                                        Thanh toán an toàn\n\n                                        \n                                        Mọi khoản thanh toán bạn thực hiện trên Daisan.vn đều được ...\n                                    \n                                    \n                                        Chính sách hoàn tiền\n\n                                        \n                                        Yêu cầu hoàn lại tiền nếu đơn đặt hàng của bạn không được vận chuyển, bị thiếu hoặc giao đến có vấn đề về sản phẩm",
	"price": "185000",
	"sku": "DAISAN_GCH_1157",
	"thumbnail": "https://b2b.daisan.vn/site/upload/pages/28102/1624511267_9afdb01339ef137ea2f3fb1aa64a9024.jpeg",
	"images": [
		"https://b2b.daisan.vn/site/upload/pages/28102/1624511267_9afdb01339ef137ea2f3fb1aa64a9024.jpeg",
		"https://b2b.daisan.vn/site/upload/pages/28102/1624511280_9afdb01339ef137ea2f3fb1aa64a9024.jpeg",
		"https://b2b.daisan.vn/site/upload/pages/28102/1624511289_9afdb01339ef137ea2f3fb1aa64a9024.jpeg",
		"https://b2b.daisan.vn/site/upload/pages/28102/1624506403_9afdb01339ef137ea2f3fb1aa64a9024.jpeg",
		"https://b2b.daisan.vn/site/upload/pages/28102/1624506262_9afdb01339ef137ea2f3fb1aa64a9024.jpeg",
		"https://b2b.daisan.vn/site/upload/pages/28102/1624506114_9afdb01339ef137ea2f3fb1aa64a9024.jpeg",
		"https://b2b.daisan.vn/site/upload/pages/28102/1624505794_9afdb01339ef137ea2f3fb1aa64a9024.jpeg",
		"https://b2b.daisan.vn/site/upload/pages/28102/1624436740_9afdb01339ef137ea2f3fb1aa64a9024.jpeg",
		"https://b2b.daisan.vn/site/upload/pages/28102/1624429627_9afdb01339ef137ea2f3fb1aa64a9024.jpeg",
		"https://b2b.daisan.vn/site/upload/pages/28102/1624511134_9afdb01339ef137ea2f3fb1aa64a9024.jpeg"
	],
	"content": "\n<style>\nfont-family: 'Segoe UI', Arial, sans-serif;\n    background: #fff;\n    color: #222;\n    padding: 20px;\n    max-width: 900px;\n    margin: 0 auto;\n    line-height: 1.6;\n</style>\n<div class=\"unknown-content-root\">\n                        <h3 id=\"more-detail\">M&#xf4; t&#x1ea3; s&#x1ea3;n ph&#x1ea9;m t&#x1eeb; nh&#xe0; cung c&#x1ea5;p</h3>\n                        <div class=\"description-info pb-2\">\n                            <h3>M&#xf4; t&#x1ea3; s&#x1ea3;n ph&#x1ea9;m</h3>\n                            <p style=\"text-align: justify;\">Ga&#x323;ch the&#x309; &#xf4;&#x301;p t&#x1b0;&#x1a1;&#x300;ng &#x111;&#x1b0;&#x1a1;&#x323;c sa&#x309;n xu&#xe2;&#x301;t &#x111;&#xea;&#x309; thay th&#xea;&#x301; cho ca&#x301;c loa&#x323;i s&#x1a1;n truy&#xea;&#x300;n th&#xf4;&#x301;ng nh&#x103;&#x300;m trang tri&#x301; cu&#x303;ng nh&#x1b0; ba&#x309;o v&#xea;&#x323; cho b&#x1b0;&#x301;c t&#x1b0;&#x1a1;&#x300;ng. Giu&#x301;p cho b&#x1b0;&#x301;c t&#x1b0;&#x1a1;&#x300;ng nha&#x300; ba&#x323;n lu&#x301;c na&#x300;o cu&#x303;ng trong tra&#x323;ng tha&#x301;i t&#xf4;&#x301;t nh&#xe2;&#x301;t. L&#xe0; d&#xf2;ng G&#x1ea1;ch trang tr&#xed; &#x111;ang &#x111;&#x1b0;&#x1ee3;c &#x1b0;a chu&#x1ed9;ng trong th&#x1edd;i gian g&#x1ea7;n &#x111;&#xe2;y, m&#xe0;u s&#x1eaf;c, hoa v&#x103;n &#x111;a d&#x1ea1;ng, ph&#xf9; h&#x1ee3;p cho m&#x1ecd;i phong c&#xe1;ch thi&#x1ebf;t k&#x1ebf;. M&#xe0;u s&#x1eaf;c c&#x1ee7;a g&#x1ea1;ch &#x1ed1;p ngo&#x1ea1;i th&#x1ea5;t c&#xf3; m&#xe0;u t&#x1ef1; nhi&#xea;n c&#x1ee7;a &#x111;&#x1ea5;t sau khi nung &#x1edf; nhi&#x1ec7;t &#x111;&#x1ed9; cao, c&#xf3; th&#x1ec3; &#x111;&#xe1;p &#x1ee9;ng &#x111;&#x1b0;&#x1ee3;c y&#xea;u c&#x1ea7;u c&#x1ee7;a c&#xe1;c ki&#x1ebf;n &#x200b;&#x200b;tr&#xfa;c s&#x1b0; v&#xe0; gia ch&#x1ee7; trong vi&#x1ec7;c l&#x1ef1;a ch&#x1ecd;n m&#xe0;u s&#x1a1;n t&#x1b0;&#x1edd;ng ngo&#x1ea1;i th&#x1ea5;t c&#xf4;ng tr&#xec;nh. K&#x1ebf;t c&#x1ea5;u t&#x1ef1; nhi&#xea;n c&#x1ee7;a g&#x1ea1;ch v&#xe0; m&#xe0;u &#x111;&#x1ea5;t nguy&#xea;n b&#x1ea3;n v&#x1b0;&#x1ee3;t th&#x1edd;i gian c&#x1ee7;a ch&#xfa;ng &#x111;&#xe3; kh&#x1a1;i d&#x1ead;y s&#x1ef1; quan t&#xe2;m c&#x1ee7;a ch&#x1ee7; s&#x1edf; h&#x1eef;u v&#xe0; ki&#x1ebf;n &#x200b;&#x200b;tr&#xfa;c s&#x1b0;.</p>\r\n<h2>G&#x1ea1;ch th&#x1ebb; &#x1ed1;p t&#x1b0;&#x1edd;ng m&#xe0;u x&#xe1;m nh&#x1ea1;t b&#x1ec1; m&#x1eb7;t s&#x1ea7;n 45x95mm 4931</h2>\r\n<ul>\r\n<li>M&#xe3; s&#x1ea3;n ph&#x1ea9;m: 4931</li>\r\n<li>K&#xed;ch th&#x1b0;&#x1edb;c vi&#xea;n: 45x95mm</li>\r\n<li>M&#xe0;u s&#x1eaf;c: X&#xe1;m nh&#x1ea1;t</li>\r\n<li>B&#x1ec1; m&#x1eb7;t: S&#x1ea7;n l&#x1b0;&#x1ee3;n</li>\r\n<li>Ch&#x1ea5;t li&#x1ec7;u: Ceramic</li>\r\n<li>&#x1ee8;ng d&#x1ee5;ng :Nh&#xe0; b&#x1ebf;p, ph&#xf2;ng t&#x1eaf;m, ngo&#x1ea1;i th&#x1ea5;t...</li>\r\n</ul>\r\n<p style=\"text-align: center;\"><img src=\"https://b2b.daisan.vn/site/upload/pages/28102/1624511267_9afdb01339ef137ea2f3fb1aa64a9024.jpeg\" alt=\"0\" width=\"100%\"><em>G&#x1ea1;ch th&#x1ebb; &#x1ed1;p t&#x1b0;&#x1edd;ng m&#xe0;u x&#xe1;m nh&#x1ea1;t b&#x1ec1; m&#x1eb7;t s&#x1ea7;n 45x95mm 4931</em></p>\r\n<p style=\"text-align: center;\">&#xa0;</p>\r\n<p style=\"text-align: justify;\">&#x110;&#x1b0;&#x1a1;&#x323;c sa&#x309;n xu&#xe2;&#x301;t t&#x1b0;&#x300; nh&#x1b0;&#x303;ng nguy&#xea;n li&#xea;&#x323;u an toa&#x300;n, th&#xe2;n thi&#xea;&#x323;n v&#x1a1;&#x301;i m&#xf4;i tr&#x1b0;&#x1a1;&#x300;ng n&#xea;n Ga&#x323;ch the&#x309; trang tri&#x301; &#x111;ang &#x111;&#x1b0;&#x1a1;&#x323;c nhi&#xea;&#x300;u kha&#x301;ch ha&#x300;ng tin du&#x300;ng. G&#x1ea1;ch th&#x1ebb; &#x1ed1;p t&#x1b0;&#x1edd;ng 45x95mm 4931 c&#xf3; kha&#x309; n&#x103;ng ch&#xf4;&#x301;ng th&#xe2;&#x301;m tuy&#xea;&#x323;t &#x111;&#xf4;&#x301;i, ng&#x103;n ch&#x103;&#x323;n &#x111;&#x1b0;&#x1a1;&#x323;c r&#xea;u m&#xf4;&#x301;c, &#xf4;&#x301; va&#x300;ng giu&#x301;p cho b&#x1b0;&#x301;c t&#x1b0;&#x1a1;&#x300;ng lu&#xf4;n b&#xea;&#x300;n &#x111;e&#x323;p theo n&#x103;m tha&#x301;ng. Ga&#x323;ch phu&#x300; h&#x1a1;&#x323;p m&#x1a1;&#x301;i mo&#x323;i loa&#x323;i kh&#xf4;ng gian t&#x1b0;&#x300; n&#xf4;&#x323;i &#x111;&#xea;&#x301;n ngoa&#x323;i th&#xe2;&#x301;t. Mang &#x111;&#xea;&#x301;n s&#x1b0;&#x323; &#xe2;&#x301;n t&#x1b0;&#x1a1;&#x323;ng cho nh&#x1b0;&#x303;ng b&#x1b0;&#x301;c t&#x1b0;&#x1a1;&#x300;ng &#x111;&#x1a1;n &#x111;i&#xea;&#x323;u, ta&#x323;o &#x111;i&#xea;&#x309;m nh&#xe2;&#x301;n thu hu&#x301;t mo&#x323;i a&#x301;nh nhi&#x300;n.</p>\r\n<p style=\"text-align: justify;\">&#xa0;</p>\r\n<p style=\"text-align: center;\"><img src=\"https://b2b.daisan.vn/site/upload/pages/28102/1624511289_9afdb01339ef137ea2f3fb1aa64a9024.jpeg\" alt=\"2\" width=\"100%\"></p>\r\n<p style=\"text-align: justify;\">Khi mua s&#x1ea3;n ph&#x1ea9;m t&#x1ea1;i Daisan qu&#xfd; kh&#xe1;ch h&#xe0;ng c&#xf3; th&#x1ec3; ho&#xe0;n to&#xe0;n y&#xea;n t&#xe2;m v&#x1ec1; ngu&#x1ed3;n g&#x1ed1;c xu&#x1ea5;t x&#x1ee9;, ch&#x1ea5;t l&#x1b0;&#x1ee3;ng s&#x1ea3;n ph&#x1ea9;m, gi&#xe1; th&#xe0;nh lu&#xf4;n t&#x1ed1;t nh&#x1ea5;t, v&#x1ead;n chuy&#x1ec3;n to&#xe0;n qu&#x1ed1;c v&#xe0; nhi&#x1ec1;u &#x1b0;u &#x111;&#xe3;i h&#x1ea5;p d&#x1eab;n. &#x110;&#x1ec3; bi&#x1ebf;t th&#xea;m th&#xf4;ng tin v&#x1ec1; s&#x1ea3;n ph&#x1ea9;m qu&#xfd; kh&#xe1;ch vui l&#xf2;ng li&#xea;n h&#x1ec7; v&#x1edb;i ch&#xfa;ng t&#xf4;i theo HOTLINE 1800 6464 98 &#x111;&#x1ec3; &#x111;&#x1b0;&#x1ee3;c h&#x1ed7; tr&#x1ee3; v&#xe0; nh&#x1ead;n b&#xe1;o gi&#xe1; t&#x1ed1;t nh&#x1ea5;t.</p>\n                                                    </div>\n                    </div>",
	"supplier": "DAISAN",
	"url_supplier": "https://b2b.daisan.vn"
}