{
	"url": "https://b2b.daisan.vn/gach-op-lat-eurotile-bst-thien-di-300*600mm-thd-g03-753229.html",
	"title": "Gạch ốp lát Eurotile BST Thiên Di 300*600mm THD G03",
	"description": "Bảo vệ cho sản phẩm này\n                                    \n                                        Giao hàng qua Daisan Logistics\n                                        \n                                        Dự kiến ​​đơn hàng của bạn sẽ được giao trước ngày dự kiến ​​hoặc nhận khoản bồi thường chậm trễ 10%\n                                    \n                                    \n                                        Thanh toán an toàn\n\n                                        \n                                        Mọi khoản thanh toán bạn thực hiện trên Daisan.vn đều được ...\n                                    \n                                    \n                                        Chính sách hoàn tiền\n\n                                        \n                                        Yêu cầu hoàn lại tiền nếu đơn đặt hàng của bạn không được vận chuyển, bị thiếu hoặc giao đến có vấn đề về sản phẩm",
	"price": "412000",
	"sku": "DAISAN_GCH_1058",
	"thumbnail": "https://b2b.daisan.vn/site/upload/pages/26496/1665045656_9afdb01339ef137ea2f3fb1aa64a9024.jpeg",
	"images": [
		"https://b2b.daisan.vn/site/upload/pages/26496/1665045656_9afdb01339ef137ea2f3fb1aa64a9024.jpeg",
		"https://b2b.daisan.vn/site/upload/pages/26496/1665045708_9afdb01339ef137ea2f3fb1aa64a9024.jpeg",
		"https://b2b.daisan.vn/site/upload/pages/26496/1665045710_9afdb01339ef137ea2f3fb1aa64a9024.jpeg",
		"https://b2b.daisan.vn/site/upload/pages/26496/1665045713_9afdb01339ef137ea2f3fb1aa64a9024.jpeg",
		"https://b2b.daisan.vn/site/upload/pages/26496/1665477220_9afdb01339ef137ea2f3fb1aa64a9024.jpeg",
		"https://b2b.daisan.vn/site/upload/pages/26496/1665044688_9afdb01339ef137ea2f3fb1aa64a9024.jpeg",
		"https://b2b.daisan.vn/site/upload/pages/26496/1665476946_9afdb01339ef137ea2f3fb1aa64a9024.jpeg",
		"https://b2b.daisan.vn/site/upload/pages/26496/1665043811_9afdb01339ef137ea2f3fb1aa64a9024.jpeg",
		"https://b2b.daisan.vn/site/upload/pages/26496/1665476596_9afdb01339ef137ea2f3fb1aa64a9024.jpeg",
		"https://b2b.daisan.vn/site/upload/pages/26496/1665043610_9afdb01339ef137ea2f3fb1aa64a9024.jpeg",
		"https://b2b.daisan.vn/site/upload/pages/26496/1665463984_9afdb01339ef137ea2f3fb1aa64a9024.jpeg",
		"https://b2b.daisan.vn/site/upload/pages/26496/1665043425_9afdb01339ef137ea2f3fb1aa64a9024.jpeg",
		"https://b2b.daisan.vn/site/upload/pages/26496/1665043220_9afdb01339ef137ea2f3fb1aa64a9024.jpeg",
		"https://b2b.daisan.vn/site/upload/pages/26496/1665463697_9afdb01339ef137ea2f3fb1aa64a9024.jpeg",
		"https://b2b.daisan.vn/site/upload/pages/26496/1665199828_9afdb01339ef137ea2f3fb1aa64a9024.jpeg",
		"https://b2b.daisan.vn/site/upload/pages/26496/1665042693_9afdb01339ef137ea2f3fb1aa64a9024.jpeg",
		"https://b2b.daisan.vn/site/upload/pages/26496/1665199505_9afdb01339ef137ea2f3fb1aa64a9024.jpeg",
		"https://b2b.daisan.vn/site/upload/pages/26496/1665198985_9afdb01339ef137ea2f3fb1aa64a9024.jpeg",
		"https://b2b.daisan.vn/site/upload/pages/26496/1665197437_9afdb01339ef137ea2f3fb1aa64a9024.jpeg"
	],
	"content": "\n<style>\nfont-family: 'Segoe UI', Arial, sans-serif;\n    background: #fff;\n    color: #222;\n    padding: 20px;\n    max-width: 900px;\n    margin: 0 auto;\n    line-height: 1.6;\n</style>\n<div class=\"unknown-content-root\">\n                        <h3 id=\"more-detail\">M&#xf4; t&#x1ea3; s&#x1ea3;n ph&#x1ea9;m t&#x1eeb; nh&#xe0; cung c&#x1ea5;p</h3>\n                        <div class=\"description-info pb-2\">\n                            <h3>M&#xf4; t&#x1ea3; s&#x1ea3;n ph&#x1ea9;m</h3>\n                            <p style=\"box-sizing: border-box; margin: 0px 0px 15px; font-family: Montserrat, sans-serif; font-size: 14px; letter-spacing: 0.25px; background-color: #ffffff; text-align: center;\"><strong style=\"box-sizing: border-box;\">EUROTILE - Thi&#xea;n Di - m&#x1ed9;t &#x201c;n&#x1ed1;t tr&#x1ea7;m&#x201d; xao xuy&#x1ebf;n&#x2026;</strong></p>\r\n<p style=\"box-sizing: border-box; margin: 0px 0px 15px; font-family: Montserrat, sans-serif; font-size: 14px; letter-spacing: 0.25px; background-color: #ffffff;\">Trong v&#xf2;ng quay kh&#xf4;ng ng&#x1eeb;ng ngh&#x1ec9; c&#x1ee7;a cu&#x1ed9;c s&#x1ed1;ng hi&#x1ec7;n &#x111;&#x1ea1;i, l&#x1ed1;i s&#x1ed1;ng t&#x1ef1; nhi&#xea;n v&#xe0; &#x111;&#x1a1;n gi&#x1ea3;n &#x111;ang &#x111;&#x1b0;&#x1ee3;c nhi&#x1ec1;u ng&#x1b0;&#x1edd;i h&#x1b0;&#x1edb;ng &#x111;&#x1ebf;n. S&#x1ef1; c&#xf3; m&#x1eb7;t c&#x1ee7;a c&#xe1;c ch&#x1ea5;t li&#x1ec7;u mang h&#x1a1;i th&#x1edf; t&#x1ef1; nhi&#xea;n nh&#x1b0; &#x111;&#x1ea5;t, &#x111;&#xe1;, g&#x1ed7;, v&#x1ecf; c&#xe2;y&#x2026; lu&#xf4;n khi&#x1ebf;n kh&#xf4;ng gian s&#x1ed1;ng tr&#x1edf; n&#xea;n d&#x1ecb;u nh&#x1eb9;, tr&#x1ea7;m &#x1ea5;m v&#xe0; s&#xe2;u l&#x1eaf;ng. T&#x1eeb; ngu&#x1ed3;n c&#x1ea3;m h&#x1ee9;ng n&#xe0;y, b&#x1ed9; s&#x1b0; t&#x1ead;p Thi&#xea;n Di ra &#x111;&#x1edd;i nh&#x1b0; m&#x1ed9;t &#x201c;n&#x1ed1;t tr&#x1ea7;m&#x201d; xao xuy&#x1ebf;n trong &#x201c;B&#x1ea3;n h&#xf2;a ca&#x201d; c&#x1ee7;a Eurotile - M&#x1ef9; &#x110;&#x1ee9;c.</p>\r\n<p style=\"box-sizing: border-box; margin: 0px 0px 15px; font-family: Montserrat, sans-serif; font-size: 14px; letter-spacing: 0.25px; background-color: #ffffff;\">Trong T&#x1eeb; &#x111;i&#x1ec3;n H&#xe1;n Vi&#x1ec7;t, Thi&#xea;n Di c&#xf3; ngh&#x129;a l&#xe0; b&#x1b0;&#x1edb;c di chuy&#x1ec3;n c&#x1ee7;a th&#x1edd;i gian, v&#x1ea1;n v&#x1ead;t trong v&#x169; tr&#x1ee5;, l&#xe0; s&#x1ef1; ung dung, t&#x1ef1; t&#x1ea1;i kh&#xf4;ng b&#x1ecb; tr&#xf3;i bu&#x1ed9;c &#x1edf; b&#x1ea5;t c&#x1ee9; n&#x1a1;i &#x111;&#xe2;u. S&#x1ef1; d&#x1ecb;ch chuy&#x1ec3;n &#x1ea5;y t&#x1b0;&#x1edf;ng nh&#x1b0; n&#xf3;i v&#x1ec1; qu&#xe1; kh&#x1ee9; b&#x1ecb; l&#xe3;ng qu&#xea;n. Nh&#x1b0;ng th&#x1ef1;c t&#x1ebf;, Thi&#xea;n Di l&#xe0; c&#xe2;u chuy&#x1ec7;n g&#x1ee3;i m&#x1edf; v&#x1ec1; con &#x111;&#x1b0;&#x1edd;ng m&#xe0; m&#x1ed7;i ng&#x1b0;&#x1edd;i &#x111;&#xe3; &#x111;i qua, v&#x1ebf;t th&#x1edd;i gian c&#xf2;n &#x111;&#xf3; nh&#x1b0; m&#x1ed9;t kho t&#xe0;ng &#x1ea9;n ch&#x1ee9;a nh&#x1eef;ng &#x111;i&#x1ec1;u b&#xed; &#x1ea9;n v&#xf4; gi&#xe1;. Vi&#x1ec7;c l&#x1b0;u gi&#x1eef; nh&#x1eef;ng k&#x1ef7; ni&#x1ec7;m, h&#xec;nh &#x1ea3;nh quen thu&#x1ed9;c trong ng&#xf4;i nh&#xe0; s&#x1ebd; t&#x1ea1;o n&#xea;n s&#x1ee3;i d&#xe2;y g&#x1eaf;n k&#x1ebf;t gi&#x1eef;a qu&#xe1; kh&#x1ee9; - hi&#x1ec7;n t&#x1ea1;i - t&#x1b0;&#x1a1;ng lai, k&#x1ebf;t n&#x1ed1;i c&#xe1;c th&#xe0;nh vi&#xea;n trong nhi&#x1ec1;u th&#x1ebf; h&#x1ec7; c&#x1ee7;a gia &#x111;&#xec;nh. H&#xe3;y &#x111;&#x1ec3; Eurotile&#xa0;gi&#xfa;p b&#x1ea1;n l&#xe0;m &#x111;i&#x1ec1;u &#x111;&#xf3;!</p>\r\n<p style=\"box-sizing: border-box; margin: 0px 0px 15px; font-family: Montserrat, sans-serif; font-size: 14px; letter-spacing: 0.25px; background-color: #ffffff;\">B&#x1ed9; s&#x1b0;u t&#x1ead;p Thi&#xea;n Di l&#x1ea5;y c&#x1ea3;m h&#x1ee9;ng t&#x1eeb; nh&#x1eef;ng b&#x1ee9;c t&#x1b0;&#x1edd;ng r&#xea;u phong c&#x1ed5; k&#xed;nh t&#x1ea1;i nh&#x1eef;ng ng&#xf4;i l&#xe0;ng c&#x1ed5; mang d&#x1ea5;u &#x1ea5;n th&#x1edd;i gian.</p>\r\n<p style=\"box-sizing: border-box; margin: 0px 0px 15px; font-family: Montserrat, sans-serif; font-size: 14px; letter-spacing: 0.25px; background-color: #ffffff; text-align: center;\"><img src=\"https://b2b.daisan.vn/site/upload/media/images/general/1664867362_df60e2e656e4dfc8ae559d9f3ae7009c.jpeg\" alt=\"G&#x1ea1;ch &#x1ed1;p l&#xe1;t Eurotile BST Thi&#xea;n Di 300*600mm THD G03\" width=\"600\"></p>\r\n<p style=\"box-sizing: border-box; margin: 0px 0px 15px; font-family: Montserrat, sans-serif; font-size: 14px; letter-spacing: 0.25px; background-color: #ffffff; text-align: center;\">&#xa0;</p>\r\n<h2 style=\"box-sizing: border-box; margin: 0px 0px 15px; font-family: Montserrat, sans-serif; font-size: 14px; letter-spacing: 0.25px; background-color: #ffffff; text-align: justify;\"><span style=\"font-size: 12pt;\"><strong style=\"margin: 0px; padding: 0px; border: 0px; line-height: 1.5em;\">Th&#xf4;ng s&#x1ed1; k&#x1ef9; thu&#x1ead;t c&#x1ee7;a G&#x1ea1;ch &#x1ed1;p l&#xe1;t Eurotile BST Thi&#xea;n Di 300*600mm THD G03</strong></span></h2>\r\n<p style=\"margin: 10px 0px; padding: 0px; border: 0px; line-height: 1.6em; font-size: 14px; font-family: &apos;Open Sans&apos;, sans-serif; vertical-align: baseline; background-color: #ffffff;\"><span style=\"font-family: Open Sans, sans-serif;\"><span style=\"font-size: 14px;\">&#x22b9; B&#x1ed9; s&#x1b0;u t&#x1ead;p: Thi&#xea;n di</span></span><br style=\"margin: 0px; padding: 0px; border: 0px; line-height: 1.5em;\"><span style=\"font-family: Open Sans, sans-serif;\"><span style=\"font-size: 14px;\">&#x22b9; K&#xed;ch th&#x1b0;&#x1edb;c: 30&#xa0;x 60&#xa0;cm</span></span><br style=\"margin: 0px; padding: 0px; border: 0px; line-height: 1.5em;\"><span style=\"font-family: Open Sans, sans-serif;\"><span style=\"font-size: 14px;\">&#x22b9; Men g&#x1ea1;ch: Matt</span></span><br style=\"margin: 0px; padding: 0px; border: 0px; line-height: 1.5em;\"><span style=\"font-family: Open Sans, sans-serif;\"><span style=\"font-size: 14px;\">&#x22b9; B&#x1ec1; m&#x1eb7;t: Nh&#xe1;m</span></span><br style=\"margin: 0px; padding: 0px; border: 0px; line-height: 1.5em;\"><span style=\"font-family: Open Sans, sans-serif;\"><span style=\"font-size: 14px;\">&#x22b9; X&#x1b0;&#x1a1;ng g&#x1ea1;ch: Porcerlain</span></span><br style=\"margin: 0px; padding: 0px; border: 0px; line-height: 1.5em;\"><span style=\"font-family: Open Sans, sans-serif;\"><span style=\"font-size: 14px;\">&#x22b9; 08 vi&#xea;n/ h&#x1ed9;p ; 1.44m2/ h&#x1ed9;p</span></span><br style=\"margin: 0px; padding: 0px; border: 0px; line-height: 1.5em;\"><span style=\"font-family: Open Sans, sans-serif;\"><span style=\"font-size: 14px;\">&#x22b9; Th&#x1b0;&#x1a1;ng hi&#x1ec7;u: G&#x1ea1;ch Eurotile&#xa0;</span></span></p>\r\n<p style=\"margin: 10px 0px; padding: 0px; border: 0px; line-height: 1.6em; font-size: 14px; font-family: &apos;Open Sans&apos;, sans-serif; vertical-align: baseline; background-color: #ffffff; text-align: center;\"><img src=\"https://b2b.daisan.vn/site/upload/media/images/general/1665045732_441c7d483051f90283857e90d8bb852d.jpeg\" width=\"600\"></p>\r\n<p style=\"margin: 10px 0px; padding: 0px; border: 0px; line-height: 1.6em; font-size: 14px; font-family: &apos;Open Sans&apos;, sans-serif; vertical-align: baseline; background-color: #ffffff; text-align: center;\"><img src=\"https://b2b.daisan.vn/site/upload/media/images/general/1664867425_8a6bd9f36061834de536b13e6c9bc3e2.jpeg\" alt=\"G&#x1ea1;ch &#x1ed1;p l&#xe1;t Eurotile BST Thi&#xea;n Di 300*600mm THD G03\" width=\"600\"></p>\r\n<p style=\"margin: 10px 0px; padding: 0px; border: 0px; line-height: 1.6em; font-size: 14px; font-family: &apos;Open Sans&apos;, sans-serif; vertical-align: baseline; background-color: #ffffff; text-align: center;\">&#xa0;</p>\r\n<h2 style=\"margin: 10px 0px; padding: 0px; border: 0px; line-height: 1.6em; font-size: 14px; font-family: &apos;Open Sans&apos;, sans-serif; vertical-align: baseline; background-color: #ffffff; text-align: left;\"><span style=\"font-size: 12pt;\"><strong>Ph&#x1ed1;i c&#x1ea3;nh s&#x1ea3;n ph&#x1ea9;m</strong></span></h2>\r\n<p style=\"text-align: center;\"><img src=\"https://b2b.daisan.vn/site/upload/media/images/general/1664867448_df60e2e656e4dfc8ae559d9f3ae7009c.jpeg\" alt=\"G&#x1ea1;ch &#x1ed1;p l&#xe1;t Eurotile BST Thi&#xea;n Di 300*600mm THD G03\" width=\"600\"></p>\r\n<p style=\"text-align: center;\">&#xa0;</p>\n                                                    </div>\n                    </div>",
	"supplier": "DAISAN",
	"url_supplier": "https://b2b.daisan.vn"
}