{
	"url": "https://b2b.daisan.vn/gach-op-lat-eurotile-bst-luu-thuy-300*600mm-lth-g01-753241.html",
	"title": "Gạch ốp lát Eurotile BST Lưu Thủy 300*600mm LTH G01",
	"description": "Bảo vệ cho sản phẩm này\n                                    \n                                        Giao hàng qua Daisan Logistics\n                                        \n                                        Dự kiến ​​đơn hàng của bạn sẽ được giao trước ngày dự kiến ​​hoặc nhận khoản bồi thường chậm trễ 10%\n                                    \n                                    \n                                        Thanh toán an toàn\n\n                                        \n                                        Mọi khoản thanh toán bạn thực hiện trên Daisan.vn đều được ...\n                                    \n                                    \n                                        Chính sách hoàn tiền\n\n                                        \n                                        Yêu cầu hoàn lại tiền nếu đơn đặt hàng của bạn không được vận chuyển, bị thiếu hoặc giao đến có vấn đề về sản phẩm",
	"price": "412000",
	"sku": "DAISAN_GCH_1672",
	"thumbnail": "https://b2b.daisan.vn/site/upload/pages/26496/1665047140_9afdb01339ef137ea2f3fb1aa64a9024.jpeg",
	"images": [
		"https://b2b.daisan.vn/site/upload/pages/26496/1665047140_9afdb01339ef137ea2f3fb1aa64a9024.jpeg",
		"https://b2b.daisan.vn/site/upload/pages/26496/1665047163_9afdb01339ef137ea2f3fb1aa64a9024.jpeg",
		"https://b2b.daisan.vn/site/upload/pages/26496/1665047177_9afdb01339ef137ea2f3fb1aa64a9024.jpeg",
		"https://b2b.daisan.vn/site/upload/pages/26496/1665047182_9afdb01339ef137ea2f3fb1aa64a9024.jpeg",
		"https://b2b.daisan.vn/site/upload/pages/26496/1665047185_9afdb01339ef137ea2f3fb1aa64a9024.jpeg",
		"https://b2b.daisan.vn/site/upload/pages/26496/1665047188_9afdb01339ef137ea2f3fb1aa64a9024.jpeg",
		"https://b2b.daisan.vn/site/upload/pages/26496/1665477220_9afdb01339ef137ea2f3fb1aa64a9024.jpeg",
		"https://b2b.daisan.vn/site/upload/pages/26496/1665044688_9afdb01339ef137ea2f3fb1aa64a9024.jpeg",
		"https://b2b.daisan.vn/site/upload/pages/26496/1665476946_9afdb01339ef137ea2f3fb1aa64a9024.jpeg",
		"https://b2b.daisan.vn/site/upload/pages/26496/1665043811_9afdb01339ef137ea2f3fb1aa64a9024.jpeg",
		"https://b2b.daisan.vn/site/upload/pages/26496/1665476596_9afdb01339ef137ea2f3fb1aa64a9024.jpeg",
		"https://b2b.daisan.vn/site/upload/pages/26496/1665043610_9afdb01339ef137ea2f3fb1aa64a9024.jpeg",
		"https://b2b.daisan.vn/site/upload/pages/26496/1665463984_9afdb01339ef137ea2f3fb1aa64a9024.jpeg",
		"https://b2b.daisan.vn/site/upload/pages/26496/1665043425_9afdb01339ef137ea2f3fb1aa64a9024.jpeg",
		"https://b2b.daisan.vn/site/upload/pages/26496/1665043220_9afdb01339ef137ea2f3fb1aa64a9024.jpeg",
		"https://b2b.daisan.vn/site/upload/pages/26496/1665463697_9afdb01339ef137ea2f3fb1aa64a9024.jpeg",
		"https://b2b.daisan.vn/site/upload/pages/26496/1665199828_9afdb01339ef137ea2f3fb1aa64a9024.jpeg",
		"https://b2b.daisan.vn/site/upload/pages/26496/1665042693_9afdb01339ef137ea2f3fb1aa64a9024.jpeg",
		"https://b2b.daisan.vn/site/upload/pages/26496/1665199505_9afdb01339ef137ea2f3fb1aa64a9024.jpeg",
		"https://b2b.daisan.vn/site/upload/pages/26496/1665198985_9afdb01339ef137ea2f3fb1aa64a9024.jpeg",
		"https://b2b.daisan.vn/site/upload/pages/26496/1665197437_9afdb01339ef137ea2f3fb1aa64a9024.jpeg"
	],
	"content": "\n<style>\nfont-family: 'Segoe UI', Arial, sans-serif;\n    background: #fff;\n    color: #222;\n    padding: 20px;\n    max-width: 900px;\n    margin: 0 auto;\n    line-height: 1.6;\n</style>\n<div class=\"unknown-content-root\">\n                        <h3 id=\"more-detail\">M&#xf4; t&#x1ea3; s&#x1ea3;n ph&#x1ea9;m t&#x1eeb; nh&#xe0; cung c&#x1ea5;p</h3>\n                        <div class=\"description-info pb-2\">\n                            <h3>M&#xf4; t&#x1ea3; s&#x1ea3;n ph&#x1ea9;m</h3>\n                            <p style=\"box-sizing: border-box; margin: 0px 0px 15px; font-family: Montserrat, sans-serif; font-size: 14px; letter-spacing: 0.25px; background-color: #ffffff; text-align: justify;\">Nh&#x1b0; m&#x1ed9;t ch&#x1ee9;ng nh&#xe2;n l&#x1ecb;ch s&#x1eed; c&#x1ee7;a th&#x1edd;i cu&#x1ed9;c, s&#xf4;ng Seine ghi l&#x1ea1;i nh&#x1eef;ng kho&#x1ea3;nh kh&#x1eaf;c ph&#x1ed3;n hoa, r&#x1ef1;c r&#x1ee1; nh&#x1ea5;t t&#x1ea1;i Paris v&#xe0; c&#x169;ng ch&#x1ee9;ng ki&#x1ebf;n nh&#x1eef;ng ng&#xe0;y th&#xe1;ng &#x111;au th&#x1b0;&#x1a1;ng nh&#x1ea5;t. V&#x1ebb; &#x111;&#x1eb9;p c&#x1ee7;a s&#xf4;ng Seine l&#xe0; v&#x1ebb; &#x111;&#x1eb9;p tr&#x1ecd;n v&#x1eb9;n nh&#x1ea5;t c&#x1ee7;a Kinh &#x111;&#xf4; hoa l&#x1ec7; n&#xe0;y. Hi&#x1ec3;u &#x111;&#x1b0;&#x1ee3;c &#x111;i&#x1ec1;u &#x111;&#xf3;, L&#x1b0;u Thu&#x1ef7; kh&#x1eaf;c ho&#x1ea1; l&#x1ea1;i t&#x1eeb;ng d&#xf2;ng ch&#x1ea3;y tr&#xea;n d&#xf2;ng s&#xf4;ng, mang theo b&#xf3;ng d&#xe1;ng m&#x1ed9;t Paris v&#x1eeb;a hoa l&#x1ec7;, v&#x1eeb;a s&#xe2;u l&#x1eaf;ng, l&#x1ea1;i &#x111;&#x1ead;m ch&#x1ea5;t th&#x1a1; v&#xe0;o trong kh&#xf4;ng gian ph&#xf2;ng kh&#xe1;ch.</p>\r\n<p style=\"box-sizing: border-box; margin: 0px 0px 15px; font-family: Montserrat, sans-serif; font-size: 14px; letter-spacing: 0.25px; background-color: #ffffff; text-align: justify;\"><img style=\"box-sizing: border-box; border: 0px none; max-width: 100%; height: auto !important; vertical-align: middle; margin: 0px;\" src=\"https://b2b.daisan.vn/site/upload/caches/1665047353_d3c6f7c4b5dc400d62e58549898187c7.png\" alt=\"????\" width=\"16\" height=\"16\">&#xa0;Tone m&#xe0;u tr&#x1eaf;ng v&#x1edb;i s&#x1eaf;c th&#xe1;i &#x111;&#x1a1;n gi&#x1ea3;n nh&#x1b0;ng to&#xe1;t l&#xea;n n&#xe9;t tinh t&#x1ebf; kh&#xf4;ng th&#x1ec3; che gi&#x1ea5;u.</p>\r\n<p style=\"box-sizing: border-box; margin: 0px 0px 15px; font-family: Montserrat, sans-serif; font-size: 14px; letter-spacing: 0.25px; background-color: #ffffff; text-align: justify;\"><img style=\"box-sizing: border-box; border: 0px none; max-width: 100%; height: auto !important; vertical-align: middle; margin: 0px;\" src=\"https://b2b.daisan.vn/site/upload/caches/1665047353_4d9b599f2b1c3dc7554cfa42fa3e77d0.png\" alt=\"????\" width=\"16\" height=\"16\">&#xa0;Hoa v&#x103;n b&#xf3;ng &#x111;&#x1ed9;c &#x111;&#xe1;o khi&#x1ebf;n kh&#xf4;ng gian mang n&#xe9;t sang tr&#x1ecd;ng &#x111;&#x1eb7;c bi&#x1ec7;t.</p>\r\n<p style=\"box-sizing: border-box; margin: 0px 0px 15px; font-family: Montserrat, sans-serif; font-size: 14px; letter-spacing: 0.25px; background-color: #ffffff; text-align: justify;\"><img style=\"box-sizing: border-box; border: 0px none; max-width: 100%; height: auto !important; vertical-align: middle; margin: 0px;\" src=\"https://b2b.daisan.vn/site/upload/caches/1665047353_ee2b55bfb0bb4f4a6692ab9075c385a8.png\" alt=\"&#x269c;&#xfe0f;\" width=\"16\" height=\"16\">&#xa0;Ch&#x1ea5;t li&#x1ec7;u c&#x1ea9;m th&#x1ea1;ch t&#x1b0;&#x1ee3;ng tr&#x1b0;ng cho v&#x1ebb; &#x111;&#x1eb9;p v&#xe0; s&#x1ef1; th&#x1ecb;nh v&#x1b0;&#x1ee3;ng.</p>\r\n<p style=\"box-sizing: border-box; margin: 0px 0px 15px; font-family: Montserrat, sans-serif; font-size: 14px; letter-spacing: 0.25px; background-color: #ffffff; text-align: justify;\">G&#x1ea1;ch L&#x1b0;u Th&#x1ee7;y - D&#xf2;ng n&#x1b0;&#x1edb;c ch&#x1ea3;y tr&#xf4;i - Hay ch&#xed;nh l&#xe0; linh kh&#xed; c&#x1ee7;a &#x111;&#x1ea5;t tr&#x1edd;i s&#x1ebd; hi&#x1ec7;n di&#x1ec7;n m&#x1ed7;i ng&#xe0;y trong kh&#xf4;ng gian ph&#xf2;ng kh&#xe1;ch nh&#xe0; b&#x1ea1;n.</p>\r\n<p style=\"box-sizing: border-box; margin: 0px 0px 15px; font-family: Montserrat, sans-serif; font-size: 14px; letter-spacing: 0.25px; background-color: #ffffff; text-align: center;\"><img src=\"https://b2b.daisan.vn/site/upload/media/images/general/1665047198_19ba172a6c8b50c39596fd2a98d70826.jpeg\" width=\"600\"></p>\r\n<p style=\"box-sizing: border-box; margin: 0px 0px 15px; font-family: Montserrat, sans-serif; font-size: 14px; letter-spacing: 0.25px; background-color: #ffffff; text-align: center;\">&#xa0;</p>\r\n<h2 style=\"box-sizing: border-box; margin: 0px 0px 15px; font-family: Montserrat, sans-serif; font-size: 14px; letter-spacing: 0.25px; background-color: #ffffff; text-align: justify;\"><span style=\"font-size: 12pt;\"><strong style=\"margin: 0px; padding: 0px; border: 0px; line-height: 1.5em;\">Th&#xf4;ng s&#x1ed1; k&#x1ef9; thu&#x1ead;t c&#x1ee7;a G&#x1ea1;ch &#x1ed1;p l&#xe1;t Eurotile BST L&#x1b0;u Th&#x1ee7;y 300*600mm LTH G01</strong></span></h2>\r\n<p style=\"margin: 10px 0px; padding: 0px; border: 0px; line-height: 1.6em; font-size: 14px; font-family: &apos;Open Sans&apos;, sans-serif; vertical-align: baseline; background-color: #ffffff;\"><span style=\"color: #000000; font-family: Montserrat, sans-serif; letter-spacing: 0.25px;\">M&#xe3; s&#x1ea3;n ph&#x1ea9;m: LTH G01</span><br style=\"box-sizing: border-box; color: #595959; font-family: Montserrat, sans-serif; letter-spacing: 0.25px;\"><span style=\"color: #000000; font-family: Montserrat, sans-serif; letter-spacing: 0.25px;\">C&#xf4;ng n&#x103;ng : G&#x1ea1;ch &#x1ed1;p, l&#xe1;t</span><br style=\"box-sizing: border-box; color: #595959; font-family: Montserrat, sans-serif; letter-spacing: 0.25px;\"><span style=\"color: #000000; font-family: Montserrat, sans-serif; letter-spacing: 0.25px;\">K&#xed;ch th&#x1b0;&#x1edb;c : 30 * 60 cm</span><br style=\"box-sizing: border-box; color: #595959; font-family: Montserrat, sans-serif; letter-spacing: 0.25px;\"><span style=\"color: #000000; font-family: Montserrat, sans-serif; letter-spacing: 0.25px;\">H&#x1ecd;a ti&#x1ebf;t : C&#x1ea9;m th&#x1ea1;ch</span><br style=\"box-sizing: border-box; color: #595959; font-family: Montserrat, sans-serif; letter-spacing: 0.25px;\"><span style=\"color: #000000; font-family: Montserrat, sans-serif; letter-spacing: 0.25px;\">B&#x1ec1; m&#x1eb7;t : Nh&#xe1;m</span><br style=\"box-sizing: border-box; color: #595959; font-family: Montserrat, sans-serif; letter-spacing: 0.25px;\"><span style=\"color: #000000; font-family: Montserrat, sans-serif; letter-spacing: 0.25px;\">Lo&#x1ea1;i men : Men matt</span><br style=\"box-sizing: border-box; color: #595959; font-family: Montserrat, sans-serif; letter-spacing: 0.25px;\"><span style=\"color: #000000; font-family: Montserrat, sans-serif; letter-spacing: 0.25px;\">X&#x1b0;&#x1a1;ng g&#x1ea1;ch: : Granite</span><br style=\"box-sizing: border-box; color: #595959; font-family: Montserrat, sans-serif; letter-spacing: 0.25px;\"><span style=\"color: #000000; font-family: Montserrat, sans-serif; letter-spacing: 0.25px;\">Quy c&#xe1;ch &#x111;&#xf3;ng g&#xf3;i : 08 vi&#xea;n/ h&#x1ed9;p ; 1.44m2/ h&#x1ed9;p</span></p>\r\n<p style=\"margin: 10px 0px; padding: 0px; border: 0px; line-height: 1.6em; font-size: 14px; font-family: &apos;Open Sans&apos;, sans-serif; vertical-align: baseline; background-color: #ffffff; text-align: center;\"><img src=\"https://b2b.daisan.vn/site/upload/media/images/general/1665047285_a52ceafa87859cd2d26cd4e0a67d386c.jpeg\" alt=\"G&#x1ea1;ch &#x1ed1;p l&#xe1;t Eurotile BST L&#x1b0;u Th&#x1ee7;y 300*600mm LTH G01\" width=\"600\"></p>\r\n<p style=\"margin: 10px 0px; padding: 0px; border: 0px; line-height: 1.6em; font-size: 14px; font-family: &apos;Open Sans&apos;, sans-serif; vertical-align: baseline; background-color: #ffffff; text-align: center;\">&#xa0;</p>\r\n<h2 style=\"margin: 10px 0px; padding: 0px; border: 0px; line-height: 1.6em; font-size: 14px; font-family: &apos;Open Sans&apos;, sans-serif; vertical-align: baseline; background-color: #ffffff; text-align: left;\"><span style=\"font-size: 12pt;\"><strong>Ph&#x1ed1;i c&#x1ea3;nh s&#x1ea3;n ph&#x1ea9;m</strong></span></h2>\r\n<p style=\"text-align: center;\"><img src=\"https://b2b.daisan.vn/site/upload/media/images/general/1665047317_db606b90612324f425339c93a820e715.jpeg\" alt=\"G&#x1ea1;ch &#x1ed1;p l&#xe1;t Eurotile BST L&#x1b0;u Th&#x1ee7;y 300*600mm LTH G01\" width=\"600\"></p>\r\n<p style=\"text-align: center;\"><img src=\"https://b2b.daisan.vn/site/upload/media/images/general/1665047330_140f34893b4d9a670f34786ec8041b8c.jpeg\" alt=\"G&#x1ea1;ch &#x1ed1;p l&#xe1;t Eurotile BST L&#x1b0;u Th&#x1ee7;y 300*600mm LTH G01\" width=\"600\"></p>\r\n<p style=\"text-align: center;\"><img src=\"https://b2b.daisan.vn/site/upload/media/images/general/1665047342_87e8b547427615619be02f400029621e.jpeg\" alt=\"G&#x1ea1;ch &#x1ed1;p l&#xe1;t Eurotile BST L&#x1b0;u Th&#x1ee7;y 300*600mm LTH G01\" width=\"600\"></p>\r\n<p style=\"text-align: center;\">&#xa0;</p>\r\n<p style=\"text-align: center;\">&#xa0;</p>\n                                                    </div>\n                    </div>",
	"supplier": "DAISAN",
	"url_supplier": "https://b2b.daisan.vn"
}