{
	"url": "https://b2b.daisan.vn/gach-op-tuong-men-bong-prime-400*800mm-05.400800.08268-480400.html",
	"title": "Gạch ốp tường men bóng Prime 400*800mm 05.400800.08268",
	"description": "Bảo vệ cho sản phẩm này\n                                    \n                                        Giao hàng qua Daisan Logistics\n                                        \n                                        Dự kiến ​​đơn hàng của bạn sẽ được giao trước ngày dự kiến ​​hoặc nhận khoản bồi thường chậm trễ 10%\n                                    \n                                    \n                                        Thanh toán an toàn\n\n                                        \n                                        Mọi khoản thanh toán bạn thực hiện trên Daisan.vn đều được ...\n                                    \n                                    \n                                        Chính sách hoàn tiền\n\n                                        \n                                        Yêu cầu hoàn lại tiền nếu đơn đặt hàng của bạn không được vận chuyển, bị thiếu hoặc giao đến có vấn đề về sản phẩm",
	"price": "125000",
	"sku": "DAISAN_GCH_1865",
	"thumbnail": "https://b2b.daisan.vn/site/upload/pages/25303/1597500757_9afdb01339ef137ea2f3fb1aa64a9024.jpeg",
	"images": [
		"https://b2b.daisan.vn/site/upload/pages/25303/1597500757_9afdb01339ef137ea2f3fb1aa64a9024.jpeg",
		"https://b2b.daisan.vn/site/upload/pages/25303/1597538762_9afdb01339ef137ea2f3fb1aa64a9024.jpeg",
		"https://b2b.daisan.vn/site/upload/pages/25303/1597538571_9afdb01339ef137ea2f3fb1aa64a9024.jpeg",
		"https://b2b.daisan.vn/site/upload/pages/25303/1597538346_9afdb01339ef137ea2f3fb1aa64a9024.jpeg",
		"https://b2b.daisan.vn/site/upload/pages/25303/1597538180_9afdb01339ef137ea2f3fb1aa64a9024.jpeg",
		"https://b2b.daisan.vn/site/upload/pages/25303/1597537991_9afdb01339ef137ea2f3fb1aa64a9024.jpeg",
		"https://b2b.daisan.vn/site/upload/pages/25303/1597537278_9afdb01339ef137ea2f3fb1aa64a9024.jpeg",
		"https://b2b.daisan.vn/site/upload/pages/25303/1597537794_9afdb01339ef137ea2f3fb1aa64a9024.jpeg",
		"https://b2b.daisan.vn/site/upload/pages/25303/1597537439_9afdb01339ef137ea2f3fb1aa64a9024.jpeg",
		"https://b2b.daisan.vn/site/upload/pages/25303/1597537033_9afdb01339ef137ea2f3fb1aa64a9024.jpeg",
		"https://b2b.daisan.vn/site/upload/pages/25303/1597536808_9afdb01339ef137ea2f3fb1aa64a9024.jpeg",
		"https://b2b.daisan.vn/site/upload/pages/25303/1597536557_9afdb01339ef137ea2f3fb1aa64a9024.jpeg",
		"https://b2b.daisan.vn/site/upload/pages/25303/1597536354_9afdb01339ef137ea2f3fb1aa64a9024.jpeg",
		"https://b2b.daisan.vn/site/upload/pages/25303/1597506260_9afdb01339ef137ea2f3fb1aa64a9024.jpeg",
		"https://b2b.daisan.vn/site/upload/pages/25303/1597505746_9afdb01339ef137ea2f3fb1aa64a9024.jpeg",
		"https://b2b.daisan.vn/site/upload/pages/25303/1597505588_9afdb01339ef137ea2f3fb1aa64a9024.jpeg"
	],
	"content": "\n<style>\nfont-family: 'Segoe UI', Arial, sans-serif;\n    background: #fff;\n    color: #222;\n    padding: 20px;\n    max-width: 900px;\n    margin: 0 auto;\n    line-height: 1.6;\n</style>\n<div class=\"unknown-content-root\">\n                        <h3 id=\"more-detail\">M&#xf4; t&#x1ea3; s&#x1ea3;n ph&#x1ea9;m t&#x1eeb; nh&#xe0; cung c&#x1ea5;p</h3>\n                        <div class=\"description-info pb-2\">\n                            <h3>M&#xf4; t&#x1ea3; s&#x1ea3;n ph&#x1ea9;m</h3>\n                            <div class=\"clearfix\">\r\n<p><strong>G&#x1ea1;ch &#x1ed1;p t&#x1b0;&#x1edd;ng men b&#xf3;ng Prime 400*800mm 05.400800.08268</strong></p>\r\n<p>&#xa0;<strong>G&#x1ea1;ch &#x1ed1;p t&#x1b0;&#x1edd;ng Prime</strong>&#xa0;phong ph&#xfa; v&#x1ec1; k&#xed;ch th&#x1b0;&#x1edb;c v&#xe0; hoa v&#x103;n</p>\r\n<p>Ch&#x1ea5;t l&#x1b0;&#x1ee3;ng&#xa0;<strong>g&#x1ea1;ch &#x1ed1;p t&#x1b0;&#x1edd;ng&#xa0;Prime</strong>&#xa0;&#x111;&#x1ea1;t c&#xe1;c ch&#x1ee9;ng ch&#x1ec9; qu&#x1ed1;c t&#x1ebf; thu&#x1ed9;c ng&#xe0;nh c&#xf4;ng nghi&#x1ec7;p ceramic, ch&#x1ecb;u l&#x1ef1;c t&#x1ed1;t, ch&#x1ed1;ng ch&#x1ecb;u t&#x1ed1;t tr&#x1b0;&#x1edb;c c&#xe1;c t&#xe1;c &#x111;&#x1ed9;ng th&#x1edd;i ti&#x1ebf;t b&#xea;n ngo&#xe0;i.</p>\r\n<p>Prime lu&#xf4;n ch&#xfa; tr&#x1ecd;ng &#x111;&#x1ed5;i m&#x1edb;i thi&#x1ebf;t k&#x1ebf; v&#xe0; t&#xed;nh ti&#x1ec7;n d&#x1ee5;ng c&#x1ee7;a s&#x1ea3;n ph&#x1ea9;m, &#x111;a d&#x1ea1;ng v&#x1ec1; di&#x1ec7;n t&#xed;ch b&#x1ec1; m&#x1eb7;t, ph&#xf9; h&#x1ee3;p cho m&#x1ecd;i di&#x1ec7;n t&#xed;ch kh&#xf4;ng gian l&#x1edb;n ho&#x1eb7;c h&#x1eb9;p. C&#xe1;c d&#xf2;ng g&#x1ea1;ch t&#x1b0;&#x1edd;ng c&#x1ee7;a Prime &#x111;&#x1eb7;c bi&#x1ec7;t th&#xe2;n thi&#x1ec7;n v&#x1edb;i m&#xf4;i tr&#x1b0;&#x1edd;ng s&#x1ed1;ng v&#xe0; cho ng&#x1b0;&#x1edd;i s&#x1eed; d&#x1ee5;ng. &#x110;&#x1ed1;i v&#x1edb;i kh&#xed; h&#x1ead;u n&#xf3;ng &#x1ea9;m t&#x1ea1;i Vi&#x1ec7;t Nam, vi&#x1ec7;c s&#x1eed; d&#x1ee5;ng&#xa0;<strong>g&#x1ea1;ch &#x1ed1;p t&#x1b0;&#x1edd;ng</strong>&#xa0;s&#x1ebd; mang l&#x1ea1;i nhi&#x1ec1;u &#x1b0;u &#x111;i&#x1ec3;m l&#x1edb;n, tr&#xe1;nh &#x1ea9;m m&#x1ed1;c, phai m&#xe0;u, c&#xf3; gi&#xe1; tr&#x1ecb; trang tr&#xed; cao.&#xa0;</p>\r\n<p>&#xa0;<strong>Th&#xf4;ng s&#x1ed1; s&#x1ea3;n ph&#x1ea9;m:</strong></p>\r\n<p>&#xa0;M&#xe3; S&#x1ea3;n Ph&#x1ea9;m:&#xa0;05.400800.08268</p>\r\n<div class=\"clearfix\">\r\n<p class=\"product-code-title\">K&#xed;ch th&#x1b0;&#x1edb;c: 400*80mm</p>\r\n<p class=\"product-code-title\">B&#x1ec1; m&#x1eb7;t:&#xa0;b&#xf3;ng</p>\r\n<p class=\"product-code-title\">Nh&#xe3;n hi&#x1ec7;u: Prime&#xa0;</p>\r\n<p class=\"product-code-title\">Lo&#x1ea1;i: G&#x1ea1;ch&#xa0;&#x1ed1;p t&#x1b0;&#x1edd;ng, g&#x1ea1;ch Ceramic</p>\r\n<p class=\"product-code-title\">&#xa0;<strong>H&#xec;nh&#xa0;&#x1ea3;nh s&#x1ea3;n ph&#x1ea9;m:</strong></p>\r\n</div>\r\n<p class=\"product-code-title\" style=\"text-align: center;\"><img src=\"https://b2b.daisan.vn/site/upload/media/images/general/1597500774_79d9ed609a39ee4dda452d09baa62a65.jpeg\" width=\"600\"></p>\r\n</div>\n                                                    </div>\n                    </div>",
	"supplier": "DAISAN",
	"url_supplier": "https://b2b.daisan.vn"
}