{
	"url": "https://b2b.daisan.vn/gach-op-tuong-gia-vai-nhat-66941-411908.html",
	"title": "Gạch ốp tường giả vải nhạt 66941",
	"description": "Bảo vệ cho sản phẩm này\n                                    \n                                        Giao hàng qua Daisan Logistics\n                                        \n                                        Dự kiến ​​đơn hàng của bạn sẽ được giao trước ngày dự kiến ​​hoặc nhận khoản bồi thường chậm trễ 10%\n                                    \n                                    \n                                        Thanh toán an toàn\n\n                                        \n                                        Mọi khoản thanh toán bạn thực hiện trên Daisan.vn đều được ...\n                                    \n                                    \n                                        Chính sách hoàn tiền\n\n                                        \n                                        Yêu cầu hoàn lại tiền nếu đơn đặt hàng của bạn không được vận chuyển, bị thiếu hoặc giao đến có vấn đề về sản phẩm",
	"price": "350000",
	"sku": "DAISAN_GCH_4928",
	"thumbnail": "https://b2b.daisan.vn/site/upload/pages/24413/1566353434_9afdb01339ef137ea2f3fb1aa64a9024.jpeg",
	"images": [
		"https://b2b.daisan.vn/site/upload/pages/24413/1566353434_9afdb01339ef137ea2f3fb1aa64a9024.jpeg",
		"https://b2b.daisan.vn/site/upload/pages/24413/1566267494_9afdb01339ef137ea2f3fb1aa64a9024.png",
		"https://b2b.daisan.vn/site/upload/pages/24413/1566267232_9afdb01339ef137ea2f3fb1aa64a9024.png",
		"https://b2b.daisan.vn/site/upload/pages/24413/1566266652_9afdb01339ef137ea2f3fb1aa64a9024.jpeg",
		"https://b2b.daisan.vn/site/upload/pages/24413/1566264914_9afdb01339ef137ea2f3fb1aa64a9024.jpeg",
		"https://b2b.daisan.vn/site/upload/pages/24413/1566264301_9afdb01339ef137ea2f3fb1aa64a9024.jpeg",
		"https://b2b.daisan.vn/site/upload/pages/24413/1566212102_9afdb01339ef137ea2f3fb1aa64a9024.jpeg",
		"https://b2b.daisan.vn/site/upload/pages/24413/1566379701_9afdb01339ef137ea2f3fb1aa64a9024.png",
		"https://b2b.daisan.vn/site/upload/pages/24413/1566379247_9afdb01339ef137ea2f3fb1aa64a9024.png",
		"https://b2b.daisan.vn/site/upload/pages/24413/1566353680_9afdb01339ef137ea2f3fb1aa64a9024.jpeg",
		"https://b2b.daisan.vn/site/upload/pages/24413/1566352236_9afdb01339ef137ea2f3fb1aa64a9024.jpeg",
		"https://b2b.daisan.vn/site/upload/pages/24413/1566266878_9afdb01339ef137ea2f3fb1aa64a9024.jpeg",
		"https://b2b.daisan.vn/site/upload/pages/24413/1566265007_9afdb01339ef137ea2f3fb1aa64a9024.jpeg",
		"https://b2b.daisan.vn/site/upload/pages/24413/1566264960_9afdb01339ef137ea2f3fb1aa64a9024.jpeg",
		"https://b2b.daisan.vn/site/upload/pages/24413/1566443798_9afdb01339ef137ea2f3fb1aa64a9024.png",
		"https://b2b.daisan.vn/site/upload/pages/24413/1566443760_9afdb01339ef137ea2f3fb1aa64a9024.png"
	],
	"content": "\n<style>\nfont-family: 'Segoe UI', Arial, sans-serif;\n    background: #fff;\n    color: #222;\n    padding: 20px;\n    max-width: 900px;\n    margin: 0 auto;\n    line-height: 1.6;\n</style>\n<div class=\"unknown-content-root\">\n                        <h3 id=\"more-detail\">M&#xf4; t&#x1ea3; s&#x1ea3;n ph&#x1ea9;m t&#x1eeb; nh&#xe0; cung c&#x1ea5;p</h3>\n                        <div class=\"description-info pb-2\">\n                            <h3>M&#xf4; t&#x1ea3; s&#x1ea3;n ph&#x1ea9;m</h3>\n                            <p style=\"text-align: center;\"><img src=\"https://b2b.daisan.vn/site/upload/media/images/images/1566353448_151ca27646a59fe7c343517028cf313c.png\"></p>\n                                                    </div>\n                    </div>",
	"supplier": "DAISAN",
	"url_supplier": "https://b2b.daisan.vn"
}