{
	"url": "https://b2b.daisan.vn/gach-op-lat-eurotile-bst-thach-khue-600*600mm-thk-h01-753303.html",
	"title": "Gạch ốp lát Eurotile BST Thạch Khuê 600*600mm THK-H01",
	"description": "Bảo vệ cho sản phẩm này\n                                    \n                                        Giao hàng qua Daisan Logistics\n                                        \n                                        Dự kiến ​​đơn hàng của bạn sẽ được giao trước ngày dự kiến ​​hoặc nhận khoản bồi thường chậm trễ 10%\n                                    \n                                    \n                                        Thanh toán an toàn\n\n                                        \n                                        Mọi khoản thanh toán bạn thực hiện trên Daisan.vn đều được ...\n                                    \n                                    \n                                        Chính sách hoàn tiền\n\n                                        \n                                        Yêu cầu hoàn lại tiền nếu đơn đặt hàng của bạn không được vận chuyển, bị thiếu hoặc giao đến có vấn đề về sản phẩm",
	"price": "443000",
	"sku": "DAISAN_GCH_1045",
	"thumbnail": "https://b2b.daisan.vn/site/upload/pages/26496/1665477560_9afdb01339ef137ea2f3fb1aa64a9024.jpeg",
	"images": [
		"https://b2b.daisan.vn/site/upload/pages/26496/1665477560_9afdb01339ef137ea2f3fb1aa64a9024.jpeg",
		"https://b2b.daisan.vn/site/upload/pages/26496/1665477593_9afdb01339ef137ea2f3fb1aa64a9024.jpeg",
		"https://b2b.daisan.vn/site/upload/pages/26496/1665477596_9afdb01339ef137ea2f3fb1aa64a9024.jpeg",
		"https://b2b.daisan.vn/site/upload/pages/26496/1665477600_9afdb01339ef137ea2f3fb1aa64a9024.jpeg",
		"https://b2b.daisan.vn/site/upload/pages/26496/1665476946_9afdb01339ef137ea2f3fb1aa64a9024.jpeg",
		"https://b2b.daisan.vn/site/upload/pages/26496/1665044688_9afdb01339ef137ea2f3fb1aa64a9024.jpeg",
		"https://b2b.daisan.vn/site/upload/pages/26496/1665476596_9afdb01339ef137ea2f3fb1aa64a9024.jpeg",
		"https://b2b.daisan.vn/site/upload/pages/26496/1665043811_9afdb01339ef137ea2f3fb1aa64a9024.jpeg",
		"https://b2b.daisan.vn/site/upload/pages/26496/1665463984_9afdb01339ef137ea2f3fb1aa64a9024.jpeg",
		"https://b2b.daisan.vn/site/upload/pages/26496/1665043610_9afdb01339ef137ea2f3fb1aa64a9024.jpeg",
		"https://b2b.daisan.vn/site/upload/pages/26496/1665043425_9afdb01339ef137ea2f3fb1aa64a9024.jpeg",
		"https://b2b.daisan.vn/site/upload/pages/26496/1665463697_9afdb01339ef137ea2f3fb1aa64a9024.jpeg",
		"https://b2b.daisan.vn/site/upload/pages/26496/1665199828_9afdb01339ef137ea2f3fb1aa64a9024.jpeg",
		"https://b2b.daisan.vn/site/upload/pages/26496/1665043220_9afdb01339ef137ea2f3fb1aa64a9024.jpeg",
		"https://b2b.daisan.vn/site/upload/pages/26496/1665199505_9afdb01339ef137ea2f3fb1aa64a9024.jpeg",
		"https://b2b.daisan.vn/site/upload/pages/26496/1665042693_9afdb01339ef137ea2f3fb1aa64a9024.jpeg",
		"https://b2b.daisan.vn/site/upload/pages/26496/1665198985_9afdb01339ef137ea2f3fb1aa64a9024.jpeg",
		"https://b2b.daisan.vn/site/upload/pages/26496/1665197437_9afdb01339ef137ea2f3fb1aa64a9024.jpeg",
		"https://b2b.daisan.vn/site/upload/pages/26496/1665118517_9afdb01339ef137ea2f3fb1aa64a9024.jpeg"
	],
	"content": "\n<style>\nfont-family: 'Segoe UI', Arial, sans-serif;\n    background: #fff;\n    color: #222;\n    padding: 20px;\n    max-width: 900px;\n    margin: 0 auto;\n    line-height: 1.6;\n</style>\n<div class=\"unknown-content-root\">\n                        <h3 id=\"more-detail\">M&#xf4; t&#x1ea3; s&#x1ea3;n ph&#x1ea9;m t&#x1eeb; nh&#xe0; cung c&#x1ea5;p</h3>\n                        <div class=\"description-info pb-2\">\n                            <h3>M&#xf4; t&#x1ea3; s&#x1ea3;n ph&#x1ea9;m</h3>\n                            <p style=\"box-sizing: border-box; margin: 0px 0px 15px; font-family: Montserrat, sans-serif; font-size: 14px; letter-spacing: 0.25px; background-color: #ffffff; text-align: center;\"><span style=\"box-sizing: border-box; font-size: 18px;\"><strong style=\"box-sizing: border-box;\">Th&#x1ea1;ch Khu&#xea; v&#xe0; &#xe1;nh s&#xe1;ng kh&#xf4;ng bao gi&#x1edd; t&#x1eaf;t&#xa0;</strong></span></p>\r\n<p style=\"box-sizing: border-box; margin: 0px 0px 15px; font-family: Montserrat, sans-serif; font-size: 14px; letter-spacing: 0.25px; background-color: #ffffff; text-align: justify;\">V&#xec; tinh t&#xfa; c&#x1ee7;a v&#x169; tr&#x1ee5; s&#x1edf; h&#x1eef;u n&#xe9;t &#x111;&#x1eb9;p tr&#xe2;n qu&#xfd; &#x111;&#x1ea7;y &#xe1;nh s&#xe1;ng, Th&#x1ea1;ch Khu&#xea; c&#x169;ng v&#x1ead;y, b&#x1ed9; s&#x1b0;u t&#x1ead;p n&#xe0;y l&#x1ea5;y ch&#x1ea5;t li&#x1ec7;u t&#x1eeb; &#xe1;nh s&#xe1;ng v&#x129;nh c&#x1eed;u c&#x1ee7;a v&#xec; sao Khu&#xea;. &#x110;&#xe2;y ch&#xed;nh l&#xe0; kh&#x1edf;i ngu&#x1ed3;n cho m&#x1ecd;i th&#x1ee9; &#x111;&#x1eb9;p &#x111;&#x1ebd; nh&#x1ea5;t. B&#x1ed9; s&#x1b0;u t&#x1ead;p truy&#x1ec1;n t&#x1ea3;i khao kh&#xe1;t &#x111;&#x1b0;&#x1ee3;c th&#x1eaf;p s&#xe1;ng v&#xe0; m&#x1edf; l&#x1ed1;i cho kh&#xf4;ng gian, b&#x1eb1;ng nh&#x1eef;ng b&#x1b0;&#x1edb;c &#x111;i m&#x1ed9;c m&#x1ea1;c, th&#xf4; k&#x1ec7;ch nh&#x1b0;ng an t&#xe2;m v&#xe0; v&#x1eef;ng ch&#xe3;i.</p>\r\n<p style=\"box-sizing: border-box; margin: 0px 0px 15px; font-family: Montserrat, sans-serif; font-size: 14px; letter-spacing: 0.25px; background-color: #ffffff; text-align: justify;\"><strong style=\"box-sizing: border-box;\">S&#x1ef1; &#x1ea5;n t&#x1b0;&#x1ee3;ng c&#x1ee7;a BST Th&#x1ea1;ch Khu&#xea;</strong></p>\r\n<p style=\"box-sizing: border-box; margin: 0px 0px 15px; font-family: Montserrat, sans-serif; font-size: 14px; letter-spacing: 0.25px; background-color: #ffffff; text-align: justify;\">Tuy mang n&#xe9;t gi&#x1ea3;n d&#x1ecb; v&#xe0; s&#x1a1; m&#x1ed9;c, Th&#x1ea1;ch Khu&#xea; v&#x1eab;n l&#xe0; m&#x1ed9;t BST m&#xe0; ai c&#x169;ng nh&#x1edb; m&#x1eb7;t g&#x1ecd;i t&#xea;n, v&#xec; ch&#xfa;ng nh&#x1eb9; nh&#xe0;ng nh&#x1b0;ng &#x111;i v&#xe0;o l&#xf2;ng ng&#x1b0;&#x1edd;i, gi&#x1ed1;ng h&#x1ec7;t nh&#x1b0; v&#xec; sao s&#xe1;ng. Th&#x1ea1;ch Khu&#xea; c&#x169;ng s&#x1edf; h&#x1eef;u nh&#x1eef;ng &#x1b0;u &#x111;i&#x1ec3;m tuy&#x1ec7;t v&#x1edd;i m&#xe0; Eurotile &#x111;&#xe3; ch&#x1eaf;p b&#xfa;t.</p>\r\n<p style=\"box-sizing: border-box; margin: 0px 0px 15px; font-family: Montserrat, sans-serif; font-size: 14px; letter-spacing: 0.25px; background-color: #ffffff; text-align: justify;\">Th&#x1ea1;ch Khu&#xea; l&#xe0; BST thu&#x1ed9;c d&#xf2;ng Cement, ch&#xed;nh v&#xec; th&#x1ebf; ch&#xfa;ng &#x111;&#x1b0;&#x1ee3;c t&#x1ea1;o n&#xea;n v&#x1edb;i hi&#x1ec7;u &#x1ee9;ng b&#x1ec1; m&#x1eb7;t c&#xf3; v&#xe2;n v&#xe0; &#x111;em &#x111;&#x1ebf;n c&#x1ea3;m gi&#xe1;c th&#xf4; r&#xe1;p &#x2013; th&#x1ee9; truy&#x1ec1;n t&#x1ea3;i r&#xf5; nh&#x1ea5;t n&#xe9;t m&#x1ed9;c m&#x1ea1;c v&#xe0; th&#xf4; s&#x1a1;. B&#x1ec1; m&#x1eb7;t n&#xe0;y t&#x1ea1;o n&#xea;n c&#x1ea3;m gi&#xe1;c v&#x1eef;ng ch&#xe3;i, an t&#xe2;m trong t&#x1eeb;ng chuy&#x1ec3;n &#x111;&#x1ed9;ng c&#x1ee7;a kh&#xf4;ng gian ngh&#x1ec7; thu&#x1ead;t.</p>\r\n<p style=\"box-sizing: border-box; margin: 0px 0px 15px; font-family: Montserrat, sans-serif; font-size: 14px; letter-spacing: 0.25px; background-color: #ffffff; text-align: center;\"><img src=\"https://b2b.daisan.vn/site/upload/media/images/general/1665477642_799bad5a3b514f096e69bbc4a7896cd9.jpeg\" width=\"600\"></p>\r\n<h2 style=\"box-sizing: border-box; margin: 0px 0px 15px; font-family: Montserrat, sans-serif; font-size: 14px; letter-spacing: 0.25px; background-color: #ffffff; text-align: justify;\"><span style=\"font-size: 12pt;\"><strong style=\"margin: 0px; padding: 0px; border: 0px; line-height: 1.5em;\">Th&#xf4;ng s&#x1ed1; k&#x1ef9; thu&#x1ead;t c&#x1ee7;a G&#x1ea1;ch &#x1ed1;p l&#xe1;t Eurotile BST Sa Th&#x1ea1;ch 600*600mm THK-H01</strong></span></h2>\r\n<p style=\"margin: 10px 0px; padding: 0px; border: 0px; line-height: 1.6em; font-size: 14px; font-family: &apos;Open Sans&apos;, sans-serif; vertical-align: baseline; background-color: #ffffff;\"><span style=\"color: #000000; font-family: Montserrat, sans-serif; letter-spacing: 0.25px;\">M&#xe3; s&#x1ea3;n ph&#x1ea9;m: THK-H01</span><br style=\"box-sizing: border-box; color: #595959; font-family: Montserrat, sans-serif; letter-spacing: 0.25px;\"><span style=\"color: #000000; font-family: Montserrat, sans-serif; letter-spacing: 0.25px;\">C&#xf4;ng n&#x103;ng : G&#x1ea1;ch &#x1ed1;p l&#xe1;t</span><br style=\"box-sizing: border-box; color: #595959; font-family: Montserrat, sans-serif; letter-spacing: 0.25px;\"><span style=\"color: #000000; font-family: Montserrat, sans-serif; letter-spacing: 0.25px;\">K&#xed;ch th&#x1b0;&#x1edb;c : 60 * 60 cm</span><br style=\"box-sizing: border-box; color: #595959; font-family: Montserrat, sans-serif; letter-spacing: 0.25px;\"><span style=\"color: #000000; font-family: Montserrat, sans-serif; letter-spacing: 0.25px;\">H&#x1ecd;a ti&#x1ebf;t : V&#xe2;n Xi m&#x103;ng</span><br style=\"box-sizing: border-box; color: #595959; font-family: Montserrat, sans-serif; letter-spacing: 0.25px;\"><span style=\"color: #000000; font-family: Montserrat, sans-serif; letter-spacing: 0.25px;\">B&#x1ec1; m&#x1eb7;t : Nh&#xe1;m</span><br style=\"box-sizing: border-box; color: #595959; font-family: Montserrat, sans-serif; letter-spacing: 0.25px;\"><span style=\"color: #000000; font-family: Montserrat, sans-serif; letter-spacing: 0.25px;\">Lo&#x1ea1;i men : Men matt</span><br style=\"box-sizing: border-box; color: #595959; font-family: Montserrat, sans-serif; letter-spacing: 0.25px;\"><span style=\"color: #000000; font-family: Montserrat, sans-serif; letter-spacing: 0.25px;\">X&#x1b0;&#x1a1;ng g&#x1ea1;ch: : Granite</span><br style=\"box-sizing: border-box; color: #595959; font-family: Montserrat, sans-serif; letter-spacing: 0.25px;\"><span style=\"color: #000000; font-family: Montserrat, sans-serif; letter-spacing: 0.25px;\">Lo&#x1ea1;i&#xa0;g&#x1ea1;ch: Porcerlain</span><br style=\"box-sizing: border-box; color: #595959; font-family: Montserrat, sans-serif; letter-spacing: 0.25px;\"><span style=\"color: #000000; font-family: Montserrat, sans-serif; letter-spacing: 0.25px;\">Quy c&#xe1;ch &#x111;&#xf3;ng g&#xf3;i: 04 vi&#xea;n/ h&#x1ed9;p (1,44m2)</span></p>\r\n<p style=\"margin: 10px 0px; padding: 0px; border: 0px; line-height: 1.6em; font-size: 14px; font-family: &apos;Open Sans&apos;, sans-serif; vertical-align: baseline; background-color: #ffffff; text-align: center;\"><img src=\"https://b2b.daisan.vn/site/upload/media/images/general/1665477680_d7c0ba7042c57144fc951d64b8e8ec0b.jpeg\" width=\"600\"></p>\r\n<p style=\"margin: 10px 0px; padding: 0px; border: 0px; line-height: 1.6em; font-size: 14px; font-family: &apos;Open Sans&apos;, sans-serif; vertical-align: baseline; background-color: #ffffff; text-align: center;\">&#xa0;</p>\r\n<h2 style=\"margin: 10px 0px; padding: 0px; border: 0px; line-height: 1.6em; font-size: 14px; font-family: &apos;Open Sans&apos;, sans-serif; vertical-align: baseline; background-color: #ffffff; text-align: left;\"><span style=\"font-size: 12pt;\"><strong>Ph&#x1ed1;i c&#x1ea3;nh s&#x1ea3;n ph&#x1ea9;m</strong></span></h2>\r\n<p style=\"text-align: center;\">&#xa0;</p>\r\n<p style=\"text-align: center;\"><img src=\"https://b2b.daisan.vn/site/upload/media/images/general/1665476883_7165fe2e55e68207ee9d4aca18606243.jpeg\" width=\"600\"></p>\r\n<p style=\"text-align: center;\"><img src=\"https://b2b.daisan.vn/site/upload/media/images/general/1665477697_0b4d5e00141218fc82262e79312da7cc.jpeg\" width=\"600\"></p>\r\n<p style=\"text-align: center;\"><img src=\"https://b2b.daisan.vn/site/upload/media/images/general/1665477035_3826fc6ec878440e246f39ff8a127cbd.jpeg\" width=\"600\"></p>\n                                                    </div>\n                    </div>",
	"supplier": "DAISAN",
	"url_supplier": "https://b2b.daisan.vn"
}