{
	"url": "https://b2b.daisan.vn/gach-op-lat-eurotile-bst-luu-sa-300*600mm-lus-g01-753256.html",
	"title": "Gạch ốp lát Eurotile BST Lưu Sa 300*600mm LUS-G01",
	"description": "Bảo vệ cho sản phẩm này\n                                    \n                                        Giao hàng qua Daisan Logistics\n                                        \n                                        Dự kiến ​​đơn hàng của bạn sẽ được giao trước ngày dự kiến ​​hoặc nhận khoản bồi thường chậm trễ 10%\n                                    \n                                    \n                                        Thanh toán an toàn\n\n                                        \n                                        Mọi khoản thanh toán bạn thực hiện trên Daisan.vn đều được ...\n                                    \n                                    \n                                        Chính sách hoàn tiền\n\n                                        \n                                        Yêu cầu hoàn lại tiền nếu đơn đặt hàng của bạn không được vận chuyển, bị thiếu hoặc giao đến có vấn đề về sản phẩm",
	"price": "412000",
	"sku": "DAISAN_GCH_2343",
	"thumbnail": "https://b2b.daisan.vn/site/upload/pages/26496/1665112559_9afdb01339ef137ea2f3fb1aa64a9024.jpeg",
	"images": [
		"https://b2b.daisan.vn/site/upload/pages/26496/1665112559_9afdb01339ef137ea2f3fb1aa64a9024.jpeg",
		"https://b2b.daisan.vn/site/upload/pages/26496/1665112886_9afdb01339ef137ea2f3fb1aa64a9024.jpeg",
		"https://b2b.daisan.vn/site/upload/pages/26496/1665112888_9afdb01339ef137ea2f3fb1aa64a9024.jpeg",
		"https://b2b.daisan.vn/site/upload/pages/26496/1665112897_9afdb01339ef137ea2f3fb1aa64a9024.jpeg",
		"https://b2b.daisan.vn/site/upload/pages/26496/1665112901_9afdb01339ef137ea2f3fb1aa64a9024.jpeg",
		"https://b2b.daisan.vn/site/upload/pages/26496/1665112905_9afdb01339ef137ea2f3fb1aa64a9024.jpeg",
		"https://b2b.daisan.vn/site/upload/pages/26496/1665477220_9afdb01339ef137ea2f3fb1aa64a9024.jpeg",
		"https://b2b.daisan.vn/site/upload/pages/26496/1665044688_9afdb01339ef137ea2f3fb1aa64a9024.jpeg",
		"https://b2b.daisan.vn/site/upload/pages/26496/1665476946_9afdb01339ef137ea2f3fb1aa64a9024.jpeg",
		"https://b2b.daisan.vn/site/upload/pages/26496/1665043811_9afdb01339ef137ea2f3fb1aa64a9024.jpeg",
		"https://b2b.daisan.vn/site/upload/pages/26496/1665476596_9afdb01339ef137ea2f3fb1aa64a9024.jpeg",
		"https://b2b.daisan.vn/site/upload/pages/26496/1665043610_9afdb01339ef137ea2f3fb1aa64a9024.jpeg",
		"https://b2b.daisan.vn/site/upload/pages/26496/1665463984_9afdb01339ef137ea2f3fb1aa64a9024.jpeg",
		"https://b2b.daisan.vn/site/upload/pages/26496/1665043425_9afdb01339ef137ea2f3fb1aa64a9024.jpeg",
		"https://b2b.daisan.vn/site/upload/pages/26496/1665043220_9afdb01339ef137ea2f3fb1aa64a9024.jpeg",
		"https://b2b.daisan.vn/site/upload/pages/26496/1665463697_9afdb01339ef137ea2f3fb1aa64a9024.jpeg",
		"https://b2b.daisan.vn/site/upload/pages/26496/1665199828_9afdb01339ef137ea2f3fb1aa64a9024.jpeg",
		"https://b2b.daisan.vn/site/upload/pages/26496/1665042693_9afdb01339ef137ea2f3fb1aa64a9024.jpeg",
		"https://b2b.daisan.vn/site/upload/pages/26496/1665199505_9afdb01339ef137ea2f3fb1aa64a9024.jpeg",
		"https://b2b.daisan.vn/site/upload/pages/26496/1665198985_9afdb01339ef137ea2f3fb1aa64a9024.jpeg",
		"https://b2b.daisan.vn/site/upload/pages/26496/1665197437_9afdb01339ef137ea2f3fb1aa64a9024.jpeg"
	],
	"content": "\n<style>\nfont-family: 'Segoe UI', Arial, sans-serif;\n    background: #fff;\n    color: #222;\n    padding: 20px;\n    max-width: 900px;\n    margin: 0 auto;\n    line-height: 1.6;\n</style>\n<div class=\"unknown-content-root\">\n                        <h3 id=\"more-detail\">M&#xf4; t&#x1ea3; s&#x1ea3;n ph&#x1ea9;m t&#x1eeb; nh&#xe0; cung c&#x1ea5;p</h3>\n                        <div class=\"description-info pb-2\">\n                            <h3>M&#xf4; t&#x1ea3; s&#x1ea3;n ph&#x1ea9;m</h3>\n                            <p style=\"box-sizing: border-box; margin: 0px 0px 15px; font-family: Montserrat, sans-serif; font-size: 14px; letter-spacing: 0.25px; background-color: #ffffff; text-align: center;\">&#xa0;&#xa0;<strong style=\"box-sizing: border-box;\">STONE - &#x110;&#x1af;&#x1edc;NG V&#xc2;N &#x110;&#xc1; M&#x1ea0;NH M&#x1ebc;, C&#xc1; T&#xcd;NH TRONG KH&#xd4;NG GIAN S&#x1ed0;NG</strong></p>\r\n<p style=\"box-sizing: border-box; margin: 0px 0px 15px; font-family: Montserrat, sans-serif; font-size: 14px; letter-spacing: 0.25px; background-color: #ffffff;\">Nh&#x1eef;ng &#x111;&#x1b0;&#x1edd;ng n&#xe9;t ch&#xe2;n th&#x1ead;t, v&#x1eef;ng ch&#x1eaf;c trong t&#x1eeb;ng v&#xe2;n &#x111;&#xe1; t&#x1ea1;o n&#xea;n c&#xe1; t&#xed;nh m&#x1ea1;nh m&#x1ebd;, ph&#xf3;ng kho&#xe1;ng cho kh&#xf4;ng gian s&#x1ed1;ng, mang &#x111;&#x1ebf;n v&#x1ebb; &#x111;&#x1eb9;p th&#xf4; s&#x1a1; nh&#x1b0;ng l&#x1ea1;i r&#x1ea5;t tr&#x1eef; t&#xec;nh. &#x110;&#x1b0;&#x1ee3;c thi&#x1ebf;t k&#x1ebf; v&#x1edb;i hi&#x1ec7;u &#x1ee9;ng &#x111;a d&#x1ea1;ng nh&#x1b0; hi&#x1ec7;u &#x1ee9;ng r&#x1eaf;c h&#x1ea1;t Granilla trong Hoa &#x110;&#xe1;, hi&#x1ec7;u &#x1ee9;ng h&#x1ea1;t &#xf3;ng &#xe1;nh Luster trong &#x110;&#x103;ng S&#x1a1;n, L&#x1b0;u Sa, Stone ph&#xf9; h&#x1ee3;p &#x1ee9;ng d&#x1ee5;ng trong nhi&#x1ec1;u kh&#xf4;ng gian kh&#xe1;c nhau, &#x111;em &#x111;&#x1ebf;n c&#xe1;c hi&#x1ec7;u &#x1ee9;ng th&#x1ecb; gi&#xe1;c &#x1ea5;n t&#x1b0;&#x1ee3;ng v&#xe0; th&#x1ec3; hi&#x1ec7;n c&#xe1; t&#xed;nh, phong c&#xe1;ch ri&#xea;ng bi&#x1ec7;t c&#x1ee7;a ch&#x1ee7; nh&#xe2;n ng&#xf4;i nh&#xe0;.&#xa0;</p>\r\n<p style=\"box-sizing: border-box; margin: 0px 0px 15px; font-family: Montserrat, sans-serif; font-size: 14px; letter-spacing: 0.25px; background-color: #ffffff; text-align: center;\"><img src=\"https://b2b.daisan.vn/site/upload/media/images/general/1665112940_8bafbc87e816593b94da541b4e63dbba.jpeg\" width=\"600\"></p>\r\n<p style=\"box-sizing: border-box; margin: 0px 0px 15px; font-family: Montserrat, sans-serif; font-size: 14px; letter-spacing: 0.25px; background-color: #ffffff; text-align: center;\">&#xa0;</p>\r\n<h2 style=\"box-sizing: border-box; margin: 0px 0px 15px; font-family: Montserrat, sans-serif; font-size: 14px; letter-spacing: 0.25px; background-color: #ffffff; text-align: justify;\"><span style=\"font-size: 12pt;\"><strong style=\"margin: 0px; padding: 0px; border: 0px; line-height: 1.5em;\">Th&#xf4;ng s&#x1ed1; k&#x1ef9; thu&#x1ead;t c&#x1ee7;a G&#x1ea1;ch &#x1ed1;p l&#xe1;t Eurotile BST L&#x1b0;u Sa 300*600mm LUS-G01</strong></span></h2>\r\n<p style=\"margin: 10px 0px; padding: 0px; border: 0px; line-height: 1.6em; font-size: 14px; font-family: &apos;Open Sans&apos;, sans-serif; vertical-align: baseline; background-color: #ffffff;\"><span style=\"color: #000000; font-family: Montserrat, sans-serif; letter-spacing: 0.25px;\">M&#xe3; s&#x1ea3;n ph&#x1ea9;m: LUS-G01</span><br style=\"box-sizing: border-box; color: #595959; font-family: Montserrat, sans-serif; letter-spacing: 0.25px;\"><span style=\"color: #000000; font-family: Montserrat, sans-serif; letter-spacing: 0.25px;\">K&#xed;ch th&#x1b0;&#x1edb;c: 30 x 60 cm</span><br style=\"box-sizing: border-box; color: #595959; font-family: Montserrat, sans-serif; letter-spacing: 0.25px;\"><span style=\"color: #000000; font-family: Montserrat, sans-serif; letter-spacing: 0.25px;\">Lo&#x1ea1;i g&#x1ea1;ch: Porcelain</span><br style=\"box-sizing: border-box; color: #595959; font-family: Montserrat, sans-serif; letter-spacing: 0.25px;\"><span style=\"color: #000000; font-family: Montserrat, sans-serif; letter-spacing: 0.25px;\">B&#x1ec1; m&#x1eb7;t: Matt, in k&#x1ef9; thu&#x1ead;t s&#x1ed1;, random</span><br style=\"box-sizing: border-box; color: #595959; font-family: Montserrat, sans-serif; letter-spacing: 0.25px;\"><span style=\"color: #000000; font-family: Montserrat, sans-serif; letter-spacing: 0.25px;\">Quy c&#xe1;ch &#x111;&#xf3;ng g&#xf3;i : 08 vi&#xea;n/ h&#x1ed9;p ; 1.44m2/ h&#x1ed9;p</span></p>\r\n<p style=\"margin: 10px 0px; padding: 0px; border: 0px; line-height: 1.6em; font-size: 14px; font-family: &apos;Open Sans&apos;, sans-serif; vertical-align: baseline; background-color: #ffffff; text-align: center;\"><img src=\"https://b2b.daisan.vn/site/upload/media/images/general/1665112981_25eaa6233724b583ce4508717fdc4ff0.jpeg\" alt=\"G&#x1ea1;ch &#x1ed1;p l&#xe1;t Eurotile BST L&#x1b0;u Sa 300*600mm LUS-G01\" width=\"600\"></p>\r\n<p style=\"margin: 10px 0px; padding: 0px; border: 0px; line-height: 1.6em; font-size: 14px; font-family: &apos;Open Sans&apos;, sans-serif; vertical-align: baseline; background-color: #ffffff; text-align: center;\">&#xa0;</p>\r\n<h2 style=\"margin: 10px 0px; padding: 0px; border: 0px; line-height: 1.6em; font-size: 14px; font-family: &apos;Open Sans&apos;, sans-serif; vertical-align: baseline; background-color: #ffffff; text-align: left;\"><span style=\"font-size: 12pt;\"><strong>Ph&#x1ed1;i c&#x1ea3;nh s&#x1ea3;n ph&#x1ea9;m</strong></span></h2>\r\n<p style=\"text-align: center;\"><span style=\"font-size: 12pt;\"><strong><img src=\"https://b2b.daisan.vn/site/upload/media/images/general/1665113018_43a6d48978084b3812e9a38999f5534c.jpeg\" alt=\"G&#x1ea1;ch &#x1ed1;p l&#xe1;t Eurotile BST L&#x1b0;u Sa 300*600mm LUS-G01\" width=\"600\"></strong></span></p>\r\n<p style=\"text-align: center;\"><span style=\"font-size: 12pt;\"><strong><img src=\"https://b2b.daisan.vn/site/upload/media/images/general/1665113047_8bafbc87e816593b94da541b4e63dbba.jpeg\" alt=\"G&#x1ea1;ch &#x1ed1;p l&#xe1;t Eurotile BST L&#x1b0;u Sa 300*600mm LUS-G01\" width=\"600\"></strong></span></p>\r\n<p style=\"text-align: center;\"><span style=\"font-size: 12pt;\"><strong><img src=\"https://b2b.daisan.vn/site/upload/media/images/general/1665113061_f6ce599e497db286d5a3524e7dfad474.jpeg\" alt=\"G&#x1ea1;ch &#x1ed1;p l&#xe1;t Eurotile BST L&#x1b0;u Sa 300*600mm LUS-G01\" width=\"600\"></strong></span></p>\r\n<p style=\"text-align: center;\"><img src=\"https://b2b.daisan.vn/site/upload/media/images/general/1665113111_2be6e19d0c24723c54f47049cd9ac410.jpeg\" alt=\"G&#x1ea1;ch &#x1ed1;p l&#xe1;t Eurotile BST L&#x1b0;u Sa 300*600mm LUS-G01\" width=\"600\"></p>\r\n<p style=\"text-align: center;\"><img src=\"https://b2b.daisan.vn/site/upload/media/images/general/1665113125_5ebb70f28013b46b0d88394929d9eca4.jpeg\" alt=\"G&#x1ea1;ch &#x1ed1;p l&#xe1;t Eurotile BST L&#x1b0;u Sa 300*600mm LUS-G01\" width=\"600\"></p>\n                                                    </div>\n                    </div>",
	"supplier": "DAISAN",
	"url_supplier": "https://b2b.daisan.vn"
}