{
	"url": "https://b2b.daisan.vn/gach-op-tuong-30x60-catalan-3104-432718.html",
	"title": "Gạch ốp tường 30x60 Catalan 3104",
	"description": "Bảo vệ cho sản phẩm này\n                                    \n                                        Giao hàng qua Daisan Logistics\n                                        \n                                        Dự kiến ​​đơn hàng của bạn sẽ được giao trước ngày dự kiến ​​hoặc nhận khoản bồi thường chậm trễ 10%\n                                    \n                                    \n                                        Thanh toán an toàn\n\n                                        \n                                        Mọi khoản thanh toán bạn thực hiện trên Daisan.vn đều được ...\n                                    \n                                    \n                                        Chính sách hoàn tiền\n\n                                        \n                                        Yêu cầu hoàn lại tiền nếu đơn đặt hàng của bạn không được vận chuyển, bị thiếu hoặc giao đến có vấn đề về sản phẩm",
	"price": "215000",
	"sku": "DAISAN_GCH_1465",
	"thumbnail": "https://b2b.daisan.vn/site/upload/pages/45/1574741329_9afdb01339ef137ea2f3fb1aa64a9024.jpeg",
	"images": [
		"https://b2b.daisan.vn/site/upload/pages/45/1574741329_9afdb01339ef137ea2f3fb1aa64a9024.jpeg",
		"https://b2b.daisan.vn/site/upload/pages/45/1574741290_9afdb01339ef137ea2f3fb1aa64a9024.jpeg",
		"https://b2b.daisan.vn/site/upload/pages/45/1574665574_9afdb01339ef137ea2f3fb1aa64a9024.jpeg",
		"https://b2b.daisan.vn/site/upload/pages/45/1574663435_9afdb01339ef137ea2f3fb1aa64a9024.jpeg",
		"https://b2b.daisan.vn/site/upload/pages/45/1574741249_9afdb01339ef137ea2f3fb1aa64a9024.jpeg",
		"https://b2b.daisan.vn/site/upload/pages/45/1574665530_9afdb01339ef137ea2f3fb1aa64a9024.jpeg",
		"https://b2b.daisan.vn/site/upload/pages/45/1574663350_9afdb01339ef137ea2f3fb1aa64a9024.jpeg",
		"https://b2b.daisan.vn/site/upload/pages/45/1574741194_9afdb01339ef137ea2f3fb1aa64a9024.jpeg",
		"https://b2b.daisan.vn/site/upload/pages/45/1574665482_9afdb01339ef137ea2f3fb1aa64a9024.jpeg",
		"https://b2b.daisan.vn/site/upload/pages/45/1574663285_9afdb01339ef137ea2f3fb1aa64a9024.jpeg",
		"https://b2b.daisan.vn/site/upload/pages/45/1574741020_9afdb01339ef137ea2f3fb1aa64a9024.jpeg",
		"https://b2b.daisan.vn/site/upload/pages/45/1574665450_9afdb01339ef137ea2f3fb1aa64a9024.jpeg",
		"https://b2b.daisan.vn/site/upload/pages/45/1574663194_9afdb01339ef137ea2f3fb1aa64a9024.jpeg",
		"https://b2b.daisan.vn/site/upload/pages/45/1574663015_9afdb01339ef137ea2f3fb1aa64a9024.jpeg",
		"https://b2b.daisan.vn/site/upload/pages/45/1574740879_9afdb01339ef137ea2f3fb1aa64a9024.jpeg",
		"https://b2b.daisan.vn/site/upload/pages/45/1574665387_9afdb01339ef137ea2f3fb1aa64a9024.jpeg"
	],
	"content": "\n<style>\nfont-family: 'Segoe UI', Arial, sans-serif;\n    background: #fff;\n    color: #222;\n    padding: 20px;\n    max-width: 900px;\n    margin: 0 auto;\n    line-height: 1.6;\n</style>\n<div class=\"unknown-content-root\">\n                        <h3 id=\"more-detail\">M&#xf4; t&#x1ea3; s&#x1ea3;n ph&#x1ea9;m t&#x1eeb; nh&#xe0; cung c&#x1ea5;p</h3>\n                        <div class=\"description-info pb-2\">\n                            <h3>M&#xf4; t&#x1ea3; s&#x1ea3;n ph&#x1ea9;m</h3>\n                            <p style=\"text-align: justify;\"><strong>G&#x1ea1;ch &#x1ed1;p t&#x1b0;&#x1edd;ng 30x60 Catalan 3104</strong></p>\r\n<p style=\"text-align: justify;\">M&#xf4; t&#x1ea3; k&#x1ef9; thu&#x1ead;t: Men matt, m&#xe0;i c&#x1ea1;nh<br>K&#xed;ch th&#x1b0;&#x1edb;c: 300x600 mm<br>Nh&#xe3;n hi&#x1ec7;u: Catalan Titan<br>Ch&#x1ea5;t li&#x1ec7;u: Porcelain<br>C&#xf4;ng n&#x103;ng: S&#x1eed; d&#x1ee5;ng &#x1ed1;p t&#x1b0;&#x1edd;ng v&#xe0; l&#xe1;t n&#x1ec1;n cho ph&#xf2;ng kh&#xe1;ch, ph&#xf2;ng ng&#x1ee7;, b&#x1ebf;p t&#x1ea1;i nh&#xe0; ri&#xea;ng ho&#x1eb7;c khu chung c&#x1b0;, s&#x1ea3;nh, gian h&#xe0;ng khu th&#x1b0;&#x1a1;ng m&#x1ea1;i ...<br>&#x110;&#x1ec3; m&#x1ea1;ch &#x111;&#x1b0;&#x1ee3;c &#x111;&#x1ec1;u 100% n&#xea;n s&#x1eed; d&#x1ee5;ng<strong> ke nh&#x1ef1;a</strong> v&#xe0; <strong>keo d&#xe1;n g&#x1ea1;ch</strong>, <strong>keo tr&#xe9;t m&#x1ea1;ch </strong>&#x111;&#x1ec3; ch&#x1ea5;t l&#x1b0;&#x1ee3;ng &#x111;&#x1b0;&#x1ee3;c ho&#xe0;n h&#x1ea3;o nh&#x1ea5;t</p>\r\n<p style=\"text-align: center;\"><img src=\"https://b2b.daisan.vn/site/upload/pages/45/1574741329_9afdb01339ef137ea2f3fb1aa64a9024.jpeg\" alt=\"0\" width=\"600\"><br><br></p>\r\n<p style=\"text-align: left;\">Chi ti&#x1ebf;t v&#x1ec1; lo&#x1ea1;i g&#x1ea1;ch Porcelain:<br>Th&#xe0;nh ph&#x1ea7;n c&#x1ea5;u t&#x1ea1;o: 70% b&#x1ed9;t &#x111;&#xe1;, 30% &#x111;&#x1ea5;t s&#xe9;t tinh ch&#x1ebf; v&#xe0; ph&#x1ee5; gia<br>&#x110;&#x1ed9; h&#xfa;t &#x1ea9;m: &lt;0.5%<br>Nhi&#x1ec7;t &#x111;&#x1ed9; nung: 1200 &#x2013; 1220 &#x111;&#x1ed9; C<br>T&#xed;nh ch&#x1ea5;t: S&#x1ee9;c ch&#x1ecb;u l&#x1ef1;c, ch&#x1ed1;ng tr&#x1ea7;y x&#x1b0;&#x1edb;c t&#x1ed1;t<br>Nh&#x1ead;n bi&#x1ebf;t: <br>* B&#x1ec1; m&#x1eb7;t g&#x1ea1;ch ph&#x1ee7; m&#x1ed9;t l&#x1edb;p men s&#x1ee9;. L&#x1edb;p men c&#xf3; th&#x1ec3; b&#xf3;ng, x&#xf9; hay nh&#xe1;m t&#xf9;y thu&#x1ed9;c v&#xe0;o m&#x1ee5;c c&#xf4;ng n&#x103;ng v&#xe0; m&#x1ee5;c &#x111;&#xed;ch s&#x1eed; d&#x1ee5;ng.<br>* X&#x1b0;&#x1a1;ng g&#x1ea1;ch (th&#xe2;n g&#x1ea1;ch) d&#xe0;y, men m&#x1ecf;ng, quan s&#xe1;t ngang th&#x1ea5;y th&#xe2;n g&#x1ea1;ch th&#x1b0;&#x1edd;ng m&#xe0;u tr&#x1eaf;ng.</p>\n                                                    </div>\n                    </div>",
	"supplier": "DAISAN",
	"url_supplier": "https://b2b.daisan.vn"
}