{
	"url": "https://b2b.daisan.vn/gach-op-tuong-tasa-400x800mm-4813-192574.html",
	"title": "Gạch ốp tường Tasa 400x800mm 4813",
	"description": "Bảo vệ cho sản phẩm này\n                                    \n                                        Giao hàng qua Daisan Logistics\n                                        \n                                        Dự kiến ​​đơn hàng của bạn sẽ được giao trước ngày dự kiến ​​hoặc nhận khoản bồi thường chậm trễ 10%\n                                    \n                                    \n                                        Thanh toán an toàn\n\n                                        \n                                        Mọi khoản thanh toán bạn thực hiện trên Daisan.vn đều được ...\n                                    \n                                    \n                                        Chính sách hoàn tiền\n\n                                        \n                                        Yêu cầu hoàn lại tiền nếu đơn đặt hàng của bạn không được vận chuyển, bị thiếu hoặc giao đến có vấn đề về sản phẩm",
	"price": "230000",
	"sku": "DAISAN_GCH_1133",
	"thumbnail": "https://b2b.daisan.vn/site/upload/pages/16246/1538991184_9afdb01339ef137ea2f3fb1aa64a9024.jpeg",
	"images": [
		"https://b2b.daisan.vn/site/upload/pages/16246/1538991184_9afdb01339ef137ea2f3fb1aa64a9024.jpeg",
		"https://b2b.daisan.vn/site/upload/pages/16246/1539051465_9afdb01339ef137ea2f3fb1aa64a9024.jpeg",
		"https://b2b.daisan.vn/site/upload/pages/16246/1538993427_9afdb01339ef137ea2f3fb1aa64a9024.jpeg",
		"https://b2b.daisan.vn/site/upload/pages/16246/1538991118_9afdb01339ef137ea2f3fb1aa64a9024.jpeg",
		"https://b2b.daisan.vn/site/upload/pages/16246/1539051440_9afdb01339ef137ea2f3fb1aa64a9024.jpeg",
		"https://b2b.daisan.vn/site/upload/pages/16246/1538993338_9afdb01339ef137ea2f3fb1aa64a9024.jpeg",
		"https://b2b.daisan.vn/site/upload/pages/16246/1538991092_9afdb01339ef137ea2f3fb1aa64a9024.jpeg",
		"https://b2b.daisan.vn/site/upload/pages/16246/1539051413_9afdb01339ef137ea2f3fb1aa64a9024.jpeg",
		"https://b2b.daisan.vn/site/upload/pages/16246/1538993312_9afdb01339ef137ea2f3fb1aa64a9024.jpeg",
		"https://b2b.daisan.vn/site/upload/pages/16246/1538990995_9afdb01339ef137ea2f3fb1aa64a9024.jpeg",
		"https://b2b.daisan.vn/site/upload/pages/16246/1539051131_9afdb01339ef137ea2f3fb1aa64a9024.jpeg",
		"https://b2b.daisan.vn/site/upload/pages/16246/1538993284_9afdb01339ef137ea2f3fb1aa64a9024.jpeg",
		"https://b2b.daisan.vn/site/upload/pages/16246/1538990867_9afdb01339ef137ea2f3fb1aa64a9024.jpeg",
		"https://b2b.daisan.vn/site/upload/pages/16246/1538990729_9afdb01339ef137ea2f3fb1aa64a9024.jpeg",
		"https://b2b.daisan.vn/site/upload/pages/16246/1539051003_9afdb01339ef137ea2f3fb1aa64a9024.jpeg",
		"https://b2b.daisan.vn/site/upload/pages/16246/1538993254_9afdb01339ef137ea2f3fb1aa64a9024.jpeg"
	],
	"content": "\n<style>\nfont-family: 'Segoe UI', Arial, sans-serif;\n    background: #fff;\n    color: #222;\n    padding: 20px;\n    max-width: 900px;\n    margin: 0 auto;\n    line-height: 1.6;\n</style>\n<div class=\"unknown-content-root\">\n                        <h3 id=\"more-detail\">M&#xf4; t&#x1ea3; s&#x1ea3;n ph&#x1ea9;m t&#x1eeb; nh&#xe0; cung c&#x1ea5;p</h3>\n                        <div class=\"description-info pb-2\">\n                            <h3>M&#xf4; t&#x1ea3; s&#x1ea3;n ph&#x1ea9;m</h3>\n                            <p>Th&#xf4;ng s&#x1ed1; s&#x1ea3;n ph&#x1ea9;m</p>\r\n<ul>\r\n<li>K&#xed;ch th&#x1b0;&#x1edb;c: 400x800mm&#xa0;</li>\r\n<li>M&#xe3; s&#x1ea3;n ph&#x1ea9;m : 4813</li>\r\n<li>Ch&#x1ea5;t li&#x1ec7;u: MEN</li>\r\n<li>B&#x1ec1; m&#x1eb7;t : PH&#x1eb2;NG</li>\r\n<li>Gi&#xe1; t&#xed;nh theo m&#xe9;t&#xa0;</li>\r\n<li>Xu&#x1ea5;t x&#x1ee9;: Vi&#x1ec7;t Nam</li>\r\n<li>H&#xe0;ng &#x111;&#xf3;ng g&#xf3;i theo th&#xf9;ng tr&#xea;n th&#xf9;ng ghi r&#xf5; h&#xe0;ng lo&#x1ea1;i 1 ho&#x1eb7;c lo&#x1ea1;i 2 T&#xf9;y theo nhu c&#x1ea7;u c&#x1ee7;a kh&#xe1;ch h&#xe0;ng ch&#xfa;ng t&#xf4;i s&#x1ebd; giao h&#xe0;ng &#x111;&#xfa;ng ti&#xea;u chu&#x1ea9;n theo cam k&#x1ebf;t.&#xa0;</li>\r\n<li>Th&#x1edd;i gian giao h&#xe0;ng: Trong v&#xf2;ng 1-2 ng&#xe0;y sau khi nh&#x1ead;n &#x111;&#x1b0;&#x1ee3;c &#x111;&#x1a1;n h&#xe0;ng</li>\r\n</ul>\r\n<p style=\"text-align: center;\"><img src=\"https://b2b.daisan.vn/site/upload/pages/16246/1538991184_9afdb01339ef137ea2f3fb1aa64a9024.jpeg\" alt=\"0\" width=\"500\"></p>\n                                                    </div>\n                    </div>",
	"supplier": "DAISAN",
	"url_supplier": "https://b2b.daisan.vn"
}