{
	"url": "https://b2b.daisan.vn/gach-op-lat-eurotile-bst-phu-sa-300*600mm-phs-g01-753245.html",
	"title": "Gạch ốp lát Eurotile BST Phù Sa 300*600mm PHS-G01",
	"description": "Bảo vệ cho sản phẩm này\n                                    \n                                        Giao hàng qua Daisan Logistics\n                                        \n                                        Dự kiến ​​đơn hàng của bạn sẽ được giao trước ngày dự kiến ​​hoặc nhận khoản bồi thường chậm trễ 10%\n                                    \n                                    \n                                        Thanh toán an toàn\n\n                                        \n                                        Mọi khoản thanh toán bạn thực hiện trên Daisan.vn đều được ...\n                                    \n                                    \n                                        Chính sách hoàn tiền\n\n                                        \n                                        Yêu cầu hoàn lại tiền nếu đơn đặt hàng của bạn không được vận chuyển, bị thiếu hoặc giao đến có vấn đề về sản phẩm",
	"price": "412000",
	"sku": "DAISAN_GCH_1123",
	"thumbnail": "https://b2b.daisan.vn/site/upload/pages/26496/1665047943_9afdb01339ef137ea2f3fb1aa64a9024.jpeg",
	"images": [
		"https://b2b.daisan.vn/site/upload/pages/26496/1665047943_9afdb01339ef137ea2f3fb1aa64a9024.jpeg",
		"https://b2b.daisan.vn/site/upload/pages/26496/1665048044_9afdb01339ef137ea2f3fb1aa64a9024.jpeg",
		"https://b2b.daisan.vn/site/upload/pages/26496/1665048047_9afdb01339ef137ea2f3fb1aa64a9024.jpeg",
		"https://b2b.daisan.vn/site/upload/pages/26496/1665048051_9afdb01339ef137ea2f3fb1aa64a9024.jpeg",
		"https://b2b.daisan.vn/site/upload/pages/26496/1665048054_9afdb01339ef137ea2f3fb1aa64a9024.jpeg",
		"https://b2b.daisan.vn/site/upload/pages/26496/1665477220_9afdb01339ef137ea2f3fb1aa64a9024.jpeg",
		"https://b2b.daisan.vn/site/upload/pages/26496/1665044688_9afdb01339ef137ea2f3fb1aa64a9024.jpeg",
		"https://b2b.daisan.vn/site/upload/pages/26496/1665476946_9afdb01339ef137ea2f3fb1aa64a9024.jpeg",
		"https://b2b.daisan.vn/site/upload/pages/26496/1665043811_9afdb01339ef137ea2f3fb1aa64a9024.jpeg",
		"https://b2b.daisan.vn/site/upload/pages/26496/1665476596_9afdb01339ef137ea2f3fb1aa64a9024.jpeg",
		"https://b2b.daisan.vn/site/upload/pages/26496/1665043610_9afdb01339ef137ea2f3fb1aa64a9024.jpeg",
		"https://b2b.daisan.vn/site/upload/pages/26496/1665463984_9afdb01339ef137ea2f3fb1aa64a9024.jpeg",
		"https://b2b.daisan.vn/site/upload/pages/26496/1665043425_9afdb01339ef137ea2f3fb1aa64a9024.jpeg",
		"https://b2b.daisan.vn/site/upload/pages/26496/1665043220_9afdb01339ef137ea2f3fb1aa64a9024.jpeg",
		"https://b2b.daisan.vn/site/upload/pages/26496/1665463697_9afdb01339ef137ea2f3fb1aa64a9024.jpeg",
		"https://b2b.daisan.vn/site/upload/pages/26496/1665199828_9afdb01339ef137ea2f3fb1aa64a9024.jpeg",
		"https://b2b.daisan.vn/site/upload/pages/26496/1665042693_9afdb01339ef137ea2f3fb1aa64a9024.jpeg",
		"https://b2b.daisan.vn/site/upload/pages/26496/1665199505_9afdb01339ef137ea2f3fb1aa64a9024.jpeg",
		"https://b2b.daisan.vn/site/upload/pages/26496/1665198985_9afdb01339ef137ea2f3fb1aa64a9024.jpeg",
		"https://b2b.daisan.vn/site/upload/pages/26496/1665197437_9afdb01339ef137ea2f3fb1aa64a9024.jpeg"
	],
	"content": "\n<style>\nfont-family: 'Segoe UI', Arial, sans-serif;\n    background: #fff;\n    color: #222;\n    padding: 20px;\n    max-width: 900px;\n    margin: 0 auto;\n    line-height: 1.6;\n</style>\n<div class=\"unknown-content-root\">\n                        <h3 id=\"more-detail\">M&#xf4; t&#x1ea3; s&#x1ea3;n ph&#x1ea9;m t&#x1eeb; nh&#xe0; cung c&#x1ea5;p</h3>\n                        <div class=\"description-info pb-2\">\n                            <h3>M&#xf4; t&#x1ea3; s&#x1ea3;n ph&#x1ea9;m</h3>\n                            <p style=\"box-sizing: border-box; margin: 0px 0px 15px; font-family: Montserrat, sans-serif; font-size: 14px; letter-spacing: 0.25px; background-color: #ffffff;\">&#xa0; &#xa0;Nh&#x1eef;ng vi&#xea;n g&#x1ea1;ch Stone Look c&#x1ee7;a Eurotile d&#xf9; tra&#x309;i qua nh&#x1b0;&#x303;ng &#x111;&#xf4;&#x309;i thay cu&#x309;a th&#x1a1;&#x300;i gian v&#xe2;&#x303;n gi&#x1b0;&#x303; &#x111;&#x1b0;&#x1a1;&#x323;c gia&#x301; tri&#x323; nguy&#xea;n ba&#x309;n b&#xe2;&#x301;t bi&#xea;&#x301;n cu&#x309;a mi&#x300;nh: M&#x1ea1;nh m&#x1ebd; v&#xe0; ph&#xf3;ng kho&#xe1;ng. Mang nh&#x1eef;ng n&#xe9;t ch&#x1ea5;m ph&#xe1; t&#x1ea1;o &#x111;i&#x1ec3;m nh&#x1ea5;n, Stone Look bi&#x1ebf;n &#x111;&#x1ed5;i kh&#xf4;ng gian n&#x1ed9;i th&#x1ea5;t &#x111;&#x1a1;n &#x111;i&#x1ec7;u, l&#x1ea1;nh l&#x1ebd;o tr&#x1edf; n&#xea;n phong ph&#xfa;, s&#xe1;ng t&#x1ea1;o v&#xe0; c&#xf3; &#x111;&#xf4;i ch&#xfa;t ph&#xe1; c&#xe1;ch, th&#x1ecf;a m&#xe3;n nh&#x1eef;ng v&#x1ecb; kh&#xe1;ch mu&#x1ed1;n t&#xec;m ki&#x1ebf;m s&#x1ef1; kh&#xe1;c bi&#x1ec7;t &#x111;&#x1ec3; th&#x1ec3; hi&#x1ec7;n c&#xe1; t&#xed;nh c&#x1ee7;a ri&#xea;ng m&#xec;nh</p>\r\n<p style=\"box-sizing: border-box; margin: 0px 0px 15px; font-family: Montserrat, sans-serif; font-size: 14px; letter-spacing: 0.25px; background-color: #ffffff;\">&#xa0; &#xa0;M&#x1ed7;i m&#x1ed9;t vi&#xea;n g&#x1ea1;ch, m&#x1ed7;i m&#x1ed9;t b&#x1ed9; s&#x1b0;u t&#x1ead;p trong nh&#xf3;m s&#x1ea3;n ph&#x1ea9;m Stone Look l&#x1ea5;y c&#x1ea3;m h&#x1ee9;ng t&#x1eeb; t&#x1ef1; nhi&#xea;n v&#x1edb;i tr&#x1ea7;m t&#xed;ch l&#x1eaf;ng &#x111;&#x1ecd;ng &#x111;&#x1ea7;y ho&#xe0;i ni&#x1ec7;m, v&#x1edb;i dung nham n&#xfa;i l&#x1eed;a v&#xf4; c&#xf9;ng n&#xf3;ng b&#x1ecf;ng, ph&#xf3;ng kho&#xe1;ng, v&#x1edb;i &#x111;&#x1ea1;i d&#x1b0;&#x1a1;ng v&#xe0; bi&#x1ec3;n kh&#x1a1;i &#x111;&#x1ea7;y m&#x1ea1;nh m&#x1ebd; v&#xe0; quy&#x1ebf;n r&#x169;,... N&#xe9;t m&#x1ed9;c m&#x1ea1;c ho&#xe0; v&#xe0;o v&#x1edb;i n&#xe9;t hoang d&#x1ea1;i ph&#xe1; c&#xe1;ch c&#x1ee7;a &#x111;&#xe1;, c&#x1ee7;a r&#xea;u phong, c&#x1ee7;a nh&#x1eef;ng l&#x1edb;p th&#x1edd;i gian tr&#xea;n b&#x1ec1; m&#x1eb7;t g&#x1ea1;ch ph&#xf9; h&#x1ee3;p &#x111;&#x1ec3; &#x1ee9;ng d&#x1ee5;ng l&#xe0;m &#x111;i&#x1ec3;m nh&#x1ea5;n cho c&#xe1;c b&#x1ee9;c t&#x1b0;&#x1edd;ng, s&#x1ea3;nh c&#xe1;c t&#xf2;a nh&#xe0; v&#xe0; trung t&#xe2;m th&#x1b0;&#x1a1;ng m&#x1ea1;i,...</p>\r\n<p style=\"box-sizing: border-box; margin: 0px 0px 15px; font-family: Montserrat, sans-serif; font-size: 14px; letter-spacing: 0.25px; background-color: #ffffff;\">&#xa0; &#xa0;C&#xf3; th&#x1ec3; n&#xf3;i, v&#x1edb;i thi&#x1ebf;t k&#x1ebf; m&#x1edb;i &#x111;&#x1ea7;y t&#xe1;o b&#x1ea1;o, nh&#xf3;m s&#x1ea3;n ph&#x1ea9;m Stone Look &#x111;&#xe3; kh&#x1eaf;c h&#x1ecd;a &#x111;an xen s&#x1ef1; m&#x1ea1;nh m&#x1ebd; v&#xe0; ph&#xf3;ng kho&#xe1;ng trong m&#x1ed7;i vi&#xea;n g&#x1ea1;ch nh&#x1b0;ng v&#x1eab;n gi&#x1eef; &#x111;&#x1b0;&#x1ee3;c n&#xe9;t tinh t&#x1ebf;.</p>\r\n<p style=\"box-sizing: border-box; margin: 0px 0px 15px; font-family: Montserrat, sans-serif; font-size: 14px; letter-spacing: 0.25px; background-color: #ffffff;\">&#xa0; &#xa0;B&#x1ed9; s&#x1b0;u t&#x1ead;p Ph&#xf9; Sa l&#x1ea5;y c&#x1ea3;m h&#x1ee9;ng t&#x1eeb; nh&#x1eef;ng d&#xf2;ng s&#xf4;ng ch&#x1eaf;t l&#x1eaf;ng ph&#xf9; sa b&#x1ed1;n m&#xf9;a, m&#x1ed9;t &#x111;&#x1eb7;c tr&#x1b0;ng c&#x1ee7;a c&#xe1;c qu&#x1ed1;c gia &#x1edf; l&#x1b0;u v&#x1ef1;c s&#xf4;ng M&#xea; K&#xf4;ng.</p>\r\n<p style=\"box-sizing: border-box; margin: 0px 0px 15px; font-family: Montserrat, sans-serif; font-size: 14px; letter-spacing: 0.25px; background-color: #ffffff;\">T&#xed;nh n&#x103;ng:<br style=\"box-sizing: border-box;\">- C&#x1b0;&#x1edd;ng &#x111;&#x1ed9; ch&#x1ecb;u l&#x1ef1;c cao, kh&#xf4;ng n&#x1ee9;t v&#x1ee1;<br style=\"box-sizing: border-box;\">- Kh&#x1ea3; n&#x103;ng ch&#x1ed1;ng tr&#x1ea7;y x&#x1b0;&#x1edb;c, ch&#x1ed1;ng m&#xe0;i m&#xf2;n<br style=\"box-sizing: border-box;\">- Kh&#x1ea3; n&#x103;ng ch&#x1ed1;ng th&#x1ea5;m v&#x1b0;&#x1ee3;t tr&#x1ed9;i&#xa0;<br style=\"box-sizing: border-box;\">- Kh&#x1ea3; n&#x103;ng ch&#x1ed1;ng ch&#x1ecb;u ho&#xe1; ch&#x1ea5;t th&#xf4;ng th&#x1b0;&#x1edd;ng<br style=\"box-sizing: border-box;\">- D&#x1ec5; d&#xe0;ng v&#x1ec7; sinh<br style=\"box-sizing: border-box;\">- L&#x1edb;p b&#x1ea3;o v&#x1ec7; b&#x1ec1; m&#x1eb7;t topcoats gi&#xfa;p hoa v&#x103;n ho&#x1ea1; ti&#x1ebf;t tr&#xea;n b&#x1ec1; m&#x1eb7;t g&#x1ea1;ch b&#x1ec1;n b&#x1ec9; v&#x1edb;i th&#x1edd;i gian.&#xa0;<br style=\"box-sizing: border-box;\">- &#x1ee8;ng d&#x1ee5;ng: Ph&#xf9; h&#x1ee3;p s&#x1eed; d&#x1ee5;ng &#x1ed1;p l&#xe1;t t&#x1ef1; nhi&#x1ec1;u khu v&#x1ef1;c: ph&#xf2;ng kh&#xe1;ch, ph&#xf2;ng ng&#x1ee7;, s&#x1ea3;nh kh&#xe1;ch s&#x1ea1;n, trung t&#xe2;m th&#x1b0;&#x1a1;ng m&#x1ea1;i&#x2026;</p>\r\n<p style=\"box-sizing: border-box; margin: 0px 0px 15px; font-family: Montserrat, sans-serif; font-size: 14px; letter-spacing: 0.25px; background-color: #ffffff; text-align: center;\"><img src=\"https://b2b.daisan.vn/site/upload/media/images/general/1665048094_91ef95d5964c3dd6b4bfc3432b18fc31.jpeg\" width=\"600\"></p>\r\n<p style=\"box-sizing: border-box; margin: 0px 0px 15px; font-family: Montserrat, sans-serif; font-size: 14px; letter-spacing: 0.25px; background-color: #ffffff; text-align: center;\">&#xa0;</p>\r\n<h2 style=\"box-sizing: border-box; margin: 0px 0px 15px; font-family: Montserrat, sans-serif; font-size: 14px; letter-spacing: 0.25px; background-color: #ffffff; text-align: justify;\"><span style=\"font-size: 12pt;\"><strong style=\"margin: 0px; padding: 0px; border: 0px; line-height: 1.5em;\">Th&#xf4;ng s&#x1ed1; k&#x1ef9; thu&#x1ead;t c&#x1ee7;a G&#x1ea1;ch &#x1ed1;p l&#xe1;t Eurotile BST Ph&#xf9; Sa 300*600mm PHS-G01</strong></span></h2>\r\n<p style=\"margin: 10px 0px; padding: 0px; border: 0px; line-height: 1.6em; font-size: 14px; font-family: &apos;Open Sans&apos;, sans-serif; vertical-align: baseline; background-color: #ffffff;\"><span style=\"color: #000000; font-family: Montserrat, sans-serif; letter-spacing: 0.25px;\">M&#xe3; s&#x1ea3;n ph&#x1ea9;m: PHS G01</span><br style=\"box-sizing: border-box; color: #595959; font-family: Montserrat, sans-serif; letter-spacing: 0.25px;\"><span style=\"color: #000000; font-family: Montserrat, sans-serif; letter-spacing: 0.25px;\">K&#xed;ch th&#x1b0;&#x1edb;c: 30 x 60 cm</span><br style=\"box-sizing: border-box; color: #595959; font-family: Montserrat, sans-serif; letter-spacing: 0.25px;\"><span style=\"color: #000000; font-family: Montserrat, sans-serif; letter-spacing: 0.25px;\">Lo&#x1ea1;i g&#x1ea1;ch: Porcelain</span><br style=\"box-sizing: border-box; color: #595959; font-family: Montserrat, sans-serif; letter-spacing: 0.25px;\"><span style=\"color: #000000; font-family: Montserrat, sans-serif; letter-spacing: 0.25px;\">B&#x1ec1; m&#x1eb7;t: Matt, in k&#x1ef9; thu&#x1ead;t s&#x1ed1;, random</span><br style=\"box-sizing: border-box; color: #595959; font-family: Montserrat, sans-serif; letter-spacing: 0.25px;\"><span style=\"color: #000000; font-family: Montserrat, sans-serif; letter-spacing: 0.25px;\">Quy c&#xe1;ch &#x111;&#xf3;ng g&#xf3;i : 08 vi&#xea;n/ h&#x1ed9;p ; 1.44m2/ h&#x1ed9;p</span></p>\r\n<p style=\"margin: 10px 0px; padding: 0px; border: 0px; line-height: 1.6em; font-size: 14px; font-family: &apos;Open Sans&apos;, sans-serif; vertical-align: baseline; background-color: #ffffff; text-align: center;\"><img src=\"https://b2b.daisan.vn/site/upload/media/images/general/1665048161_59884b89ad318bc2cc163dfe2c28f8bf.jpeg\" alt=\"G&#x1ea1;ch &#x1ed1;p l&#xe1;t Eurotile BST Ph&#xf9; Sa 300*600mm PHS-G01\" width=\"600\"></p>\r\n<p style=\"margin: 10px 0px; padding: 0px; border: 0px; line-height: 1.6em; font-size: 14px; font-family: &apos;Open Sans&apos;, sans-serif; vertical-align: baseline; background-color: #ffffff; text-align: center;\">&#xa0;</p>\r\n<h2 style=\"margin: 10px 0px; padding: 0px; border: 0px; line-height: 1.6em; font-size: 14px; font-family: &apos;Open Sans&apos;, sans-serif; vertical-align: baseline; background-color: #ffffff; text-align: left;\"><span style=\"font-size: 12pt;\"><strong>Ph&#x1ed1;i c&#x1ea3;nh s&#x1ea3;n ph&#x1ea9;m</strong></span></h2>\r\n<p style=\"text-align: center;\"><img src=\"https://b2b.daisan.vn/site/upload/media/images/general/1665048333_2be6e19d0c24723c54f47049cd9ac410.jpeg\" alt=\"G&#x1ea1;ch &#x1ed1;p l&#xe1;t Eurotile BST Ph&#xf9; Sa 300*600mm PHS-G01\" width=\"600\"></p>\r\n<p style=\"text-align: center;\"><img src=\"https://b2b.daisan.vn/site/upload/media/images/general/1665048352_8bafbc87e816593b94da541b4e63dbba.jpeg\" alt=\"G&#x1ea1;ch &#x1ed1;p l&#xe1;t Eurotile BST Ph&#xf9; Sa 300*600mm PHS-G01\" width=\"600\"></p>\r\n<p style=\"text-align: center;\"><img src=\"https://b2b.daisan.vn/site/upload/media/images/general/1665048370_5ebb70f28013b46b0d88394929d9eca4.jpeg\" alt=\"G&#x1ea1;ch &#x1ed1;p l&#xe1;t Eurotile BST Ph&#xf9; Sa 300*600mm PHS-G01\" width=\"600\"></p>\n                                                    </div>\n                    </div>",
	"supplier": "DAISAN",
	"url_supplier": "https://b2b.daisan.vn"
}