{
	"url": "https://b2b.daisan.vn/gach-op-tuong-30X60-catalan-3640-482611.html",
	"title": "Gạch ốp tường 30X60 Catalan 3640",
	"description": "Bảo vệ cho sản phẩm này\n                                    \n                                        Giao hàng qua Daisan Logistics\n                                        \n                                        Dự kiến ​​đơn hàng của bạn sẽ được giao trước ngày dự kiến ​​hoặc nhận khoản bồi thường chậm trễ 10%\n                                    \n                                    \n                                        Thanh toán an toàn\n\n                                        \n                                        Mọi khoản thanh toán bạn thực hiện trên Daisan.vn đều được ...\n                                    \n                                    \n                                        Chính sách hoàn tiền\n\n                                        \n                                        Yêu cầu hoàn lại tiền nếu đơn đặt hàng của bạn không được vận chuyển, bị thiếu hoặc giao đến có vấn đề về sản phẩm",
	"price": "126000",
	"sku": "DAISAN_GCH_1589",
	"thumbnail": "https://b2b.daisan.vn/site/upload/pages/45/1600078625_9afdb01339ef137ea2f3fb1aa64a9024.jpeg",
	"images": [
		"https://b2b.daisan.vn/site/upload/pages/45/1600078625_9afdb01339ef137ea2f3fb1aa64a9024.jpeg",
		"https://b2b.daisan.vn/site/upload/pages/45/1600078630_9afdb01339ef137ea2f3fb1aa64a9024.jpeg",
		"https://b2b.daisan.vn/site/upload/pages/45/1574741290_9afdb01339ef137ea2f3fb1aa64a9024.jpeg",
		"https://b2b.daisan.vn/site/upload/pages/45/1574665574_9afdb01339ef137ea2f3fb1aa64a9024.jpeg",
		"https://b2b.daisan.vn/site/upload/pages/45/1574663435_9afdb01339ef137ea2f3fb1aa64a9024.jpeg",
		"https://b2b.daisan.vn/site/upload/pages/45/1574741249_9afdb01339ef137ea2f3fb1aa64a9024.jpeg",
		"https://b2b.daisan.vn/site/upload/pages/45/1574665530_9afdb01339ef137ea2f3fb1aa64a9024.jpeg",
		"https://b2b.daisan.vn/site/upload/pages/45/1574663350_9afdb01339ef137ea2f3fb1aa64a9024.jpeg",
		"https://b2b.daisan.vn/site/upload/pages/45/1574741194_9afdb01339ef137ea2f3fb1aa64a9024.jpeg",
		"https://b2b.daisan.vn/site/upload/pages/45/1574665482_9afdb01339ef137ea2f3fb1aa64a9024.jpeg",
		"https://b2b.daisan.vn/site/upload/pages/45/1574663285_9afdb01339ef137ea2f3fb1aa64a9024.jpeg",
		"https://b2b.daisan.vn/site/upload/pages/45/1574741020_9afdb01339ef137ea2f3fb1aa64a9024.jpeg",
		"https://b2b.daisan.vn/site/upload/pages/45/1574665450_9afdb01339ef137ea2f3fb1aa64a9024.jpeg",
		"https://b2b.daisan.vn/site/upload/pages/45/1574663194_9afdb01339ef137ea2f3fb1aa64a9024.jpeg",
		"https://b2b.daisan.vn/site/upload/pages/45/1574663015_9afdb01339ef137ea2f3fb1aa64a9024.jpeg",
		"https://b2b.daisan.vn/site/upload/pages/45/1574740879_9afdb01339ef137ea2f3fb1aa64a9024.jpeg",
		"https://b2b.daisan.vn/site/upload/pages/45/1574665387_9afdb01339ef137ea2f3fb1aa64a9024.jpeg"
	],
	"content": "\n<style>\nfont-family: 'Segoe UI', Arial, sans-serif;\n    background: #fff;\n    color: #222;\n    padding: 20px;\n    max-width: 900px;\n    margin: 0 auto;\n    line-height: 1.6;\n</style>\n<div class=\"unknown-content-root\">\n                        <h3 id=\"more-detail\">M&#xf4; t&#x1ea3; s&#x1ea3;n ph&#x1ea9;m t&#x1eeb; nh&#xe0; cung c&#x1ea5;p</h3>\n                        <div class=\"description-info pb-2\">\n                            <h3>M&#xf4; t&#x1ea3; s&#x1ea3;n ph&#x1ea9;m</h3>\n                            <p style=\"text-align: justify;\"><strong>G&#x1ea1;ch &#x1ed1;p t&#x1b0;&#x1edd;ng 30X60cm Catalan 3640</strong></p>\r\n<p style=\"text-align: justify;\">M&#xf4; t&#x1ea3; k&#x1ef9; thu&#x1ead;t: Men b&#xf3;ng, m&#xe0;i c&#x1ea1;nh<br>K&#xed;ch th&#x1b0;&#x1edb;c: 300x600 mm<br>Nh&#xe3;n hi&#x1ec7;u: Catalan Ceramic<br>C&#xf4;ng n&#x103;ng: S&#x1eed; d&#x1ee5;ng &#x1ed1;p t&#x1b0;&#x1edd;ng ho&#x1eb7;c l&#xe1;t n&#x1ec1;n cho ph&#xf2;ng kh&#xe1;ch, ph&#xf2;ng ng&#x1ee7; c&#x1ee7;a nh&#xe0; ri&#xea;ng, khu chung c&#x1b0;, khu th&#x1b0;&#x1a1;ng m&#x1ea1;i ...</p>\r\n<p style=\"text-align: justify;\">&#xa0;</p>\r\n<p style=\"text-align: center;\"><img src=\"https://b2b.daisan.vn/site/upload/media/images/images/1600078690_96a94e014ab529352239bfe34edf2a54.jpeg\"></p>\r\n<p style=\"text-align: justify;\"><br><br><strong>Chi ti&#x1ebf;t v&#x1ec1; lo&#x1ea1;i g&#x1ea1;ch Ceramic:</strong><br>- Th&#xe0;nh ph&#x1ea7;n c&#x1ea7;u t&#x1ea1;o: 70% l&#xe0; &#x111;&#x1ea5;t (&#x111;&#x1ea5;t s&#xe9;t, &#x111;&#x1ea5;t cao lanh&#x2026;), 30% l&#xe0; b&#x1ed9;t &#x111;&#xe1; v&#xe0; ph&#x1ee5; gia<br>- &#x110;&#x1ed9; h&#xfa;t &#x1ea9;m: T&#x1eeb; 3% &#x111;&#x1ebf;n tr&#xea;n 10%<br>- Nhi&#x1ec7;t &#x111;&#x1ed9; nung: T&#xf9;y thu&#x1ed9;c v&#xe0;o quy tr&#xec;nh s&#x1ea3;n xu&#x1ea5;t c&#x1ee7;a c&#x1a1; s&#x1edf;. G&#x1ea1;ch Ceramic &#x111;&#x1ea1;t chu&#x1ea9;n &#x111;&#x1b0;&#x1ee3;c nung &#x1edf; nhi&#x1ec7;t &#x111;&#x1ed9; 1200 &#x2013; 1500 &#x111;&#x1ed9; C<br>- D&#x1ec5; v&#x1ee1; h&#x1a1;n, ch&#x1ed1;ng th&#x1ea5;m k&#xe9;m h&#x1a1;n g&#x1ea1;ch Porcelain v&#xe0; Granite<br>- Nh&#x1ead;n bi&#x1ebf;t:<br>* M&#x1eab;u m&#xe3; &#x111;a d&#x1ea1;ng, h&#x1ecd;a ti&#x1ebf;t phong ph&#xfa;.<br>* Quan s&#xe1;t t&#x1eeb; m&#x1eb7;t c&#x1eaf;t ngang vi&#xea;n g&#x1ea1;ch c&#xf3; th&#x1ec3; th&#x1ea5;y l&#x1edb;p men g&#x1ea1;ch d&#xe0;y, x&#x1b0;&#x1a1;ng g&#x1ea1;ch m&#x1ecf;ng, th&#x1b0;&#x1edd;ng c&#xf3; m&#xe0;u &#x111;&#x1ecf; do th&#xe0;nh ph&#x1ea7;n c&#x1ea7;u t&#x1ea1;o ch&#x1ee7; y&#x1ebf;u l&#xe0; &#x111;&#x1ea5;t.</p>\n                                                    </div>\n                    </div>",
	"supplier": "DAISAN",
	"url_supplier": "https://b2b.daisan.vn"
}