{
	"url": "https://b2b.daisan.vn/gach-op-lat-eurotile-bst-sa-thach-300*600mm-sat-g03-753227.html",
	"title": "Gạch ốp lát Eurotile BST Sa Thạch 300*600mm SAT G03",
	"description": "Bảo vệ cho sản phẩm này\n                                    \n                                        Giao hàng qua Daisan Logistics\n                                        \n                                        Dự kiến ​​đơn hàng của bạn sẽ được giao trước ngày dự kiến ​​hoặc nhận khoản bồi thường chậm trễ 10%\n                                    \n                                    \n                                        Thanh toán an toàn\n\n                                        \n                                        Mọi khoản thanh toán bạn thực hiện trên Daisan.vn đều được ...\n                                    \n                                    \n                                        Chính sách hoàn tiền\n\n                                        \n                                        Yêu cầu hoàn lại tiền nếu đơn đặt hàng của bạn không được vận chuyển, bị thiếu hoặc giao đến có vấn đề về sản phẩm",
	"price": "412000",
	"sku": "DAISAN_GCH_5224",
	"thumbnail": "https://b2b.daisan.vn/site/upload/pages/26496/1665045310_9afdb01339ef137ea2f3fb1aa64a9024.jpeg",
	"images": [
		"https://b2b.daisan.vn/site/upload/pages/26496/1665045310_9afdb01339ef137ea2f3fb1aa64a9024.jpeg",
		"https://b2b.daisan.vn/site/upload/pages/26496/1665045392_9afdb01339ef137ea2f3fb1aa64a9024.jpeg",
		"https://b2b.daisan.vn/site/upload/pages/26496/1665045394_9afdb01339ef137ea2f3fb1aa64a9024.jpeg",
		"https://b2b.daisan.vn/site/upload/pages/26496/1665045398_9afdb01339ef137ea2f3fb1aa64a9024.jpeg",
		"https://b2b.daisan.vn/site/upload/pages/26496/1665477220_9afdb01339ef137ea2f3fb1aa64a9024.jpeg",
		"https://b2b.daisan.vn/site/upload/pages/26496/1665044688_9afdb01339ef137ea2f3fb1aa64a9024.jpeg",
		"https://b2b.daisan.vn/site/upload/pages/26496/1665476946_9afdb01339ef137ea2f3fb1aa64a9024.jpeg",
		"https://b2b.daisan.vn/site/upload/pages/26496/1665043811_9afdb01339ef137ea2f3fb1aa64a9024.jpeg",
		"https://b2b.daisan.vn/site/upload/pages/26496/1665476596_9afdb01339ef137ea2f3fb1aa64a9024.jpeg",
		"https://b2b.daisan.vn/site/upload/pages/26496/1665043610_9afdb01339ef137ea2f3fb1aa64a9024.jpeg",
		"https://b2b.daisan.vn/site/upload/pages/26496/1665463984_9afdb01339ef137ea2f3fb1aa64a9024.jpeg",
		"https://b2b.daisan.vn/site/upload/pages/26496/1665043425_9afdb01339ef137ea2f3fb1aa64a9024.jpeg",
		"https://b2b.daisan.vn/site/upload/pages/26496/1665043220_9afdb01339ef137ea2f3fb1aa64a9024.jpeg",
		"https://b2b.daisan.vn/site/upload/pages/26496/1665463697_9afdb01339ef137ea2f3fb1aa64a9024.jpeg",
		"https://b2b.daisan.vn/site/upload/pages/26496/1665199828_9afdb01339ef137ea2f3fb1aa64a9024.jpeg",
		"https://b2b.daisan.vn/site/upload/pages/26496/1665042693_9afdb01339ef137ea2f3fb1aa64a9024.jpeg",
		"https://b2b.daisan.vn/site/upload/pages/26496/1665199505_9afdb01339ef137ea2f3fb1aa64a9024.jpeg",
		"https://b2b.daisan.vn/site/upload/pages/26496/1665198985_9afdb01339ef137ea2f3fb1aa64a9024.jpeg",
		"https://b2b.daisan.vn/site/upload/pages/26496/1665197437_9afdb01339ef137ea2f3fb1aa64a9024.jpeg"
	],
	"content": "\n<style>\nfont-family: 'Segoe UI', Arial, sans-serif;\n    background: #fff;\n    color: #222;\n    padding: 20px;\n    max-width: 900px;\n    margin: 0 auto;\n    line-height: 1.6;\n</style>\n<div class=\"unknown-content-root\">\n                        <h3 id=\"more-detail\">M&#xf4; t&#x1ea3; s&#x1ea3;n ph&#x1ea9;m t&#x1eeb; nh&#xe0; cung c&#x1ea5;p</h3>\n                        <div class=\"description-info pb-2\">\n                            <h3>M&#xf4; t&#x1ea3; s&#x1ea3;n ph&#x1ea9;m</h3>\n                            <p style=\"box-sizing: border-box; margin: 0px 0px 15px; font-family: Montserrat, sans-serif; font-size: 14px; letter-spacing: 0.25px; background-color: #ffffff; text-align: justify;\">Trong v&#xf2;ng quay kh&#xf4;ng ng&#x1eeb;ng ngh&#x1ec9; c&#x1ee7;a cu&#x1ed9;c s&#x1ed1;ng hi&#x1ec7;n &#x111;ai, con ng&#x1b0;&#x1edd;i ng&#xe0;y cang c&#x1ea3;m th&#x1ea5;y m&#x1ec7;t m&#x1ecf;i. V&#xec; v&#x1ead;y, l&#x1ed1;i s&#x1ed1;ng t&#x1ef1; nhi&#xea;n, &#x111;&#x1a1;n gi&#x1ea3;n &#x111;ang l&#xe0; xu h&#x1b0;&#x1edb;ng nhi&#x1ec1;u ng&#x1b0;&#x1edd;i &#x111;&#x1ec1; cao. S&#x1ef1; c&#xf3; m&#x1eb7;t c&#x1ee7;a nh&#x1eef;ng ch&#x1ea5;t li&#x1ec7;u mang h&#x1a1;i th&#x1edf; c&#x1ee7;a t&#x1ef1; nhi&#xea;n nh&#x1b0; &#x111;&#x1ea5;t, &#x111;&#xe1;, g&#x1ed7;, v&#x1ecf; c&#xe2;y trong ki&#x1ebf;n tr&#xfa;c ng&#xf4;i nh&#xe0; khi&#x1ebf;n kh&#xf4;ng gian s&#x1ed1;ng tr&#x1edf; n&#xea;n d&#x1ecb;u nh&#x1eb9;, tr&#x1ea7;m &#x1ea5;m v&#xe0; s&#xe2;u l&#x1eaf;ng. Nh&#x1b0; m&#x1ed9;t n&#x1ed1;t tr&#x1ea7;m trong b&#x1ea3;n h&#xf2;a ca Eurotile, b&#x1ed9; s&#x1b0;u t&#x1ead;p Xi M&#x103;ng &#x2013; Cement l&#xe0; m&#x1ed9;t trong nh&#x1eef;ng b&#x1ed9; s&#x1b0;u t&#x1ead;p nh&#x1b0; th&#x1ebf;.</p>\r\n<p style=\"box-sizing: border-box; margin: 0px 0px 15px; font-family: Montserrat, sans-serif; font-size: 14px; letter-spacing: 0.25px; background-color: #ffffff; text-align: justify;\">Eurotile Sa Th&#x1ea1;ch n&#x1eb1;m trong b&#x1ed9; s&#x1b0;u t&#x1ead;p Xi M&#x103;ng - Cement&#xa0;l&#xe0; m&#x1ed9;t trong nh&#x1eef;ng m&#x1eab;u g&#x1ea1;ch n&#x1ed5;i b&#x1ead;t v&#xe0; &#x111;&#x1b0;&#x1ee3;c ch&#x1ecd;n l&#x1ef1;a r&#x1ea5;t k&#x1ef9; c&#xe0;ng &#x111;&#x1ec3; &#x111;&#xe1;p &#x1ee9;ng &#x111;&#x1ed1;i t&#x1b0;&#x1ee3;ng kh&#xe1;ch h&#xe0;ng t&#x1eeb; d&#x1ec5; t&#xed;nh &#x111;&#x1ebf;n kh&#xf3; t&#xed;nh.</p>\r\n<p style=\"box-sizing: border-box; margin: 0px 0px 15px; font-family: Montserrat, sans-serif; font-size: 14px; letter-spacing: 0.25px; background-color: #ffffff; text-align: justify;\"><strong style=\"box-sizing: border-box;\">Sa Th&#x1ea1;ch</strong>&#xa0;n&#x1eb1;m trong b&#x1ed9; s&#x1b0;u t&#x1ead;p Xi m&#x103;ng &#x2013; Cement. S&#x1ea3;n ph&#x1ea9;m mang &#x111;&#x1ebf;n s&#x1ef1; t&#x1ed1;t l&#xe0;nh, b&#xec;nh y&#xea;n, s&#x1ef1; ng&#x1ee1; ng&#xe0;ng khi ng&#x1b0;&#x1edd;i s&#x1eed; d&#x1ee5;ng chi&#xea;m ng&#x1b0;&#x1ee1;ng b&#x1ed9; s&#x1b0;u t&#x1ead;p n&#xe0;y. G&#x1ea1;ch &#x1ed1;p l&#xe1;t &#x111;&#x1ebf;n t&#x1eeb; Eurotile lu&#xf4;n t&#xf4; &#x111;i&#x1ec3;m, mang &#x111;&#x1ebf;n s&#x1ef1; sang tr&#x1ecd;ng, &#x111;&#xe1;p &#x1ee9;ng &#x111;&#x1b0;&#x1ee3;c t&#x1ea5;t c&#x1ea3; y&#xea;u c&#x1ea7;u v&#x1ec1; th&#x1ea9;m m&#x1ef9; v&#xe0; ch&#x1ea5;t l&#x1b0;&#x1ee3;ng.</p>\r\n<p style=\"box-sizing: border-box; margin: 0px 0px 15px; font-family: Montserrat, sans-serif; font-size: 14px; letter-spacing: 0.25px; background-color: #ffffff; text-align: justify;\"><strong style=\"box-sizing: border-box;\">Sa Th&#x1ea1;ch &#x2013; SAT:</strong>&#xa0; &#x110;&#xe3; t&#x1eeb;ng l&#xe0; m&#x1ed9;t trung t&#xe2;m v&#x103;n h&#xf3;a v&#xe0; th&#x1b0;&#x1a1;ng m&#x1ea1;i ph&#x1ed3;n th&#x1ecb;nh c&#x1ee7;a ch&#xe2;u &#xc2;u, n&#x1b0;&#x1edb;c B&#x1ec9; c&#xe0;ng n&#x1ed5;i b&#x1ead;t h&#x1a1;n sau hai cu&#x1ed9;c chi&#x1ebf;n v&#x1edb;i nh&#x1eef;ng t&#xe0;n d&#x1b0; ho&#xe0;ng kim c&#xf2;n s&#xf3;t l&#x1ea1;i. N&#xe9;t c&#x1ed5; k&#xed;nh l&#xe2;u &#x111;&#x1edd;i ghi d&#x1ea5;u qua t&#x1eeb;ng con &#x111;&#x1b0;&#x1edd;ng. Ki&#x1ebf;n tr&#xfa;c B&#x1ec9; l&#xe0; s&#x1ef1; c&#x1ea7;u k&#x1ef3;, mang m&#x1ed9;t phong v&#x1ecb; ch&#xe2;u &#xc2;u r&#x1ea5;t ri&#xea;ng.</p>\r\n<p style=\"box-sizing: border-box; margin: 0px 0px 15px; font-family: Montserrat, sans-serif; font-size: 14px; letter-spacing: 0.25px; background-color: #ffffff; text-align: center;\"><img src=\"https://b2b.daisan.vn/site/upload/media/images/general/1664866712_ddb6f8ac88343291599840d8ba465c3f.jpeg\" alt=\"G&#x1ea1;ch &#x1ed1;p l&#xe1;t Eurotile BST Sa Th&#x1ea1;ch 300*600mm SAT G03\" width=\"600\"></p>\r\n<h2 style=\"box-sizing: border-box; margin: 0px 0px 15px; font-family: Montserrat, sans-serif; font-size: 14px; letter-spacing: 0.25px; background-color: #ffffff; text-align: justify;\"><span style=\"font-size: 12pt;\"><strong style=\"margin: 0px; padding: 0px; border: 0px; line-height: 1.5em;\">Th&#xf4;ng s&#x1ed1; k&#x1ef9; thu&#x1ead;t c&#x1ee7;a G&#x1ea1;ch &#x1ed1;p l&#xe1;t Eurotile BST Sa Th&#x1ea1;ch 300*600mm SAT G03</strong></span></h2>\r\n<p style=\"margin: 10px 0px; padding: 0px; border: 0px; line-height: 1.6em; font-size: 14px; font-family: &apos;Open Sans&apos;, sans-serif; vertical-align: baseline; background-color: #ffffff;\"><span style=\"font-family: Open Sans, sans-serif;\"><span style=\"font-size: 14px;\">&#x22b9; B&#x1ed9; s&#x1b0;u t&#x1ead;p: Sa th&#x1ea1;ch</span></span><br style=\"margin: 0px; padding: 0px; border: 0px; line-height: 1.5em;\"><span style=\"font-family: Open Sans, sans-serif;\"><span style=\"font-size: 14px;\">&#x22b9; K&#xed;ch th&#x1b0;&#x1edb;c: 30&#xa0;x 60&#xa0;cm</span></span><br style=\"margin: 0px; padding: 0px; border: 0px; line-height: 1.5em;\"><span style=\"font-family: Open Sans, sans-serif;\"><span style=\"font-size: 14px;\">&#x22b9; Men g&#x1ea1;ch: Matt</span></span><br style=\"margin: 0px; padding: 0px; border: 0px; line-height: 1.5em;\"><span style=\"font-family: Open Sans, sans-serif;\"><span style=\"font-size: 14px;\">&#x22b9; B&#x1ec1; m&#x1eb7;t: Nh&#xe1;m</span></span><br style=\"margin: 0px; padding: 0px; border: 0px; line-height: 1.5em;\"><span style=\"font-family: Open Sans, sans-serif;\"><span style=\"font-size: 14px;\">&#x22b9; X&#x1b0;&#x1a1;ng g&#x1ea1;ch: Porcerlain</span></span><br style=\"margin: 0px; padding: 0px; border: 0px; line-height: 1.5em;\"><span style=\"font-family: Open Sans, sans-serif;\"><span style=\"font-size: 14px;\">&#x22b9; 08 vi&#xea;n/ h&#x1ed9;p ; 1.44m2/ h&#x1ed9;p</span></span><br style=\"margin: 0px; padding: 0px; border: 0px; line-height: 1.5em;\"><span style=\"font-family: Open Sans, sans-serif;\"><span style=\"font-size: 14px;\">&#x22b9; Th&#x1b0;&#x1a1;ng hi&#x1ec7;u: G&#x1ea1;ch Eurotile&#xa0;</span></span></p>\r\n<p style=\"margin: 10px 0px; padding: 0px; border: 0px; line-height: 1.6em; font-size: 14px; font-family: &apos;Open Sans&apos;, sans-serif; vertical-align: baseline; background-color: #ffffff; text-align: center;\"><img src=\"https://b2b.daisan.vn/site/upload/media/images/general/1665045414_32f858e4eafa883cc662608bd66cd365.jpeg\" width=\"600\"></p>\r\n<p style=\"margin: 10px 0px; padding: 0px; border: 0px; line-height: 1.6em; font-size: 14px; font-family: &apos;Open Sans&apos;, sans-serif; vertical-align: baseline; background-color: #ffffff; text-align: center;\"><img src=\"https://b2b.daisan.vn/site/upload/media/images/general/1664866760_d23854b26d2f6f0a83dc9dcc1e9729d3.jpeg\" alt=\"G&#x1ea1;ch &#x1ed1;p l&#xe1;t Eurotile BST Sa Th&#x1ea1;ch 300*600mm SAT G03\" width=\"600\"></p>\r\n<p style=\"margin: 10px 0px; padding: 0px; border: 0px; line-height: 1.6em; font-size: 14px; font-family: &apos;Open Sans&apos;, sans-serif; vertical-align: baseline; background-color: #ffffff; text-align: center;\">&#xa0;</p>\r\n<h2 style=\"margin: 10px 0px; padding: 0px; border: 0px; line-height: 1.6em; font-size: 14px; font-family: &apos;Open Sans&apos;, sans-serif; vertical-align: baseline; background-color: #ffffff; text-align: left;\"><span style=\"font-size: 12pt;\"><strong>Ph&#x1ed1;i c&#x1ea3;nh s&#x1ea3;n ph&#x1ea9;m</strong></span></h2>\r\n<p style=\"text-align: center;\"><img src=\"https://b2b.daisan.vn/site/upload/media/images/general/1664864570_7165fe2e55e68207ee9d4aca18606243.jpeg\" alt=\"G&#x1ea1;ch &#x1ed1;p l&#xe1;t Eurotile BST Sa Th&#x1ea1;ch 300*600mm SAT G01\" width=\"600\"></p>\r\n<p style=\"text-align: center;\"><img src=\"https://b2b.daisan.vn/site/upload/media/images/general/1664865929_2e911d433a52b6d00d2be4b36377e720.jpeg\" alt=\"G&#x1ea1;ch &#x1ed1;p l&#xe1;t Eurotile BST Sa Th&#x1ea1;ch 300*600mm SAT G01\" width=\"600\"></p>\r\n<p style=\"text-align: center;\"><img src=\"https://b2b.daisan.vn/site/upload/media/images/general/1664865943_d394603af9038dc4fb32db8f98fa3211.jpeg\" alt=\"G&#x1ea1;ch &#x1ed1;p l&#xe1;t Eurotile BST Sa Th&#x1ea1;ch 300*600mm SAT G02\" width=\"600\"></p>\r\n<p style=\"text-align: center;\">&#xa0;</p>\n                                                    </div>\n                    </div>",
	"supplier": "DAISAN",
	"url_supplier": "https://b2b.daisan.vn"
}