{
	"url": "https://b2b.daisan.vn/gach-men-op-tuong-300-x-800mm-800b1c-mau-vang-hoa-tiet-464454.html",
	"title": "Gạch men ốp tường 300 x 800mm 800B1C màu vàng họa tiết",
	"description": "Bảo vệ cho sản phẩm này\n                                    \n                                        Giao hàng qua Daisan Logistics\n                                        \n                                        Dự kiến ​​đơn hàng của bạn sẽ được giao trước ngày dự kiến ​​hoặc nhận khoản bồi thường chậm trễ 10%\n                                    \n                                    \n                                        Thanh toán an toàn\n\n                                        \n                                        Mọi khoản thanh toán bạn thực hiện trên Daisan.vn đều được ...\n                                    \n                                    \n                                        Chính sách hoàn tiền\n\n                                        \n                                        Yêu cầu hoàn lại tiền nếu đơn đặt hàng của bạn không được vận chuyển, bị thiếu hoặc giao đến có vấn đề về sản phẩm",
	"price": "88675",
	"sku": "DAISAN_GCH_8867",
	"thumbnail": "https://b2b.daisan.vn/site/upload/pages/25061/1590398285_9afdb01339ef137ea2f3fb1aa64a9024.jpeg",
	"images": [
		"https://b2b.daisan.vn/site/upload/pages/25061/1590398285_9afdb01339ef137ea2f3fb1aa64a9024.jpeg",
		"https://b2b.daisan.vn/site/upload/pages/25061/1590398291_9afdb01339ef137ea2f3fb1aa64a9024.jpeg",
		"https://b2b.daisan.vn/site/upload/pages/25061/1594457426_9afdb01339ef137ea2f3fb1aa64a9024.jpeg",
		"https://b2b.daisan.vn/site/upload/pages/25061/1594434103_9afdb01339ef137ea2f3fb1aa64a9024.jpeg",
		"https://b2b.daisan.vn/site/upload/pages/25061/1594288567_9afdb01339ef137ea2f3fb1aa64a9024.jpeg",
		"https://b2b.daisan.vn/site/upload/pages/25061/1593855280_9afdb01339ef137ea2f3fb1aa64a9024.jpeg",
		"https://b2b.daisan.vn/site/upload/pages/25061/1593832584_9afdb01339ef137ea2f3fb1aa64a9024.jpeg",
		"https://b2b.daisan.vn/site/upload/pages/25061/1593764216_9afdb01339ef137ea2f3fb1aa64a9024.jpeg",
		"https://b2b.daisan.vn/site/upload/pages/25061/1593658369_9afdb01339ef137ea2f3fb1aa64a9024.jpeg",
		"https://b2b.daisan.vn/site/upload/pages/25061/1593574390_9afdb01339ef137ea2f3fb1aa64a9024.jpeg",
		"https://b2b.daisan.vn/site/upload/pages/25061/1593506208_9afdb01339ef137ea2f3fb1aa64a9024.jpeg",
		"https://b2b.daisan.vn/site/upload/pages/25061/1593416160_9afdb01339ef137ea2f3fb1aa64a9024.jpeg",
		"https://b2b.daisan.vn/site/upload/pages/25061/1590415214_9afdb01339ef137ea2f3fb1aa64a9024.jpeg",
		"https://b2b.daisan.vn/site/upload/pages/25061/1594527390_9afdb01339ef137ea2f3fb1aa64a9024.jpeg",
		"https://b2b.daisan.vn/site/upload/pages/25061/1594457229_9afdb01339ef137ea2f3fb1aa64a9024.jpeg",
		"https://b2b.daisan.vn/site/upload/pages/25061/1594433875_9afdb01339ef137ea2f3fb1aa64a9024.jpeg",
		"https://b2b.daisan.vn/site/upload/pages/25061/1594288381_9afdb01339ef137ea2f3fb1aa64a9024.jpeg"
	],
	"content": "\n<style>\nfont-family: 'Segoe UI', Arial, sans-serif;\n    background: #fff;\n    color: #222;\n    padding: 20px;\n    max-width: 900px;\n    margin: 0 auto;\n    line-height: 1.6;\n</style>\n<div class=\"unknown-content-root\">\n                        <h3 id=\"more-detail\">M&#xf4; t&#x1ea3; s&#x1ea3;n ph&#x1ea9;m t&#x1eeb; nh&#xe0; cung c&#x1ea5;p</h3>\n                        <div class=\"description-info pb-2\">\n                            <h3>M&#xf4; t&#x1ea3; s&#x1ea3;n ph&#x1ea9;m</h3>\n                            <p style=\"text-align: center;\"><strong>G&#x1ea1;ch men &#x1ed1;p t&#x1b0;&#x1edd;ng 300 x 800mm 800B1C m&#xe0;u v&#xe0;ng h&#x1ecd;a ti&#x1ebf;t</strong></p>\r\n<p style=\"text-align: left;\"><span style=\"font-size: 14px;\">N&#x1ebf;u b&#x1ea1;n &#x111;ang c&#x1ea7;n l&#x1ef1;a ch&#x1ecd;n lo&#x1ea1;i g&#x1ea1;ch l&#xe1;t n&#x1ec1;n v&#xe0; &#x1ed1;p t&#x1b0;&#x1edd;ng c&#xf3; ch&#x1ea5;t li&#x1ec7;u, m&#x1eab;u m&#xe3; m&#xe0;u s&#x1eaf;c ph&#xf9; h&#x1ee3;p th&#xec; g&#x1ea1;ch men s&#x1ef1; l&#x1ef1;a ch&#x1ecd;n tuy&#x1ec7;t v&#x1edd;i.</span></p>\r\n<p style=\"text-align: left;\"><span style=\"font-size: 14px;\"><strong>&#x1af;u &#x111;i&#x1ec3;m g&#x1ea1;ch men </strong></span></p>\r\n<p style=\"text-align: left;\"><span style=\"font-size: 14px;\"><strong>-&#xa0;</strong>L&#xe0; lo&#x1ea1;i g&#x1ea1;ch &#x111;&#x1b0;&#x1ee3;c l&#xe0;m t&#x1eeb; c&#xe1;c th&#xe0;nh ph&#x1ea7;n ch&#xed;nh c&#xf3; s&#x1eb5;n &#x1edf; trong t&#x1ef1; nhi&#xea;n nh&#x1b0; &#x111;&#x1ea5;t s&#xe9;t, th&#x1ea1;ch cao, cao lanh v&#xe0; m&#x1ed9;t s&#x1ed1; nguy&#xea;n li&#x1ec7;u k&#xe8;m theo kh&#xe1;c.</span></p>\r\n<p style=\"text-align: left;\"><span style=\"font-size: 14px;\"><strong>-</strong> G&#x1ea1;ch sau khi nung &#x111;&#x1b0;&#x1ee3;c ph&#x1ee7; m&#x1ed9;t l&#x1edb;p men m&#xf2;ng n&#xea;n c&#xf3; &#x111;&#x1ed9; s&#xe1;ng b&#xf3;ng, c&#xf3; kh&#x1ea3; n&#x103;ng ch&#x1ecb;u l&#x1ef1;c t&#x1ed1;t, &#xed;t h&#xfa;t n&#x1b0;&#x1edb;c.</span></p>\r\n<p><span style=\"font-size: 14px;\"><strong>-</strong> S&#xe0;n nh&#xe0; &#x111;&#x1b0;&#x1ee3;c l&#xe1;t g&#x1ea1;ch men t&#x103;ng th&#xea;m s&#x1ef1; sang tr&#x1ecd;ng, &#x111;&#x1eb3;ng c&#x1ea5;p cho c&#x103;n nh&#xe0; c&#x1ee7;a b&#x1ea1;n.</span></p>\r\n<p><span style=\"font-size: 14px;\"><strong>H&#xec;nh &#x1ea3;nh s&#x1ea3;n ph&#x1ea9;m</strong></span></p>\r\n<p style=\"text-align: center;\"><span style=\"font-size: 14px;\"><strong><img src=\"https://b2b.daisan.vn/site/upload/media/images/images/1590396716_767a23ef94963facb1e97a9130fc7aeb.jpeg\"></strong></span></p>\r\n<p style=\"text-align: center;\"><span style=\"font-size: 14px;\"><strong><img src=\"https://b2b.daisan.vn/site/upload/media/images/images/1590396896_9e5cd6ae77b41a9731c4223ff38c18d3.jpeg\"></strong></span></p>\r\n<p style=\"text-align: center;\"><span style=\"font-size: 14px;\"><strong><img src=\"https://b2b.daisan.vn/site/upload/media/images/images/1590396908_85abfbbf4445195c6f7cc7fcbf8136d8.jpeg\"></strong></span></p>\r\n<p style=\"text-align: center;\"><span style=\"font-size: 14px;\"><strong><img src=\"https://b2b.daisan.vn/site/upload/media/images/images/1590396922_68a676fb2d51f2ab9d4a11e0e5c6c52a.jpeg\"></strong></span></p>\r\n<p style=\"text-align: center;\"><span style=\"font-size: 14px;\"><strong><img src=\"https://b2b.daisan.vn/site/upload/media/images/images/1590396935_ea13b0b50773769885d737dc4eb22e38.jpeg\"></strong></span></p>\r\n<p><span style=\"font-size: 14px;\"><strong>Ch&#x1ee9;ng nh&#x1ead;n</strong></span></p>\r\n<p style=\"text-align: center;\"><span style=\"font-size: 14px;\"><strong><img src=\"https://b2b.daisan.vn/site/upload/media/images/images/1590396774_48c890f83c957c95b3f8c63b1ecea9a3.jpeg\"></strong></span></p>\r\n<p><span style=\"font-size: 14px;\"><strong>H&#xec;nh &#x1ea3;nh C&#xf4;ng ty</strong></span></p>\r\n<p style=\"text-align: center;\"><span style=\"font-size: 14px;\"><strong><img src=\"https://b2b.daisan.vn/site/upload/media/images/images/1590396807_2e7291ab9216d10456c12822df665745.jpeg\"></strong></span></p>\r\n<p style=\"text-align: left;\"><span style=\"font-size: 14px;\"><strong>X&#x1b0;&#x1edf;ng s&#x1ea3;n xu&#x1ea5;t</strong></span></p>\r\n<p style=\"text-align: center;\"><span style=\"font-size: 14px;\"><strong><img src=\"https://b2b.daisan.vn/site/upload/media/images/images/1590396641_c0edf35965e8e3e1ff6df3a9cbde9975.jpeg\"></strong></span></p>\n                                                    </div>\n                    </div>",
	"supplier": "DAISAN",
	"url_supplier": "https://b2b.daisan.vn"
}