{
	"url": "https://b2b.daisan.vn/gach-op-tuong-phong-tam-200*300mm-in-3d-gia-re-ma-p95-658439.html",
	"title": "Gạch ốp tường phòng tắm 200*300mm in 3D giá rẻ mã P95",
	"description": "Bảo vệ cho sản phẩm này\n                                    \n                                        Giao hàng qua Daisan Logistics\n                                        \n                                        Dự kiến ​​đơn hàng của bạn sẽ được giao trước ngày dự kiến ​​hoặc nhận khoản bồi thường chậm trễ 10%\n                                    \n                                    \n                                        Thanh toán an toàn\n\n                                        \n                                        Mọi khoản thanh toán bạn thực hiện trên Daisan.vn đều được ...\n                                    \n                                    \n                                        Chính sách hoàn tiền\n\n                                        \n                                        Yêu cầu hoàn lại tiền nếu đơn đặt hàng của bạn không được vận chuyển, bị thiếu hoặc giao đến có vấn đề về sản phẩm",
	"price": "35683",
	"sku": "DAISAN_GCH_1859",
	"thumbnail": "https://b2b.daisan.vn/site/upload/pages/27822/1624682850_9afdb01339ef137ea2f3fb1aa64a9024.jpeg",
	"images": [
		"https://b2b.daisan.vn/site/upload/pages/27822/1624682850_9afdb01339ef137ea2f3fb1aa64a9024.jpeg",
		"https://b2b.daisan.vn/site/upload/pages/27822/1624682867_9afdb01339ef137ea2f3fb1aa64a9024.jpeg",
		"https://b2b.daisan.vn/site/upload/pages/27822/1624682878_9afdb01339ef137ea2f3fb1aa64a9024.jpeg",
		"https://b2b.daisan.vn/site/upload/pages/27822/1624682883_9afdb01339ef137ea2f3fb1aa64a9024.jpeg",
		"https://b2b.daisan.vn/site/upload/pages/27822/1624682889_9afdb01339ef137ea2f3fb1aa64a9024.jpeg",
		"https://b2b.daisan.vn/site/upload/pages/27822/1624682894_9afdb01339ef137ea2f3fb1aa64a9024.jpeg",
		"https://b2b.daisan.vn/site/upload/pages/27822/1624680219_9afdb01339ef137ea2f3fb1aa64a9024.jpeg",
		"https://b2b.daisan.vn/site/upload/pages/27822/1624680122_9afdb01339ef137ea2f3fb1aa64a9024.jpeg",
		"https://b2b.daisan.vn/site/upload/pages/27822/1624680042_9afdb01339ef137ea2f3fb1aa64a9024.jpeg",
		"https://b2b.daisan.vn/site/upload/pages/27822/1624679795_9afdb01339ef137ea2f3fb1aa64a9024.jpeg",
		"https://b2b.daisan.vn/site/upload/pages/27822/1624679729_9afdb01339ef137ea2f3fb1aa64a9024.jpeg",
		"https://b2b.daisan.vn/site/upload/pages/27822/1624679331_9afdb01339ef137ea2f3fb1aa64a9024.jpeg",
		"https://b2b.daisan.vn/site/upload/pages/27822/1624683340_9afdb01339ef137ea2f3fb1aa64a9024.jpeg",
		"https://b2b.daisan.vn/site/upload/pages/27822/1624683197_9afdb01339ef137ea2f3fb1aa64a9024.jpeg",
		"https://b2b.daisan.vn/site/upload/pages/27822/1624682999_9afdb01339ef137ea2f3fb1aa64a9024.jpeg",
		"https://b2b.daisan.vn/site/upload/pages/27822/1624682923_9afdb01339ef137ea2f3fb1aa64a9024.jpeg",
		"https://b2b.daisan.vn/site/upload/pages/27822/1624682561_9afdb01339ef137ea2f3fb1aa64a9024.jpeg",
		"https://b2b.daisan.vn/site/upload/pages/27822/1624682238_9afdb01339ef137ea2f3fb1aa64a9024.jpeg",
		"https://b2b.daisan.vn/site/upload/pages/27822/1624682121_9afdb01339ef137ea2f3fb1aa64a9024.jpeg",
		"https://b2b.daisan.vn/site/upload/pages/27822/1624682055_9afdb01339ef137ea2f3fb1aa64a9024.jpeg",
		"https://b2b.daisan.vn/site/upload/pages/27822/1624681928_9afdb01339ef137ea2f3fb1aa64a9024.jpeg"
	],
	"content": "\n<style>\nfont-family: 'Segoe UI', Arial, sans-serif;\n    background: #fff;\n    color: #222;\n    padding: 20px;\n    max-width: 900px;\n    margin: 0 auto;\n    line-height: 1.6;\n</style>\n<div class=\"unknown-content-root\">\n                        <h3 id=\"more-detail\">M&#xf4; t&#x1ea3; s&#x1ea3;n ph&#x1ea9;m t&#x1eeb; nh&#xe0; cung c&#x1ea5;p</h3>\n                        <div class=\"description-info pb-2\">\n                            <h3>M&#xf4; t&#x1ea3; s&#x1ea3;n ph&#x1ea9;m</h3>\n                            <div id=\"ali-anchor-AliPostDhMb-avtbo\" style=\"box-sizing: border-box; margin: 0px; padding: 8px 0px 0px; border: 0px; font-variant-numeric: inherit; font-variant-east-asian: inherit; font-stretch: inherit; font-size: 12px; line-height: inherit; font-family: Arial, Helvetica, sans-senif; vertical-align: baseline; color: #333333;\" data-section=\"AliPostDhMb-avtbo\" data-section-title=\"Product Description\">\r\n<div style=\"box-sizing: border-box; margin: 0px; padding: 10px 0px; border: 0px; font: inherit; vertical-align: baseline;\">\r\n<div id=\"ali-anchor-AliPostDhMb-avtbo\" style=\"box-sizing: border-box; margin: 0px; padding: 8px 0px 0px; border: 0px; font-variant-numeric: inherit; font-variant-east-asian: inherit; font-stretch: inherit; line-height: inherit; vertical-align: baseline;\" data-section=\"AliPostDhMb-avtbo\" data-section-title=\"Product Description\">\r\n<div style=\"box-sizing: border-box; margin: 0px; padding: 10px 0px; border: 0px; font: inherit; vertical-align: baseline;\">\r\n<div id=\"ali-anchor-AliPostDhMb-avtbo\" style=\"box-sizing: border-box; margin: 0px; padding: 8px 0px 0px; border: 0px; font-variant-numeric: inherit; font-variant-east-asian: inherit; font-stretch: inherit; line-height: inherit; vertical-align: baseline;\" data-section=\"AliPostDhMb-avtbo\" data-section-title=\"Product Description\">\r\n<div style=\"box-sizing: border-box; margin: 0px; padding: 10px 0px; border: 0px; font: inherit; vertical-align: baseline;\">\r\n<p style=\"box-sizing: border-box; font: inherit; margin: 0px; padding: 0px; border: 0px; vertical-align: baseline;\" data-spm-anchor-id=\"a2700.details.0.i32.71f257544XvZMd\"><span style=\"box-sizing: border-box; margin: 0px; padding: 0px; border: 0px; font-style: inherit; font-variant: inherit; font-weight: inherit; font-stretch: inherit; font-size: 16px; line-height: 24px; font-family: &apos;times new roman&apos;, times; vertical-align: baseline;\"><span style=\"box-sizing: border-box; font-weight: bold;\"><span style=\"box-sizing: border-box; vertical-align: inherit;\"><span style=\"box-sizing: border-box; vertical-align: inherit;\">Lo&#x1ea1;i g&#x1ea1;ch:</span></span></span><span style=\"box-sizing: border-box; vertical-align: inherit;\"><span style=\"box-sizing: border-box; vertical-align: inherit;\">&#xa0;G&#x1ea1;ch g&#x1ed1;m</span></span></span></p>\r\n<p style=\"box-sizing: border-box; font: inherit; margin: 0px; padding: 0px; border: 0px; vertical-align: baseline;\"><span style=\"box-sizing: border-box; margin: 0px; padding: 0px; border: 0px; font-style: inherit; font-variant: inherit; font-weight: inherit; font-stretch: inherit; font-size: 16px; line-height: 24px; font-family: &apos;times new roman&apos;, times; vertical-align: baseline;\"><span style=\"box-sizing: border-box; font-weight: bold;\"><span style=\"box-sizing: border-box; vertical-align: inherit;\"><span style=\"box-sizing: border-box; vertical-align: inherit;\">C&#xf4;ng ngh&#x1ec7;:</span></span></span><span style=\"box-sizing: border-box; vertical-align: inherit;\"><span style=\"box-sizing: border-box; vertical-align: inherit;\">&#xa0;tr&#xe1;ng men</span></span></span></p>\r\n<p style=\"box-sizing: border-box; font: inherit; margin: 0px; padding: 0px; border: 0px; vertical-align: baseline;\"><span style=\"box-sizing: border-box; margin: 0px; padding: 0px; border: 0px; font-style: inherit; font-variant: inherit; font-weight: inherit; font-stretch: inherit; font-size: 16px; line-height: 24px; font-family: &apos;times new roman&apos;, times; vertical-align: baseline;\"><span style=\"box-sizing: border-box; font-weight: bold;\"><span style=\"box-sizing: border-box; vertical-align: inherit;\"><span style=\"box-sizing: border-box; vertical-align: inherit;\">K&#xed;ch th&#x1b0;&#x1edb;c:</span></span></span><span style=\"box-sizing: border-box; vertical-align: inherit;\"><span style=\"box-sizing: border-box; vertical-align: inherit;\">&#xa0;200x300mm</span></span></span></p>\r\n<p style=\"box-sizing: border-box; font: inherit; margin: 0px; padding: 0px; border: 0px; vertical-align: baseline;\"><span style=\"box-sizing: border-box; margin: 0px; padding: 0px; border: 0px; font-style: inherit; font-variant: inherit; font-weight: inherit; font-stretch: inherit; font-size: 16px; line-height: 24px; font-family: &apos;times new roman&apos;, times; vertical-align: baseline;\"><span style=\"box-sizing: border-box; font-weight: bold;\"><span style=\"box-sizing: border-box; vertical-align: inherit;\"><span style=\"box-sizing: border-box; vertical-align: inherit;\">&#x110;&#x1ed9; d&#xe0;y:</span></span></span><span style=\"box-sizing: border-box; vertical-align: inherit;\"><span style=\"box-sizing: border-box; vertical-align: inherit;\">&#xa0;6,2mm</span></span></span></p>\r\n<p style=\"box-sizing: border-box; font: inherit; margin: 0px; padding: 0px; border: 0px; vertical-align: baseline;\" data-spm-anchor-id=\"a2700.details.0.i31.71f257544XvZMd\"><span style=\"box-sizing: border-box; margin: 0px; padding: 0px; border: 0px; font-style: inherit; font-variant: inherit; font-weight: inherit; font-stretch: inherit; font-size: 16px; line-height: 24px; font-family: &apos;times new roman&apos;, times; vertical-align: baseline;\"><span style=\"box-sizing: border-box; font-weight: bold;\"><span style=\"box-sizing: border-box; vertical-align: inherit;\"><span style=\"box-sizing: border-box; vertical-align: inherit;\">C&#xe1;ch s&#x1eed; d&#x1ee5;ng:</span></span></span><span style=\"box-sizing: border-box; vertical-align: inherit;\"><span style=\"box-sizing: border-box; vertical-align: inherit;\">&#xa0;G&#x1ea1;ch &#x1ed1;p t&#x1b0;&#x1edd;ng</span></span></span></p>\r\n<p style=\"box-sizing: border-box; font: inherit; margin: 0px; padding: 0px; border: 0px; vertical-align: baseline;\"><span style=\"box-sizing: border-box; margin: 0px; padding: 0px; border: 0px; font-style: inherit; font-variant: inherit; font-weight: inherit; font-stretch: inherit; font-size: 16px; line-height: 24px; font-family: &apos;times new roman&apos;, times; vertical-align: baseline;\"><span style=\"box-sizing: border-box; font-weight: bold;\"><span style=\"box-sizing: border-box; vertical-align: inherit;\"><span style=\"box-sizing: border-box; vertical-align: inherit;\">H&#x1ea5;p th&#x1ee5; n&#x1b0;&#x1edb;c:</span></span></span><span style=\"box-sizing: border-box; vertical-align: inherit;\"><span style=\"box-sizing: border-box; vertical-align: inherit;\">&#xa0;13 ~ 16%</span></span></span></p>\r\n<p style=\"box-sizing: border-box; font: inherit; margin: 0px; padding: 0px; border: 0px; vertical-align: baseline;\" data-spm-anchor-id=\"a2700.details.0.i30.71f257544XvZMd\"><span style=\"box-sizing: border-box; margin: 0px; padding: 0px; border: 0px; font-style: inherit; font-variant: inherit; font-weight: inherit; font-stretch: inherit; font-size: 16px; line-height: 24px; font-family: &apos;times new roman&apos;, times; vertical-align: baseline;\"><span style=\"box-sizing: border-box; font-weight: bold;\"><span style=\"box-sizing: border-box; vertical-align: inherit;\"><span style=\"box-sizing: border-box; vertical-align: inherit;\">X&#x1eed; l&#xfd; b&#x1ec1; m&#x1eb7;t: M&#xe1;y</span></span></span><span style=\"box-sizing: border-box; vertical-align: inherit;\"><span style=\"box-sizing: border-box; vertical-align: inherit;\">&#xa0;in phun b&#xf3;ng / 5D</span></span></span></p>\r\n<p style=\"box-sizing: border-box; font: inherit; margin: 0px; padding: 0px; border: 0px; vertical-align: baseline;\"><span style=\"box-sizing: border-box; margin: 0px; padding: 0px; border: 0px; font-style: inherit; font-variant: inherit; font-weight: inherit; font-stretch: inherit; font-size: 16px; line-height: 24px; font-family: &apos;times new roman&apos;, times; vertical-align: baseline;\"><span style=\"box-sizing: border-box; font-weight: bold;\"><span style=\"box-sizing: border-box; vertical-align: inherit;\"><span style=\"box-sizing: border-box; vertical-align: inherit;\">M&#xe0;u s&#x1eaf;c&#xa0;</span></span><span style=\"box-sizing: border-box; margin: 0px; padding: 0px; border: 0px; font-style: inherit; font-variant: inherit; font-weight: inherit; font-stretch: inherit; font-size: inherit; line-height: normal; font-family: inherit; vertical-align: baseline;\"><span style=\"box-sizing: border-box; vertical-align: inherit;\"><span style=\"box-sizing: border-box; vertical-align: inherit;\">:</span></span></span></span><span style=\"box-sizing: border-box; vertical-align: inherit;\"><span style=\"box-sizing: border-box; vertical-align: inherit;\">&#xa0;C&#xf3; t&#x1ea5;t c&#x1ea3; c&#xe1;c ki&#x1ec3;u d&#xe1;ng v&#xe0; m&#xe0;u s&#x1eaf;c</span></span></span></p>\r\n<p style=\"box-sizing: border-box; font: inherit; margin: 0px; padding: 0px; border: 0px; vertical-align: baseline;\"><span style=\"box-sizing: border-box; margin: 0px; padding: 0px; border: 0px; font-style: inherit; font-variant: inherit; font-weight: inherit; font-stretch: inherit; font-size: 16px; line-height: 24px; font-family: &apos;times new roman&apos;, times; vertical-align: baseline;\"><span style=\"box-sizing: border-box; font-weight: bold;\"><span style=\"box-sizing: border-box; vertical-align: inherit;\"><span style=\"box-sizing: border-box; vertical-align: inherit;\">Ch&#x1ea5;t l&#x1b0;&#x1ee3;ng:</span></span></span><span style=\"box-sizing: border-box; vertical-align: inherit;\"><span style=\"box-sizing: border-box; vertical-align: inherit;\">&#xa0;H&#x1ea1;ng AAA</span></span></span></p>\r\n<p style=\"box-sizing: border-box; font: inherit; margin: 0px; padding: 0px; border: 0px; vertical-align: baseline;\"><span style=\"box-sizing: border-box; margin: 0px; padding: 0px; border: 0px; font-style: inherit; font-variant: inherit; font-weight: inherit; font-stretch: inherit; font-size: 16px; line-height: 24px; font-family: &apos;times new roman&apos;, times; vertical-align: baseline;\"><span style=\"box-sizing: border-box; font-weight: bold;\"><span style=\"box-sizing: border-box; vertical-align: inherit;\"><span style=\"box-sizing: border-box; vertical-align: inherit;\">Ch&#x1ee9;c n&#x103;ng:&#xa0;</span></span></span><span style=\"box-sizing: border-box; vertical-align: inherit;\"><span style=\"box-sizing: border-box; vertical-align: inherit;\">&#xa0;Ch&#x1ed1;ng axit, kh&#xe1;ng khu&#x1ea9;n, ch&#x1ed1;ng m&#xe0;i m&#xf2;n</span></span></span></p>\r\n<p style=\"box-sizing: border-box; font: inherit; margin: 0px; padding: 0px; border: 0px; vertical-align: baseline;\"><span style=\"box-sizing: border-box; margin: 0px; padding: 0px; border: 0px; font-style: inherit; font-variant: inherit; font-weight: inherit; font-stretch: inherit; font-size: 16px; line-height: 24px; font-family: &apos;times new roman&apos;, times; vertical-align: baseline;\"><span style=\"box-sizing: border-box; font-weight: bold;\"><span style=\"box-sizing: border-box; vertical-align: inherit;\"><span style=\"box-sizing: border-box; vertical-align: inherit;\">C&#xe1;ch s&#x1eed; d&#x1ee5;ng:</span></span></span><span style=\"box-sizing: border-box; vertical-align: inherit;\"><span style=\"box-sizing: border-box; vertical-align: inherit;\">&#xa0;G&#x1ea1;ch n&#x1ed9;i th&#x1ea5;t</span></span></span></p>\r\n<p style=\"box-sizing: border-box; font: inherit; margin: 0px; padding: 0px; border: 0px; vertical-align: baseline;\"><span style=\"box-sizing: border-box; margin: 0px; padding: 0px; border: 0px; font-style: inherit; font-variant: inherit; font-weight: inherit; font-stretch: inherit; font-size: 16px; line-height: 24px; font-family: &apos;times new roman&apos;, times; vertical-align: baseline;\"><span style=\"box-sizing: border-box; font-weight: bold;\"><span style=\"box-sizing: border-box; vertical-align: inherit;\"><span style=\"box-sizing: border-box; vertical-align: inherit;\">Bao b&#xec;:</span></span></span><span style=\"box-sizing: border-box; vertical-align: inherit;\"><span style=\"box-sizing: border-box; vertical-align: inherit;\">&#xa0;Th&#xf9;ng carton ti&#xea;u chu&#x1ea9;n xu&#x1ea5;t kh&#x1ea9;u c&#xf3; pallet g&#x1ed7; ho&#x1eb7;c kh&#xf4;ng c&#xf3; pallet g&#x1ed7;.</span></span></span></p>\r\n<p style=\"box-sizing: border-box; font: inherit; margin: 0px; padding: 0px; border: 0px; vertical-align: baseline;\"><span style=\"box-sizing: border-box; margin: 0px; padding: 0px; border: 0px; font-style: inherit; font-variant: inherit; font-weight: inherit; font-stretch: inherit; font-size: 16px; line-height: 24px; font-family: &apos;times new roman&apos;, times; vertical-align: baseline;\"><span style=\"box-sizing: border-box; font-weight: bold;\"><span style=\"box-sizing: border-box; vertical-align: inherit;\"><span style=\"box-sizing: border-box; vertical-align: inherit;\">Th&#x1edd;i gian giao h&#xe0;ng:&#xa0;</span></span></span><span style=\"box-sizing: border-box; margin: 0px; padding: 0px; border: 0px; font-variant: inherit; font-stretch: inherit; line-height: 24px; vertical-align: baseline;\"><span style=\"box-sizing: border-box; vertical-align: inherit;\"><span style=\"box-sizing: border-box; vertical-align: inherit;\">trong v&#xf2;ng 21 ng&#xe0;y sau khi nh&#x1ead;n &#x111;&#x1b0;&#x1ee3;c 30% ti&#x1ec1;n &#x111;&#x1eb7;t c&#x1ecd;c.</span></span></span></span></p>\r\n<p style=\"box-sizing: border-box; font: inherit; margin: 0px; padding: 0px; border: 0px; vertical-align: baseline;\"><span style=\"box-sizing: border-box; margin: 0px; padding: 0px; border: 0px; font-style: inherit; font-variant: inherit; font-weight: inherit; font-stretch: inherit; font-size: 16px; line-height: 24px; font-family: &apos;times new roman&apos;, times; vertical-align: baseline;\"><span style=\"box-sizing: border-box; font-weight: bold;\"><span style=\"box-sizing: border-box; vertical-align: inherit;\"><span style=\"box-sizing: border-box; vertical-align: inherit;\">S&#x1ea3;n ph&#x1ea9;m &#x110;&#x1eb7;c t&#xed;nh:</span></span></span><span style=\"box-sizing: border-box; vertical-align: inherit;\"><span style=\"box-sizing: border-box; vertical-align: inherit;\">&#xa0;Ch&#x1ed1;ng phai m&#xe0;u, ch&#x1ed1;ng &#x111;&#x1ee9;ng, b&#x1ea1;c m&#xe0;u, d&#x1ec5; lau ch&#xf9;i.</span></span></span></p>\r\n<p style=\"box-sizing: border-box; font: inherit; margin: 0px; padding: 0px; border: 0px; vertical-align: baseline;\"><span style=\"box-sizing: border-box; margin: 0px; padding: 0px; border: 0px; font-style: inherit; font-variant: inherit; font-weight: inherit; font-stretch: inherit; font-size: 16px; line-height: 24px; font-family: &apos;times new roman&apos;, times; vertical-align: baseline;\">JM</span></p>\r\n<p style=\"box-sizing: border-box; font: inherit; margin: 0px; padding: 0px; border: 0px; vertical-align: baseline;\"><img style=\"box-sizing: border-box; border: 0px; margin: 0px; padding: 0px; font-style: inherit; font-variant: inherit; font-weight: inherit; font-stretch: inherit; font-size: 0px; line-height: inherit; font-family: inherit; vertical-align: middle; color: transparent; max-width: 750px; width: 750px; height: 500px;\" src=\"https://b2b.daisan.vn/site/upload/caches/1624682637_d52d3ed971d6b857388a812934fdaabe.jpg\" alt=\"20x30 Grey Glazed Porcelain Bathroom Wooden Ceramic Wall tile\" width=\"750\" height=\"500\" data-src=\"//sc01.alicdn.com/kf/HTB1mHEcmyAnBKNjSZFvq6yTKXXaD/233002329/HTB1mHEcmyAnBKNjSZFvq6yTKXXaD.jpg\" data-alt=\"20x30 Grey Glazed Porcelain Bathroom Wooden Ceramic Wall tile\"></p>\r\n</div>\r\n</div>\r\n<div id=\"ali-anchor-AliPostDhMb-x93j5\" style=\"box-sizing: border-box; margin: 0px; padding: 8px 0px 0px; border: 0px; font-variant-numeric: inherit; font-variant-east-asian: inherit; font-stretch: inherit; line-height: inherit; vertical-align: baseline;\" data-section=\"AliPostDhMb-x93j5\" data-section-title=\"Packaging &amp; Shipping\">\r\n<div id=\"ali-title-AliPostDhMb-x93j5\" style=\"box-sizing: border-box; margin: 0px; padding: 8px 0px; border-width: 0px 0px 1px; border-image: initial; font: inherit; vertical-align: baseline; border-color: initial initial #dddddd initial; border-style: initial initial solid initial;\"><span style=\"box-sizing: border-box; margin: 0px; padding: 8px 10px; border: 0px; font-style: inherit; font-variant: inherit; font-weight: bold; font-stretch: inherit; font-size: inherit; line-height: 12px; font-family: inherit; vertical-align: baseline; background-color: #dddddd;\"><span style=\"box-sizing: border-box; vertical-align: inherit;\">&#x110;&#xf3;ng g&#xf3;i &amp; V&#x1ead;n chuy&#x1ec3;n</span></span></div>\r\n<div style=\"box-sizing: border-box; margin: 0px; padding: 10px 0px; border: 0px; font: inherit; vertical-align: baseline;\">\r\n<p style=\"box-sizing: border-box; font: inherit; margin: 0px; padding: 0px; border: 0px; vertical-align: baseline;\"><span style=\"box-sizing: border-box; font-weight: bold;\"><span style=\"box-sizing: border-box; margin: 0px; padding: 0px; border: 0px; font-style: inherit; font-variant: inherit; font-weight: inherit; font-stretch: inherit; font-size: 24px; line-height: 36px; font-family: &apos;times new roman&apos;, times; vertical-align: baseline;\">Bao b&#xec;:</span></span></p>\r\n<p style=\"box-sizing: border-box; font: inherit; margin: 0px; padding: 0px; border: 0px; vertical-align: baseline;\"><img style=\"box-sizing: border-box; border: 0px; margin: 0px; padding: 0px; font-style: inherit; font-variant: inherit; font-weight: inherit; font-stretch: inherit; font-size: 0px; line-height: inherit; font-family: inherit; vertical-align: middle; color: transparent; max-width: 750px; width: 750px; height: 93px;\" src=\"https://b2b.daisan.vn/site/upload/caches/1624682638_22c98ff7b8a7a4b4dcdddaba0a9d1f51.jpg\" alt=\"20x30 Grey Glazed Porcelain Bathroom Wooden Ceramic Wall tile\" width=\"750\" height=\"93\" data-src=\"//sc01.alicdn.com/kf/HTB1DFkJprSYBuNjSspiq6xNzpXa5/233002329/HTB1DFkJprSYBuNjSspiq6xNzpXa5.jpg\" data-alt=\"20x30 Grey Glazed Porcelain Bathroom Wooden Ceramic Wall tile\"></p>\r\n<p style=\"box-sizing: border-box; font: inherit; margin: 0px; padding: 0px; border: 0px; vertical-align: baseline;\"><img style=\"box-sizing: border-box; border: 0px; margin: 0px; padding: 0px; font-style: inherit; font-variant: inherit; font-weight: inherit; font-stretch: inherit; font-size: 0px; line-height: inherit; font-family: inherit; vertical-align: middle; color: transparent; max-width: 750px; width: 750px; height: 540px;\" src=\"https://b2b.daisan.vn/site/upload/caches/1624682641_436f7b2abe7333fe01631632752f7c14.jpg\" width=\"750\" height=\"540\" data-src=\"//sc02.alicdn.com/kf/HTB1zIWhvVuWBuNjSszbq6AS7FXaN/233002329/HTB1zIWhvVuWBuNjSszbq6AS7FXaN.jpg\"></p>\r\n<p style=\"box-sizing: border-box; font: inherit; margin: 0px; padding: 0px; border: 0px; vertical-align: baseline;\"><span style=\"box-sizing: border-box; font-weight: bold;\"><span style=\"box-sizing: border-box; margin: 0px; padding: 0px; border: 0px; font-style: inherit; font-variant: inherit; font-weight: inherit; font-stretch: inherit; font-size: 24px; line-height: 36px; font-family: &apos;times new roman&apos;, times; vertical-align: baseline;\">&#x110;ang t&#x1ea3;i:&#xa0;</span></span></p>\r\n<p style=\"box-sizing: border-box; font: inherit; margin: 0px; padding: 0px; border: 0px; vertical-align: baseline;\"><span style=\"box-sizing: border-box; font-weight: bold;\"><span style=\"box-sizing: border-box; margin: 0px; padding: 0px; border: 0px; font-style: inherit; font-variant: inherit; font-weight: inherit; font-stretch: inherit; font-size: 24px; line-height: 36px; font-family: &apos;times new roman&apos;, times; vertical-align: baseline;\"><img style=\"box-sizing: border-box; border: 0px; margin: 0px; padding: 0px; font-style: inherit; font-variant: inherit; font-weight: inherit; font-stretch: inherit; font-size: 0px; line-height: inherit; font-family: inherit; vertical-align: middle; color: transparent; max-width: 750px; width: 750px; height: 540px;\" src=\"https://b2b.daisan.vn/site/upload/caches/1624682643_61b1ce79b7aa6208b2e8af5902634b73.jpg\" width=\"750\" height=\"540\" data-src=\"//sc02.alicdn.com/kf/HTB1_.YYvL9TBuNjy1zbq6xpepXaZ/233002329/HTB1_.YYvL9TBuNjy1zbq6xpepXaZ.jpg\"></span></span></p>\r\n</div>\r\n</div>\r\n<div id=\"ali-anchor-AliPostDhMb-jeidn\" style=\"box-sizing: border-box; margin: 0px; padding: 8px 0px 0px; border: 0px; font-variant-numeric: inherit; font-variant-east-asian: inherit; font-stretch: inherit; line-height: inherit; vertical-align: baseline;\" data-section=\"AliPostDhMb-jeidn\" data-section-title=\"Related Products\">\r\n<div id=\"ali-title-AliPostDhMb-jeidn\" style=\"box-sizing: border-box; margin: 0px; padding: 8px 0px; border-width: 0px 0px 1px; border-image: initial; font: inherit; vertical-align: baseline; border-color: initial initial #dddddd initial; border-style: initial initial solid initial;\"><span style=\"box-sizing: border-box; margin: 0px; padding: 8px 10px; border: 0px; font-style: inherit; font-variant: inherit; font-weight: bold; font-stretch: inherit; font-size: inherit; line-height: 12px; font-family: inherit; vertical-align: baseline; background-color: #dddddd;\"><span style=\"box-sizing: border-box; vertical-align: inherit;\">Nh&#x1eef;ng s&#x1ea3;m ph&#x1ea9;m t&#x1b0;&#x1a1;ng t&#x1ef1;</span></span></div>\r\n<div style=\"box-sizing: border-box; margin: 0px; padding: 10px 0px; border: 0px; font: inherit; vertical-align: baseline;\">\r\n<p style=\"box-sizing: border-box; font: inherit; margin: 0px; padding: 0px; border: 0px; vertical-align: baseline;\"><img style=\"box-sizing: border-box; border: 0px; margin: 0px; padding: 0px; font-style: inherit; font-variant: inherit; font-weight: inherit; font-stretch: inherit; font-size: 0px; line-height: inherit; font-family: inherit; vertical-align: middle; color: transparent; max-width: 750px; width: 750px; height: 500px;\" src=\"https://b2b.daisan.vn/site/upload/caches/1624682645_c8fa89e1314f256245e531b285605d49.jpg\" alt=\"20x30 Grey Glazed Porcelain Bathroom Wooden Ceramic Wall tile\" width=\"750\" height=\"500\" data-src=\"//sc02.alicdn.com/kf/HTB1gXWcI1SSBuNjy0Flq6zBpVXa9/233002329/HTB1gXWcI1SSBuNjy0Flq6zBpVXa9.jpg\" data-alt=\"20x30 Grey Glazed Porcelain Bathroom Wooden Ceramic Wall tile\"></p>\r\n<p style=\"box-sizing: border-box; font: inherit; margin: 0px; padding: 0px; border: 0px; vertical-align: baseline;\">&#xa0;</p>\r\n<p style=\"box-sizing: border-box; font: inherit; margin: 0px; padding: 0px; border: 0px; vertical-align: baseline;\"><img style=\"box-sizing: border-box; border: 0px; margin: 0px; padding: 0px; font-style: inherit; font-variant: inherit; font-weight: inherit; font-stretch: inherit; font-size: 0px; line-height: inherit; font-family: inherit; vertical-align: middle; color: transparent; max-width: 750px; width: 750px; height: 500px;\" src=\"https://b2b.daisan.vn/site/upload/caches/1624682646_1585f3bfc1a1e6a9d743f727014dae71.jpg\" alt=\"20x30 Grey Glazed Porcelain Bathroom Wooden Ceramic Wall tile\" width=\"750\" height=\"500\" data-src=\"//sc02.alicdn.com/kf/HTB1Sb0XcNtnkeRjSZSgq6xAuXXaT/233002329/HTB1Sb0XcNtnkeRjSZSgq6xAuXXaT.jpg\" data-alt=\"20x30 Grey Glazed Porcelain Bathroom Wooden Ceramic Wall tile\"></p>\r\n<p style=\"box-sizing: border-box; font: inherit; margin: 0px; padding: 0px; border: 0px; vertical-align: baseline;\">&#xa0;</p>\r\n<p style=\"box-sizing: border-box; font: inherit; margin: 0px; padding: 0px; border: 0px; vertical-align: baseline;\"><img style=\"box-sizing: border-box; border: 0px; margin: 0px; padding: 0px; font-style: inherit; font-variant: inherit; font-weight: inherit; font-stretch: inherit; font-size: 0px; line-height: inherit; font-family: inherit; vertical-align: middle; color: transparent; max-width: 750px; width: 750px; height: 500px;\" src=\"https://b2b.daisan.vn/site/upload/caches/1624682648_b982471c6710bb43600204830ca8c667.jpg\" alt=\"20x30 Grey Glazed Porcelain Bathroom Wooden Ceramic Wall tile\" width=\"750\" height=\"500\" data-src=\"//sc02.alicdn.com/kf/HTB1jYVBmz7nBKNjSZLeq6zxCFXa2/233002329/HTB1jYVBmz7nBKNjSZLeq6zxCFXa2.jpg\" data-alt=\"20x30 Grey Glazed Porcelain Bathroom Wooden Ceramic Wall tile\"></p>\r\n<p style=\"box-sizing: border-box; font: inherit; margin: 0px; padding: 0px; border: 0px; vertical-align: baseline;\">&#xa0;</p>\r\n<p style=\"box-sizing: border-box; font: inherit; margin: 0px; padding: 0px; border: 0px; vertical-align: baseline;\"><img style=\"box-sizing: border-box; border: 0px; margin: 0px; padding: 0px; font-style: inherit; font-variant: inherit; font-weight: inherit; font-stretch: inherit; font-size: 0px; line-height: inherit; font-family: inherit; vertical-align: middle; color: transparent; max-width: 750px; width: 750px; height: 500px;\" src=\"https://b2b.daisan.vn/site/upload/caches/1624682650_a0194a7cb6c7dc851648f3fc1def4da6.jpg\" alt=\"20x30 Grey Glazed Porcelain Bathroom Wooden Ceramic Wall tile\" width=\"750\" height=\"500\" data-src=\"//sc01.alicdn.com/kf/HTB1NdxqI3mTBuNjy1Xbq6yMrVXaK/233002329/HTB1NdxqI3mTBuNjy1Xbq6yMrVXaK.jpg\" data-alt=\"20x30 Grey Glazed Porcelain Bathroom Wooden Ceramic Wall tile\"></p>\r\n<p style=\"box-sizing: border-box; font: inherit; margin: 0px; padding: 0px; border: 0px; vertical-align: baseline;\">&#xa0;</p>\r\n<p style=\"box-sizing: border-box; font: inherit; margin: 0px; padding: 0px; border: 0px; vertical-align: baseline;\"><img style=\"box-sizing: border-box; border: 0px; margin: 0px; padding: 0px; font-style: inherit; font-variant: inherit; font-weight: inherit; font-stretch: inherit; font-size: 0px; line-height: inherit; font-family: inherit; vertical-align: middle; color: transparent; max-width: 750px; width: 750px; height: 500px;\" src=\"https://b2b.daisan.vn/site/upload/caches/1624682653_44a49f9f21d4eedd3d76d4f56a2045d5.jpg\" alt=\"20x30 Grey Glazed Porcelain Bathroom Wooden Ceramic Wall tile\" width=\"750\" height=\"500\" data-src=\"//sc01.alicdn.com/kf/HTB1ne02IY5YBuNjSspoq6zeNFXaz/233002329/HTB1ne02IY5YBuNjSspoq6zeNFXaz.jpg\" data-alt=\"20x30 Grey Glazed Porcelain Bathroom Wooden Ceramic Wall tile\"></p>\r\n</div>\r\n</div>\r\n<div id=\"ali-anchor-AliPostDhMb-bgy7v\" style=\"box-sizing: border-box; margin: 0px; padding: 8px 0px 0px; border: 0px; font-variant-numeric: inherit; font-variant-east-asian: inherit; font-stretch: inherit; line-height: inherit; vertical-align: baseline;\" data-section=\"AliPostDhMb-bgy7v\" data-section-title=\"Certifications\">\r\n<div id=\"ali-title-AliPostDhMb-bgy7v\" style=\"box-sizing: border-box; margin: 0px; padding: 8px 0px; border-width: 0px 0px 1px; border-image: initial; font: inherit; vertical-align: baseline; border-color: initial initial #dddddd initial; border-style: initial initial solid initial;\"><span style=\"box-sizing: border-box; margin: 0px; padding: 8px 10px; border: 0px; font-style: inherit; font-variant: inherit; font-weight: bold; font-stretch: inherit; font-size: inherit; line-height: 12px; font-family: inherit; vertical-align: baseline; background-color: #dddddd;\"><span style=\"box-sizing: border-box; vertical-align: inherit;\">Ch&#x1ee9;ng ch&#x1ec9;</span></span></div>\r\n<div style=\"box-sizing: border-box; margin: 0px; padding: 10px 0px; border: 0px; font: inherit; vertical-align: baseline;\">\r\n<p style=\"box-sizing: border-box; font: inherit; margin: 0px; padding: 0px; border: 0px; vertical-align: baseline;\"><img style=\"box-sizing: border-box; border: 0px; margin: 0px; padding: 0px; font-style: inherit; font-variant: inherit; font-weight: inherit; font-stretch: inherit; font-size: 0px; line-height: inherit; font-family: inherit; vertical-align: middle; color: transparent; max-width: 750px; width: 750px; height: 970px;\" src=\"https://b2b.daisan.vn/site/upload/caches/1624682654_7db4064332f66519bd82b61f01d6cea3.jpg\" alt=\"20x30 Grey Glazed Porcelain Bathroom Wooden Ceramic Wall tile\" width=\"750\" height=\"970\" data-src=\"//sc02.alicdn.com/kf/HTB1UCiUpHSYBuNjSspfq6AZCpXaG/233002329/HTB1UCiUpHSYBuNjSspfq6AZCpXaG.jpg\" data-alt=\"20x30 Grey Glazed Porcelain Bathroom Wooden Ceramic Wall tile\"></p>\r\n</div>\r\n</div>\r\n<div id=\"ali-anchor-AliPostDhMb-mav1q\" style=\"box-sizing: border-box; margin: 0px; padding: 8px 0px 0px; border: 0px; font-variant-numeric: inherit; font-variant-east-asian: inherit; font-stretch: inherit; line-height: inherit; vertical-align: baseline;\" data-section=\"AliPostDhMb-mav1q\" data-section-title=\"Technical Data\">\r\n<div id=\"ali-title-AliPostDhMb-mav1q\" style=\"box-sizing: border-box; margin: 0px; padding: 8px 0px; border-width: 0px 0px 1px; border-image: initial; font: inherit; vertical-align: baseline; border-color: initial initial #dddddd initial; border-style: initial initial solid initial;\"><span style=\"box-sizing: border-box; margin: 0px; padding: 8px 10px; border: 0px; font-style: inherit; font-variant: inherit; font-weight: bold; font-stretch: inherit; font-size: inherit; line-height: 12px; font-family: inherit; vertical-align: baseline; background-color: #dddddd;\"><span style=\"box-sizing: border-box; vertical-align: inherit;\">Th&#xf4;ng s&#x1ed1; k&#x1ef9; thu&#x1ead;t</span></span></div>\r\n<div style=\"box-sizing: border-box; margin: 0px; padding: 10px 0px; border: 0px; font: inherit; vertical-align: baseline;\">&#xa0;<img style=\"box-sizing: border-box; border: 0px; margin: 0px; padding: 0px; font-style: inherit; font-variant: inherit; font-weight: inherit; font-stretch: inherit; font-size: 0px; line-height: inherit; font-family: inherit; vertical-align: middle; color: transparent; max-width: 750px; width: 750px; height: 750px;\" src=\"https://b2b.daisan.vn/site/upload/caches/1624682656_54cff3f47f6b15ad718ad252bd0f4414.jpg\" alt=\"20x30 Grey Glazed Porcelain Bathroom Wooden Ceramic Wall tile\" width=\"750\" height=\"750\" data-src=\"//sc01.alicdn.com/kf/HTB1HMredP7nBKNjSZLeq6zxCFXal/233002329/HTB1HMredP7nBKNjSZLeq6zxCFXal.jpg\" data-alt=\"20x30 Grey Glazed Porcelain Bathroom Wooden Ceramic Wall tile\"></div>\r\n</div>\r\n<div id=\"ali-anchor-AliPostDhMb-tmgdv\" style=\"box-sizing: border-box; margin: 0px; padding: 8px 0px 0px; border: 0px; font-variant-numeric: inherit; font-variant-east-asian: inherit; font-stretch: inherit; line-height: inherit; vertical-align: baseline;\" data-section=\"AliPostDhMb-tmgdv\" data-section-title=\"Company Information\">\r\n<div id=\"ali-title-AliPostDhMb-tmgdv\" style=\"box-sizing: border-box; margin: 0px; padding: 8px 0px; border-width: 0px 0px 1px; border-image: initial; font: inherit; vertical-align: baseline; border-color: initial initial #dddddd initial; border-style: initial initial solid initial;\"><span style=\"box-sizing: border-box; margin: 0px; padding: 8px 10px; border: 0px; font-style: inherit; font-variant: inherit; font-weight: bold; font-stretch: inherit; font-size: inherit; line-height: 12px; font-family: inherit; vertical-align: baseline; background-color: #dddddd;\"><span style=\"box-sizing: border-box; vertical-align: inherit;\">Th&#xf4;ng tin c&#xf4;ng ty</span></span></div>\r\n<div style=\"box-sizing: border-box; margin: 0px; padding: 10px 0px; border: 0px; font: inherit; vertical-align: baseline;\">\r\n<p style=\"box-sizing: border-box; font: inherit; margin: 0px; padding: 0px; border: 0px; vertical-align: baseline;\"><span style=\"box-sizing: border-box; margin: 0px; padding: 0px; border: 0px; font-style: inherit; font-variant: inherit; font-weight: inherit; font-stretch: inherit; font-size: 16px; line-height: 24px; font-family: &apos;times new roman&apos;, times; vertical-align: baseline;\"><span style=\"box-sizing: border-box; vertical-align: inherit;\"><span style=\"box-sizing: border-box; vertical-align: inherit;\">Ph&#xfa;c Ch&#xe2;u Wan Guo Tong C&#xf4;ng ty TNHH Xu&#x1ea5;t nh&#x1ead;p kh&#x1ea9;u.&#xa0;</span><span style=\"box-sizing: border-box; vertical-align: inherit;\">v&#xe0; Minqing Jiamei Ceramic Co., Ltd. l&#xe0; ng&#xe0;nh c&#xf4;ng nghi&#x1ec7;p v&#xe0; t&#x1ed5; ch&#x1ee9;c c&#xf4;ng &#x111;o&#xe0;n chuy&#xea;n v&#x1ec1; g&#x1ea1;ch men.&#xa0;</span><span style=\"box-sizing: border-box; vertical-align: inherit;\">Ch&#xfa;ng t&#xf4;i nh&#x1ea5;n m&#x1ea1;nh v&#xe0;o &quot;T&#xed;n d&#x1ee5;ng t&#x1ed1;t, d&#x1ecb;ch v&#x1ee5; t&#x1ed1;t, ch&#x1ea5;t l&#x1b0;&#x1ee3;ng t&#x1ed1;t&quot;.</span></span></span></p>\r\n<p style=\"box-sizing: border-box; font-size: 14px; line-height: normal; margin: 0px; font-weight: inherit; padding: 0px; border: 0px; font-style: inherit; font-variant: inherit; font-stretch: inherit; font-family: &apos;Times New Roman&apos;; vertical-align: baseline;\"><span style=\"box-sizing: border-box; font-weight: bold;\"><span style=\"box-sizing: border-box; margin: 0px; padding: 0px; border: 0px; font-style: inherit; font-variant: inherit; font-weight: inherit; font-stretch: inherit; font-size: 24px; line-height: 36px; font-family: &apos;times new roman&apos;, times; vertical-align: baseline;\">Ph&#xf2;ng tr&#x1b0;ng b&#xe0;y:</span></span></p>\r\n<p style=\"box-sizing: border-box; font-size: 14px; line-height: normal; margin: 0px; font-weight: inherit; padding: 0px; border: 0px; font-style: inherit; font-variant: inherit; font-stretch: inherit; font-family: &apos;Times New Roman&apos;; vertical-align: baseline;\"><span style=\"box-sizing: border-box; font-weight: bold;\"><span style=\"box-sizing: border-box; margin: 0px; padding: 0px; border: 0px; font-style: inherit; font-variant: inherit; font-weight: inherit; font-stretch: inherit; font-size: 24px; line-height: 36px; font-family: &apos;times new roman&apos;, times; vertical-align: baseline;\"><img style=\"box-sizing: border-box; border: 0px; margin: 0px; padding: 0px; font-style: inherit; font-variant: inherit; font-weight: inherit; font-stretch: inherit; font-size: 0px; line-height: inherit; font-family: inherit; vertical-align: middle; color: transparent; max-width: 750px; width: 750px; height: 750px;\" src=\"https://b2b.daisan.vn/site/upload/caches/1624682658_171abce6f5e9cd08eea3f25c2ff8c07a.jpg\" width=\"750\" height=\"750\" data-src=\"//sc01.alicdn.com/kf/HTB1BAtEnsyYBuNkSnfoq6AWgVXaU/233002329/HTB1BAtEnsyYBuNkSnfoq6AWgVXaU.jpg\"></span></span></p>\r\n<p style=\"box-sizing: border-box; font-size: 14px; line-height: normal; margin: 0px; font-weight: inherit; padding: 0px; border: 0px; font-style: inherit; font-variant: inherit; font-stretch: inherit; font-family: &apos;Times New Roman&apos;; vertical-align: baseline;\"><span style=\"box-sizing: border-box; font-weight: bold;\"><span style=\"box-sizing: border-box; margin: 0px; padding: 0px; border: 0px; font-style: inherit; font-variant: inherit; font-weight: inherit; font-stretch: inherit; font-size: 24px; line-height: 36px; font-family: &apos;times new roman&apos;, times; vertical-align: baseline;\">D&#xe2;y chuy&#x1ec1;n s&#x1ea3;n xu&#x1ea5;t:</span></span></p>\r\n<p style=\"box-sizing: border-box; font-size: 14px; line-height: normal; margin: 0px; font-weight: inherit; padding: 0px; border: 0px; font-style: inherit; font-variant: inherit; font-stretch: inherit; font-family: &apos;Times New Roman&apos;; vertical-align: baseline;\"><span style=\"box-sizing: border-box; font-weight: bold;\"><span style=\"box-sizing: border-box; margin: 0px; padding: 0px; border: 0px; font-style: inherit; font-variant: inherit; font-weight: inherit; font-stretch: inherit; font-size: 24px; line-height: 36px; font-family: &apos;times new roman&apos;, times; vertical-align: baseline;\"><img style=\"box-sizing: border-box; border: 0px; margin: 0px; padding: 0px; font-style: inherit; font-variant: inherit; font-weight: inherit; font-stretch: inherit; font-size: 0px; line-height: inherit; font-family: inherit; vertical-align: middle; color: transparent; max-width: 750px; width: 750px; height: 750px;\" src=\"https://b2b.daisan.vn/site/upload/caches/1624682660_f447ba0e1ab386833ca88df9890b14ab.jpg\" width=\"750\" height=\"750\" data-src=\"//sc01.alicdn.com/kf/HTB16BwAhDqWBKNjSZFAq6ynSpXa2/233002329/HTB16BwAhDqWBKNjSZFAq6ynSpXa2.jpg\"></span></span></p>\r\n</div>\r\n</div>\r\n</div>\r\n</div>\r\n</div>\r\n</div>\n                                                    </div>\n                    </div>",
	"supplier": "DAISAN",
	"url_supplier": "https://b2b.daisan.vn"
}