{
	"url": "https://b2b.daisan.vn/gach-op-chan-tuong-tasa-600x860mm-8682-192614.html",
	"title": "Gạch ốp chân tường Tasa 600x860mm 8682",
	"description": "Bảo vệ cho sản phẩm này\n                                    \n                                        Giao hàng qua Daisan Logistics\n                                        \n                                        Dự kiến ​​đơn hàng của bạn sẽ được giao trước ngày dự kiến ​​hoặc nhận khoản bồi thường chậm trễ 10%\n                                    \n                                    \n                                        Thanh toán an toàn\n\n                                        \n                                        Mọi khoản thanh toán bạn thực hiện trên Daisan.vn đều được ...\n                                    \n                                    \n                                        Chính sách hoàn tiền\n\n                                        \n                                        Yêu cầu hoàn lại tiền nếu đơn đặt hàng của bạn không được vận chuyển, bị thiếu hoặc giao đến có vấn đề về sản phẩm",
	"price": "80000",
	"sku": "DAISAN_GCH_1427",
	"thumbnail": "https://b2b.daisan.vn/site/upload/pages/16246/1538994542_9afdb01339ef137ea2f3fb1aa64a9024.jpeg",
	"images": [
		"https://b2b.daisan.vn/site/upload/pages/16246/1538994542_9afdb01339ef137ea2f3fb1aa64a9024.jpeg",
		"https://b2b.daisan.vn/site/upload/pages/16246/1539051440_9afdb01339ef137ea2f3fb1aa64a9024.jpeg",
		"https://b2b.daisan.vn/site/upload/pages/16246/1538993338_9afdb01339ef137ea2f3fb1aa64a9024.jpeg",
		"https://b2b.daisan.vn/site/upload/pages/16246/1538991118_9afdb01339ef137ea2f3fb1aa64a9024.jpeg",
		"https://b2b.daisan.vn/site/upload/pages/16246/1539051413_9afdb01339ef137ea2f3fb1aa64a9024.jpeg",
		"https://b2b.daisan.vn/site/upload/pages/16246/1538993312_9afdb01339ef137ea2f3fb1aa64a9024.jpeg",
		"https://b2b.daisan.vn/site/upload/pages/16246/1538991092_9afdb01339ef137ea2f3fb1aa64a9024.jpeg",
		"https://b2b.daisan.vn/site/upload/pages/16246/1539051131_9afdb01339ef137ea2f3fb1aa64a9024.jpeg",
		"https://b2b.daisan.vn/site/upload/pages/16246/1538993284_9afdb01339ef137ea2f3fb1aa64a9024.jpeg",
		"https://b2b.daisan.vn/site/upload/pages/16246/1538990995_9afdb01339ef137ea2f3fb1aa64a9024.jpeg",
		"https://b2b.daisan.vn/site/upload/pages/16246/1539051003_9afdb01339ef137ea2f3fb1aa64a9024.jpeg",
		"https://b2b.daisan.vn/site/upload/pages/16246/1538993254_9afdb01339ef137ea2f3fb1aa64a9024.jpeg",
		"https://b2b.daisan.vn/site/upload/pages/16246/1538990867_9afdb01339ef137ea2f3fb1aa64a9024.jpeg",
		"https://b2b.daisan.vn/site/upload/pages/16246/1538990729_9afdb01339ef137ea2f3fb1aa64a9024.jpeg",
		"https://b2b.daisan.vn/site/upload/pages/16246/1539050948_9afdb01339ef137ea2f3fb1aa64a9024.jpeg",
		"https://b2b.daisan.vn/site/upload/pages/16246/1538993217_9afdb01339ef137ea2f3fb1aa64a9024.jpeg"
	],
	"content": "\n<style>\nfont-family: 'Segoe UI', Arial, sans-serif;\n    background: #fff;\n    color: #222;\n    padding: 20px;\n    max-width: 900px;\n    margin: 0 auto;\n    line-height: 1.6;\n</style>\n<div class=\"unknown-content-root\">\n                        <h3 id=\"more-detail\">M&#xf4; t&#x1ea3; s&#x1ea3;n ph&#x1ea9;m t&#x1eeb; nh&#xe0; cung c&#x1ea5;p</h3>\n                        <div class=\"description-info pb-2\">\n                            <h3>M&#xf4; t&#x1ea3; s&#x1ea3;n ph&#x1ea9;m</h3>\n                            <p><span style=\"font-size: 14px;\"><strong>G&#x1ea1;ch &#x1ed1;p ch&#xe2;n t&#x1b0;&#x1edd;ng Tasa 600x860mm 8682&#xa0;</strong>ph&#xf9; h&#x1ee3;p v&#x1edb;i h&#x1ea7;u h&#x1ebf;t c&#xe1;c thi&#x1ebf;t k&#x1ebf;<strong>&#xa0;</strong>N&#x1ed9;i - Ngo&#x1ea1;i Th&#x1ea5;t v&#xe0; c&#xf4;ng tr&#xec;nh x&#xe2;y d&#x1ef1;ng t&#x1eeb; s&#xe0;n trong nh&#xe0; v&#x1ec7; sinh,nh&#xe0; b&#x1ebf;p c&#x169;ng nh&#x1b0; c&#xe1;c &#x111;&#x1b0;&#x1edd;ng d&#x1ea1;o,s&#xe2;n,&#x111;&#x1b0;&#x1edd;ng cho &#xf4; t&#xf4;....c&#xe1;c s&#x1ea3;n ph&#x1ea9;m&#xa0;<strong>G&#x1ea1;ch &#x1ed0;p L&#xe1;t TASA&#xa0;</strong>t&#x1ea1;o ra m&#x1ed9;t phong c&#xe1;ch ri&#xea;ng &#x111;&#x1ed9;c &#x111;&#xe1;o cho t&#x1eeb;ng c&#xf4;ng tr&#xec;nh v&#x1edb;i c&#xe1;c t&#xed;nh n&#x103;ng n&#x1ed5;i b&#x1ead;t</span></p>\r\n<h2><span style=\"font-size: 14px;\"><strong>Th&#xf4;ng S&#x1ed1; K&#x1ef9; Thu&#x1ead;t G&#x1ea1;ch 60x86 TASA 8682</strong></span></h2>\r\n<ul>\r\n<li><span style=\"font-size: 14px;\">Ch&#x1ee7;ng Lo&#x1ea1;i :&#xa0;<strong>G&#x1ea1;ch &#x1ed0;p TASA</strong></span></li>\r\n<li><span style=\"font-size: 14px;\">M&#xe3; S&#x1ea3;n Ph&#x1ea9;m :<strong>&#xa0;TASA 8682</strong></span></li>\r\n<li><span style=\"font-size: 14px;\">S&#x1ea3;n xu&#x1ea5;t t&#x1ea1;i:<strong>&#xa0;</strong>Vi&#x1ec7;t Nam</span></li>\r\n<li><span style=\"font-size: 14px;\">K&#xed;ch th&#x1b0;&#x1edb;c : 600x860 mm</span></li>\r\n<li><span style=\"font-size: 14px;\">Lo&#x1ea1;i : A1</span></li>\r\n<li><span style=\"font-size: 14px;\">Ch&#x1ea5;t Li&#x1ec7;u : Ceramic Men</span></li>\r\n<li><span style=\"font-size: 14px;\">&#x110;&#x1a1;n v&#x1ecb; t&#xed;nh : Vi&#xea;n</span></li>\r\n</ul>\r\n<p style=\"text-align: center;\"><span style=\"font-size: 14px;\"><img src=\"https://b2b.daisan.vn/site/upload/pages/16246/1538994542_9afdb01339ef137ea2f3fb1aa64a9024.jpeg\" alt=\"0\" width=\"400\"></span></p>\r\n<h2><span style=\"font-size: 14px;\"><strong>&#x110;&#x1eb7;c &#x110;i&#x1ec3;m C&#x1ee7;a G&#x1ea1;ch &#x1ed0;p 600x860 TASA 8682</strong></span></h2>\r\n<ul>\r\n<li><span style=\"font-size: 14px;\"><strong>G&#x1ea1;ch&#xa0;TASA 8682&#xa0;</strong>ph&#xf9; h&#x1ee3;p v&#x1edb;i h&#x1ea7;u h&#x1ebf;t c&#xe1;c thi&#x1ebf;t k&#x1ebf;<strong>&#xa0;</strong>N&#x1ed9;i - Ngo&#x1ea1;i Th&#x1ea5;t v&#xe0; c&#xf4;ng tr&#xec;nh x&#xe2;y d&#x1ef1;ng t&#x1eeb; s&#xe0;n trong nh&#xe0; v&#x1ec7; sinh,nh&#xe0; b&#x1ebf;p c&#x169;ng nh&#x1b0; c&#xe1;c &#x111;&#x1b0;&#x1edd;ng d&#x1ea1;o,s&#xe2;n,&#x111;&#x1b0;&#x1edd;ng cho &#xf4; t&#xf4;....c&#xe1;c s&#x1ea3;n ph&#x1ea9;m&#xa0;<strong>G&#x1ea1;ch &#x1ed0;p L&#xe1;t TASA&#xa0;</strong>t&#x1ea1;o ra m&#x1ed9;t phong c&#xe1;ch ri&#xea;ng &#x111;&#x1ed9;c &#x111;&#xe1;o cho t&#x1eeb;ng c&#xf4;ng tr&#xec;nh v&#x1edb;i c&#xe1;c t&#xed;nh n&#x103;ng n&#x1ed5;i b&#x1ead;t</span></li>\r\n<li><span style=\"font-size: 14px;\">N&#xea;n s&#x1eed; d&#x1ee5;ng&#xa0;<strong>G&#x1ea1;ch 600x860 TASA 8682&#xa0;</strong>Lo&#x1ea1;i A1 &#x111;&#x1ec3; thi c&#xf4;ng</span></li>\r\n<li><span style=\"font-size: 14px;\"><strong>G&#x1ea1;ch &#x1ed0;p TASA&#xa0;8682&#xa0;</strong>c&#xf3; &#x111;&#x1ed9; b&#x1ec1;n m&#xe0;u cao,&#x111;&#x1b0;&#x1ee3;c s&#x1ea3;n xu&#x1ea5;t tr&#xea;n quy tr&#xec;nh ki&#x1ec3;m &#x111;&#x1ecb;nh nghi&#xea;m ng&#x1eb7;t qua c&#xe1;c kh&#xe2;u trong qu&#xe1; tr&#xec;nh s&#x1ea3;n xu&#x1ea5;t t&#x1eeb; l&#x1ef1;a ch&#x1ecd;n nguy&#xea;n li&#x1ec7;u l&#xe0;m x&#x1b0;&#x1a1;ng g&#x1ea1;ch cho t&#x1edb;i tr&#xe1;ng men th&#xe0;nh ph&#x1ea9;m.</span></li>\r\n<li><span style=\"font-size: 14px;\">M&#xe0;u s&#x1eaf;c<strong>&#xa0;G&#x1ea1;ch 60x86 TASA&#xa0;8682&#xa0;</strong>sang tr&#x1ecd;ng hi&#x1ec7;n &#x111;&#x1ea1;i &#x111;&#x1b0;&#x1ee3;c nghi&#xea;n c&#x1ee9;u b&#x1edf;i c&#xe1;c chuy&#xea;n gia trong v&#xe0; ngo&#xe0;i n&#x1b0;&#x1edb;c</span></li>\r\n<li><span style=\"font-size: 14px;\">C&#xf4;ng Ngh&#x1ec7; s&#x1ea3;n xu&#x1ea5;t ti&#xea;n ti&#x1ebf;n c&#x1ee7;a T&#xe2;y Ban Nha hi&#x1ec7;n &#x111;&#x1ea1;i nh&#x1ea5;t th&#x1ebf; gi&#x1edb;i t&#x1ea1;o ra c&#xe1;c s&#x1ea3;n ph&#x1ea9;m c&#xf3; &#x111;&#x1ed9; chu&#x1ea9;n x&#xe1;c cao nh&#x1ea5;t.</span></li>\r\n<li><span style=\"font-size: 14px;\"><strong>G&#x1ea1;ch &#x1ed0;p&#xa0;60x86&#xa0;TASA&#xa0;8682&#xa0;</strong>s&#x1ebd; kh&#xf4;ng b&#x1ecb; b&#xe1;m b&#x1ea9;n.Do s&#x1ea3;n ph&#x1ea9;m &#x111;&#x1b0;&#x1ee3;c nung tr&#xea;n nhi&#x1ec7;t &#x111;&#x1ed9; 1200 &#x111;&#x1ed9; C&#xa0;n&#xea;n h&#x1ea7;u nh&#x1b0; kh&#xf4;ng h&#xfa;t n&#x1b0;&#x1edb;c. V&#xe0; khi th&#x1ef1;c nghi&#x1ec7;m ng&#xe2;m trong n&#x1b0;&#x1edb;c 24h, th&#x1ea5;y &#x111;&#x1ed9; h&#xfa;t n&#x1b0;&#x1edb;c l&#xe0; d&#x1b0;&#x1edb;i 3 % th&#x1ead;t l&#xe0; tuy&#x1ec7;t v&#x1edd;i.</span></li>\r\n<li><span style=\"font-size: 14px;\"><strong>G&#x1ea1;ch&#xa0;&#x1ed0;p&#xa0;L&#xe1;t&#xa0;60x86&#xa0;TASA&#xa0;8682&#xa0;</strong>c&#xf3; th&#x1ec3; ch&#x1ed1;ng ch&#x1ecb;u d&#x1b0;&#x1edb;i m&#x1ecd;i m&#xf4;i tr&#x1b0;&#x1edd;ng. &#x110;&#x1eb7;c bi&#x1ec7;t l&#xe0; m&#x1b0;a acid,&#xa0;tia t&#x1eed; ngo&#x1ea1;i, kh&#xf4;ng kh&#xed; &#xf4; nhi&#x1ec5;m, s&#x1ef1; m&#xe0;i m&#xf2;n, l&#x1eed;a....</span></li>\r\n<li><span style=\"font-size: 14px;\"><strong>G&#x1ea1;ch&#xa0;&#x1ed0;p&#xa0;T&#x1b0;&#x1edd;ng&#xa0;60x86&#xa0;TASA&#xa0;8682&#xa0;</strong>ch&#x1ed1;ng &#x1ea9;m m&#x1ed1;c c&#x1ef1;c k&#x1ef3; t&#x1ed1;t. B&#x1edf;i kh&#xed; h&#x1ead;u n&#xf3;ng &#x1ea9;m c&#x1ee7;a Vi&#x1ec7;t nam r&#x1ea5;t thu&#x1ead;n l&#x1ee3;i cho &#x1ea9;m m&#x1ed1;c ph&#xe1;t tri&#x1ec3;n v&#xe0; sinh s&#xf4;i. N&#x1ebf;u nh&#x1b0; lo&#x1ea1;i g&#x1ea1;ch trang tr&#xed; cho ng&#x1ed3;i nh&#xe0; c&#x1ee7;a b&#x1ea1;n b&#x1ecb; b&#xe1;m r&#xea;u m&#x1ed1;c th&#xec; c&#x1ef1;c k&#x1ef3; &#x1ea3;nh h&#x1b0;&#x1edf;ng &#x111;&#x1ebf;n th&#x1ea9;m m&#x1ef9; c&#x169;ng nh&#x1b0; &#x111;&#x1ed9; b&#x1ec1;n c&#x1ee7;a ng&#xf4;i nh&#xe0;.</span></li>\r\n<li><span style=\"font-size: 14px;\">&#x110;&#x1ec3; m&#x1ea1;ch &#x111;&#x1b0;&#x1ee3;c &#x111;&#x1ec1;u 100% n&#xea;n s&#x1eed; d&#x1ee5;ng&#xa0;Ke nh&#x1ef1;a v&#xe0; Keo d&#xe1;n g&#x1ea1;ch,keo tr&#xe9;t m&#x1ea1;ch&#xa0;&#x111;&#x1ec3; ch&#x1ea5;t l&#x1b0;&#x1ee3;ng &#x111;&#x1b0;&#x1ee3;c ho&#xe0;n h&#x1ea3;o nh&#x1ea5;t</span></li>\r\n<li><span style=\"font-size: 14px;\">M&#xe0;u s&#x1eaf;c tinh t&#x1ebf; s&#x1ed1;ng &#x111;&#x1ed9;ng v&#x1ec1; m&#xe0;u s&#x1eaf;c mang kh&#xf4;ng gian th&#x1b0; gi&#xe3;n</span></li>\r\n<li><span style=\"font-size: 14px;\">Thi&#x1ebf;t k&#x1ebf; thanh l&#x1ecb;ch,hi&#x1ec7;n &#x111;&#x1ea1;i v&#xe0; sang tr&#x1ecd;ng mang t&#xed;nh xu h&#x1b0;&#x1edb;ng hi&#x1ec7;n nay.</span></li>\r\n</ul>\n                                                    </div>\n                    </div>",
	"supplier": "DAISAN",
	"url_supplier": "https://b2b.daisan.vn"
}