{
	"url": "https://b2b.daisan.vn/gach-op-lat-eurotile-bst-hoa-da-300*600mm-hod-g03-753266.html",
	"title": "Gạch ốp lát Eurotile BST Hoa Đá 300*600mm HOD-G03",
	"description": "Bảo vệ cho sản phẩm này\n                                    \n                                        Giao hàng qua Daisan Logistics\n                                        \n                                        Dự kiến ​​đơn hàng của bạn sẽ được giao trước ngày dự kiến ​​hoặc nhận khoản bồi thường chậm trễ 10%\n                                    \n                                    \n                                        Thanh toán an toàn\n\n                                        \n                                        Mọi khoản thanh toán bạn thực hiện trên Daisan.vn đều được ...\n                                    \n                                    \n                                        Chính sách hoàn tiền\n\n                                        \n                                        Yêu cầu hoàn lại tiền nếu đơn đặt hàng của bạn không được vận chuyển, bị thiếu hoặc giao đến có vấn đề về sản phẩm",
	"price": "464000",
	"sku": "DAISAN_GCH_5748",
	"thumbnail": "https://b2b.daisan.vn/site/upload/pages/26496/1665118049_9afdb01339ef137ea2f3fb1aa64a9024.jpeg",
	"images": [
		"https://b2b.daisan.vn/site/upload/pages/26496/1665118049_9afdb01339ef137ea2f3fb1aa64a9024.jpeg",
		"https://b2b.daisan.vn/site/upload/pages/26496/1665118083_9afdb01339ef137ea2f3fb1aa64a9024.jpeg",
		"https://b2b.daisan.vn/site/upload/pages/26496/1665118087_9afdb01339ef137ea2f3fb1aa64a9024.jpeg",
		"https://b2b.daisan.vn/site/upload/pages/26496/1665118101_9afdb01339ef137ea2f3fb1aa64a9024.jpeg",
		"https://b2b.daisan.vn/site/upload/pages/26496/1665118105_9afdb01339ef137ea2f3fb1aa64a9024.jpeg",
		"https://b2b.daisan.vn/site/upload/pages/26496/1665477220_9afdb01339ef137ea2f3fb1aa64a9024.jpeg",
		"https://b2b.daisan.vn/site/upload/pages/26496/1665044688_9afdb01339ef137ea2f3fb1aa64a9024.jpeg",
		"https://b2b.daisan.vn/site/upload/pages/26496/1665476946_9afdb01339ef137ea2f3fb1aa64a9024.jpeg",
		"https://b2b.daisan.vn/site/upload/pages/26496/1665043811_9afdb01339ef137ea2f3fb1aa64a9024.jpeg",
		"https://b2b.daisan.vn/site/upload/pages/26496/1665476596_9afdb01339ef137ea2f3fb1aa64a9024.jpeg",
		"https://b2b.daisan.vn/site/upload/pages/26496/1665043610_9afdb01339ef137ea2f3fb1aa64a9024.jpeg",
		"https://b2b.daisan.vn/site/upload/pages/26496/1665463984_9afdb01339ef137ea2f3fb1aa64a9024.jpeg",
		"https://b2b.daisan.vn/site/upload/pages/26496/1665043425_9afdb01339ef137ea2f3fb1aa64a9024.jpeg",
		"https://b2b.daisan.vn/site/upload/pages/26496/1665043220_9afdb01339ef137ea2f3fb1aa64a9024.jpeg",
		"https://b2b.daisan.vn/site/upload/pages/26496/1665463697_9afdb01339ef137ea2f3fb1aa64a9024.jpeg",
		"https://b2b.daisan.vn/site/upload/pages/26496/1665199828_9afdb01339ef137ea2f3fb1aa64a9024.jpeg",
		"https://b2b.daisan.vn/site/upload/pages/26496/1665042693_9afdb01339ef137ea2f3fb1aa64a9024.jpeg",
		"https://b2b.daisan.vn/site/upload/pages/26496/1665199505_9afdb01339ef137ea2f3fb1aa64a9024.jpeg",
		"https://b2b.daisan.vn/site/upload/pages/26496/1665198985_9afdb01339ef137ea2f3fb1aa64a9024.jpeg",
		"https://b2b.daisan.vn/site/upload/pages/26496/1665197437_9afdb01339ef137ea2f3fb1aa64a9024.jpeg"
	],
	"content": "\n<style>\nfont-family: 'Segoe UI', Arial, sans-serif;\n    background: #fff;\n    color: #222;\n    padding: 20px;\n    max-width: 900px;\n    margin: 0 auto;\n    line-height: 1.6;\n</style>\n<div class=\"unknown-content-root\">\n                        <h3 id=\"more-detail\">M&#xf4; t&#x1ea3; s&#x1ea3;n ph&#x1ea9;m t&#x1eeb; nh&#xe0; cung c&#x1ea5;p</h3>\n                        <div class=\"description-info pb-2\">\n                            <h3>M&#xf4; t&#x1ea3; s&#x1ea3;n ph&#x1ea9;m</h3>\n                            <p style=\"box-sizing: border-box; margin: 0px 0px 15px; font-family: Montserrat, sans-serif; font-size: 14px; letter-spacing: 0.25px; background-color: #ffffff; text-align: center;\"><strong>&#xa0;&#xa0;<span style=\"box-sizing: border-box;\">Hoa &#x110;&#xe1; &#x2013; Ngu&#x1ed3;n c&#x1ea3;m h&#x1ee9;ng t&#x1eeb; d&#xf2;ng dung nham n&#xf3;ng ch&#x1ea3;y</span></strong></p>\r\n<p style=\"box-sizing: border-box; margin: 0px 0px 15px; font-family: Montserrat, sans-serif; font-size: 14px; letter-spacing: 0.25px; background-color: #ffffff; text-align: justify;\">Khi ng&#x1ecd;n n&#xfa;i l&#x1eed;a n&#x1ed5;i gi&#x1ead;n, phun ra th&#x1ee9; nham th&#x1ea1;ch cu&#x1ed3;n cu&#x1ed9;n &#x111;&#x1ecf; l&#x1eed;a g&#xe2;y n&#x1ed7;i s&#x1ee3; h&#xe3;i kinh ho&#xe0;ng nh&#x1b0;ng l&#x1ea1; thay n&#xf3; l&#x1ea1;i c&#xf3; v&#x1ebb; &#x111;&#x1eb9;p k&#x1ef3; di&#x1ec7;u c&#x1ee7;a s&#x1ee9;c m&#x1ea1;nh v&#xe0; s&#x1ef1; quy&#x1ebf;t li&#x1ec7;t. D&#xf2;ng dung nham tu&#xf4;n tr&#xe0;o tr&#xf4;ng gi&#x1ed1;ng nh&#x1b0; nh&#x1eef;ng b&#xf4;ng hoa ng&#xe0;y khai n&#x1edf;, r&#x1ef1;c r&#x1ee1; v&#xe0; v&#xf4; c&#xf9;ng m&#x1ea1;nh m&#x1ebd;. H&#xec;nh &#x1ea3;nh &#x111;&#xf3; &#x111;&#xe3; &#x111;&#x1b0;&#x1ee3;c th&#x1ec3; hi&#x1ec7;n b&#x1eb1;ng nh&#x1eef;ng &#x111;&#x1b0;&#x1edd;ng v&#xe2;n t&#xe1;o b&#x1ea1;o tr&#xea;n BST g&#x1ea1;ch men cao c&#x1ea5;p Hoa &#x110;&#xe1;, d&#xf2;ng s&#x1ea3;n ph&#x1ea9;m gi&#xfa;p ng&#x1b0;&#x1edd;i d&#xf9;ng &#x111;&#x1b0;&#x1ee3;c th&#x1b0;&#x1edf;ng th&#x1ee9;c tr&#x1ecd;n v&#x1eb9;n v&#x1ebb; &#x111;&#x1eb9;p &#x111;&#x1ea7;y s&#x1ed1;ng &#x111;&#x1ed9;ng m&#xe0; thi&#xea;n nhi&#xea;n ban t&#x1eb7;ng.</p>\r\n<p style=\"text-align: center;\"><img src=\"https://b2b.daisan.vn/site/upload/media/images/general/1665116545_fd1aa3365c3a613651727ea361dfe832.jpeg\" width=\"600\"></p>\r\n<p style=\"box-sizing: border-box; margin: 0px 0px 15px; font-family: Montserrat, sans-serif; font-size: 14px; letter-spacing: 0.25px; background-color: #ffffff; text-align: center;\"><em style=\"box-sizing: border-box;\">Hoa &#x110;&#xe1; th&#x1ec3; hi&#x1ec7;n v&#x1ebb; &#x111;&#x1eb9;p m&#x1ea1;nh m&#x1ebd;, n&#xf3;ng b&#x1ecf;ng c&#x1ee7;a nh&#x1eef;ng t&#x1ea7;ng dung nham tu&#xf4;n tr&#xe0;o.</em></p>\r\n<p style=\"box-sizing: border-box; margin: 0px 0px 15px; font-family: Montserrat, sans-serif; font-size: 14px; letter-spacing: 0.25px; background-color: #ffffff; text-align: justify;\">N&#x1ebf;u nh&#x1b0; An C&#x1b0;, An Ni&#xea;n hay M&#x1ed9;c Lan mang &#x111;&#x1ebf;n nh&#x1eef;ng c&#x1ea3;m gi&#xe1;c trong tr&#x1ebb;o, nh&#x1eb9; nh&#xe0;ng th&#x1b0; gi&#xe3;n th&#xec; BST Hoa &#x110;&#xe1; l&#x1ea1;i th&#x1ec3; hi&#x1ec7;n cho n&#xe9;t &#x111;&#x1eb9;p c&#xe1; t&#xed;nh v&#x1edb;i nh&#x1eef;ng &#x111;&#x1b0;&#x1edd;ng v&#xe2;n t&#x1ef1; nhi&#xea;n, ph&#xf3;ng kho&#xe1;ng v&#xe0; m&#xe3;nh li&#x1ec7;t. Hoa &#x110;&#xe1; kh&#xf4;ng ch&#x1ec9; k&#xed;ch th&#xed;ch &#xe1;nh nh&#xec;n m&#xe0; b&#x1ec1; m&#x1eb7;t Sugar v&#x1edb;i l&#x1edb;p h&#x1ea1;t s&#x1ea7;n mang &#x111;&#x1ebf;n th&#x1ee9; c&#x1ea3;m x&#xfa;c th&#xf4; r&#xe1;p, m&#x1ed9;c m&#x1ea1;c c&#x1ee7;a &#x111;&#xe1;. &#x110;i&#x1ec1;u n&#xe0;y ph&#xf9; h&#x1ee3;p cho nh&#x1eef;ng t&#xe2;m h&#x1ed3;n y&#xea;u v&#x1ebb; &#x111;&#x1eb9;p ph&#xe1; c&#xe1;ch, th&#xed;ch chinh ph&#x1ee5;c v&#xe0; t&#x1ead;n h&#x1b0;&#x1edf;ng nh&#x1eef;ng &#x111;i&#x1ec1;u m&#x1edb;i m&#x1ebb;, &#x111;&#x1ed9;c &#x111;&#xe1;o.&#xa0;</p>\r\n<h2 style=\"box-sizing: border-box; margin: 0px 0px 15px; font-family: Montserrat, sans-serif; font-size: 14px; letter-spacing: 0.25px; background-color: #ffffff; text-align: justify;\"><span style=\"font-size: 12pt;\"><strong style=\"margin: 0px; padding: 0px; border: 0px; line-height: 1.5em;\">Th&#xf4;ng s&#x1ed1; k&#x1ef9; thu&#x1ead;t c&#x1ee7;a G&#x1ea1;ch &#x1ed1;p l&#xe1;t Eurotile BST Hoa &#x110;&#xe1; 300*600mm HOD-G02</strong></span></h2>\r\n<p style=\"margin: 10px 0px; padding: 0px; border: 0px; line-height: 1.6em; font-size: 14px; font-family: &apos;Open Sans&apos;, sans-serif; vertical-align: baseline; background-color: #ffffff;\"><span style=\"color: #000000; font-family: Montserrat, sans-serif; letter-spacing: 0.25px;\">M&#xe3; s&#x1ea3;n ph&#x1ea9;m: HOD-G02</span><br style=\"box-sizing: border-box; color: #595959; font-family: Montserrat, sans-serif; letter-spacing: 0.25px;\"><span style=\"color: #000000; font-family: Montserrat, sans-serif; letter-spacing: 0.25px;\">K&#xed;ch th&#x1b0;&#x1edb;c: 30 x 60 cm</span><br style=\"box-sizing: border-box; color: #595959; font-family: Montserrat, sans-serif; letter-spacing: 0.25px;\"><span style=\"color: #000000; font-family: Montserrat, sans-serif; letter-spacing: 0.25px;\">Lo&#x1ea1;i g&#x1ea1;ch: Porcelain</span><br style=\"box-sizing: border-box; color: #595959; font-family: Montserrat, sans-serif; letter-spacing: 0.25px;\"><span style=\"color: #000000; font-family: Montserrat, sans-serif; letter-spacing: 0.25px;\">B&#x1ec1; m&#x1eb7;t: Matt, in k&#x1ef9; thu&#x1ead;t s&#x1ed1;, random</span><br style=\"box-sizing: border-box; color: #595959; font-family: Montserrat, sans-serif; letter-spacing: 0.25px;\"><span style=\"color: #000000; font-family: Montserrat, sans-serif; letter-spacing: 0.25px;\">Quy c&#xe1;ch &#x111;&#xf3;ng g&#xf3;i : 08 vi&#xea;n/ h&#x1ed9;p ; 1.44m2/ h&#x1ed9;p</span></p>\r\n<p style=\"margin: 10px 0px; padding: 0px; border: 0px; line-height: 1.6em; font-size: 14px; font-family: &apos;Open Sans&apos;, sans-serif; vertical-align: baseline; background-color: #ffffff; text-align: center;\">&#xa0;</p>\r\n<p style=\"margin: 10px 0px; padding: 0px; border: 0px; line-height: 1.6em; font-size: 14px; font-family: &apos;Open Sans&apos;, sans-serif; vertical-align: baseline; background-color: #ffffff; text-align: center;\"><img src=\"https://b2b.daisan.vn/site/upload/media/images/general/1665118119_4cc37652cc0e2a9bb985b996a0cd5236.jpeg\" alt=\"HOD G03\" width=\"600\"></p>\r\n<h2 style=\"margin: 10px 0px; padding: 0px; border: 0px; line-height: 1.6em; font-size: 14px; font-family: &apos;Open Sans&apos;, sans-serif; vertical-align: baseline; background-color: #ffffff; text-align: left;\"><span style=\"font-size: 12pt;\"><strong>Ph&#x1ed1;i c&#x1ea3;nh s&#x1ea3;n ph&#x1ea9;m</strong></span></h2>\r\n<p style=\"text-align: center;\"><img src=\"https://b2b.daisan.vn/site/upload/media/images/general/1665116655_fd1aa3365c3a613651727ea361dfe832.jpeg\" alt=\"G&#x1ea1;ch &#x1ed1;p l&#xe1;t Eurotile BST Hoa &#x110;&#xe1; 300*600mm HOD-G01\" width=\"600\"></p>\r\n<p style=\"text-align: center;\"><img src=\"https://b2b.daisan.vn/site/upload/media/images/general/1665116761_811de6247c04c08193ee920298a3fcf3.jpeg\" alt=\"G&#x1ea1;ch &#x1ed1;p l&#xe1;t Eurotile BST Hoa &#x110;&#xe1; 300*600mm HOD-G01\" width=\"600\"></p>\r\n<p style=\"text-align: center;\"><img src=\"https://b2b.daisan.vn/site/upload/media/images/general/1665116778_3e1c90c4e0ab0782cf0d60354ca98930.jpeg\" alt=\"G&#x1ea1;ch &#x1ed1;p l&#xe1;t Eurotile BST Hoa &#x110;&#xe1; 300*600mm HOD-G01\" width=\"600\"></p>\r\n<p style=\"text-align: center;\"><img src=\"https://b2b.daisan.vn/site/upload/media/images/general/1665116810_251d15c7ea394c20063d964e01d15649.jpeg\" alt=\"G&#x1ea1;ch &#x1ed1;p l&#xe1;t Eurotile BST Hoa &#x110;&#xe1; 300*600mm HOD-G01\" width=\"600\"></p>\n                                                    </div>\n                    </div>",
	"supplier": "DAISAN",
	"url_supplier": "https://b2b.daisan.vn"
}