{
	"url": "https://b2b.daisan.vn/gach-op-tuong-vitto-men-sugar-chong-tron-xuoc-60x120cm-3632F1-141905.html",
	"title": "Gạch ốp tường Vitto men Sugar chống trơn xước 60x120cm 3632F1",
	"description": "Bảo vệ cho sản phẩm này\n                                    \n                                        Giao hàng qua Daisan Logistics\n                                        \n                                        Dự kiến ​​đơn hàng của bạn sẽ được giao trước ngày dự kiến ​​hoặc nhận khoản bồi thường chậm trễ 10%\n                                    \n                                    \n                                        Thanh toán an toàn\n\n                                        \n                                        Mọi khoản thanh toán bạn thực hiện trên Daisan.vn đều được ...\n                                    \n                                    \n                                        Chính sách hoàn tiền\n\n                                        \n                                        Yêu cầu hoàn lại tiền nếu đơn đặt hàng của bạn không được vận chuyển, bị thiếu hoặc giao đến có vấn đề về sản phẩm",
	"price": "450000",
	"sku": "DAISAN_GCH_4537",
	"thumbnail": "https://b2b.daisan.vn/site/upload/pages/41/1538017794_9afdb01339ef137ea2f3fb1aa64a9024.jpeg",
	"images": [
		"https://b2b.daisan.vn/site/upload/pages/41/1538017794_9afdb01339ef137ea2f3fb1aa64a9024.jpeg",
		"https://b2b.daisan.vn/site/upload/pages/41/1538017898_9afdb01339ef137ea2f3fb1aa64a9024.jpeg",
		"https://b2b.daisan.vn/site/upload/pages/41/1538017967_9afdb01339ef137ea2f3fb1aa64a9024.jpeg",
		"https://b2b.daisan.vn/site/upload/pages/41/1538017998_9afdb01339ef137ea2f3fb1aa64a9024.jpeg",
		"https://b2b.daisan.vn/site/upload/pages/41/1538018056_9afdb01339ef137ea2f3fb1aa64a9024.jpeg",
		"https://b2b.daisan.vn/site/upload/pages/41/1698661497_3891ff41d64420c2f64b88fda91221bb.webp",
		"https://b2b.daisan.vn/site/upload/pages/41/1698756799_4d5dc57d2bebdd348770c3789e7eaea2.webp",
		"https://b2b.daisan.vn/site/upload/pages/41/1698761941_7e2d8fc6bf7b1b1a0ae49c76bf6abc04.webp",
		"https://b2b.daisan.vn/site/upload/pages/41/1698756801_5235ecb5e7716db57baf3c6164bd746a.webp",
		"https://b2b.daisan.vn/site/upload/pages/41/1698762369_8cce3dc18fa77c68f5b87f40b8a01103.webp",
		"https://b2b.daisan.vn/site/upload/pages/41/1698762371_8eaffe020484343e49a5059efb3ee73b.webp",
		"https://b2b.daisan.vn/site/upload/pages/41/1698762370_3951a4115a5108d5020ea9a79a883795.webp",
		"https://b2b.daisan.vn/site/upload/pages/41/1698762372_887d857d0ecf8e26cea0acb4fffeab12.webp",
		"https://b2b.daisan.vn/site/upload/pages/41/1698762377_1fb73038d708b71257473c1b5de7a4aa.webp",
		"https://b2b.daisan.vn/site/upload/pages/41/1698762375_44731e9f47b4cec06138a34bb4438111.webp",
		"https://b2b.daisan.vn/site/upload/pages/41/1698762378_3e48540d5c737a945e1f2a2bf88360be.webp"
	],
	"content": "\n<style>\nfont-family: 'Segoe UI', Arial, sans-serif;\n    background: #fff;\n    color: #222;\n    padding: 20px;\n    max-width: 900px;\n    margin: 0 auto;\n    line-height: 1.6;\n</style>\n<div class=\"unknown-content-root\">\n                        <h3 id=\"more-detail\">M&#xf4; t&#x1ea3; s&#x1ea3;n ph&#x1ea9;m t&#x1eeb; nh&#xe0; cung c&#x1ea5;p</h3>\n                        <div class=\"description-info pb-2\">\n                            <h3>M&#xf4; t&#x1ea3; s&#x1ea3;n ph&#x1ea9;m</h3>\n                            <p>G&#x1ea1;ch &#x1ed1;p l&#xe1;t Granite &#x111;&#x1b0;&#x1ee3;c s&#x1eed; d&#x1ee5;ng &#x111;&#x1ec3; &#x1ed1;p t&#x1b0;&#x1edd;ng, l&#xe1;t n&#x1ec1;n cho m&#x1ecd;i kh&#xf4;ng gian n&#x1ed9;i ngo&#x1ea1;i th&#x1ea5;t t&#x1eeb; d&#xe2;n d&#x1ee5;ng &#x111;&#x1ebf;n sang tr&#x1ecd;ng, ch&#x1ea5;t l&#x1b0;&#x1ee3;ng v&#x1b0;&#x1ee3;t tr&#x1ed9;i.</p>\r\n<p>G&#x1ea1;ch &#x1ed1;p t&#x1b0;&#x1edd;ng VITTO &#x111;a d&#x1ea1;ng v&#x1ec1; m&#xe0;u s&#x1eaf;c, k&#xed;ch c&#x1ee1;, h&#x1ecd;a ti&#x1ebf;t, m&#x1edf; ra nh&#x1eef;ng c&#x1a1; h&#x1ed9;i s&#xe1;ng t&#x1ea1;o cho c&#xe1;c ki&#x1ebf;n tr&#xfa;c s&#x1b0; v&#xe0; gia ch&#x1ee7;.&#xa0;<br>V&#x1edb;i nh&#x1eef;ng nguy&#xea;n li&#x1ec7;u ch&#x1ea5;t l&#x1b0;&#x1ee3;ng t&#x1ed1;t nh&#x1ea5;t v&#xe0; c&#xf4;ng ngh&#x1ec7; hi&#x1ec7;n &#x111;&#x1ea1;i nh&#x1ea5;t, s&#x1ea3;n ph&#x1ea9;m c&#x1ee7;a ch&#xfa;ng t&#xf4;i &#x111;&#x1ea3;m b&#x1ea3;o nh&#x1eef;ng ti&#xea;u chu&#x1ea9;n v&#x1ec1; ch&#x1ea5;t l&#x1b0;&#x1ee3;ng qu&#x1ed1;c t&#x1ebf;.</p>\r\n<p>&#xa0;</p>\r\n<p style=\"text-align: center;\"><img src=\"https://b2b.daisan.vn/site/upload/pages/41/1538017794_9afdb01339ef137ea2f3fb1aa64a9024.jpeg\" alt=\"G&#x1ea1;ch &#x1ed1;p t&#x1b0;&#x1edd;ng Vitto men Sugar ch&#x1ed1;ng tr&#x1a1;n x&#x1b0;&#x1edb;c 60x120cm 3632F1\" width=\"600\"></p>\r\n<p style=\"text-align: center;\"><em>G&#x1ea1;ch &#x1ed1;p t&#x1b0;&#x1edd;ng Vitto men Sugar ch&#x1ed1;ng tr&#x1a1;n x&#x1b0;&#x1edb;c 60x120cm 3632F1</em></p>\r\n<p style=\"text-align: center;\">&#xa0;</p>\r\n<p style=\"color: #492007; font-size: 14px; box-sizing: border-box; margin: 0px 0px 10px; font-family: Roboto, sans-serif; letter-spacing: 0.2px; background-color: #ffffff;\"><span style=\"font-size: 12pt; box-sizing: border-box; font-family: arial, helvetica, sans-serif;\">Khi kh&#xe1;ch h&#xe0;ng &#x111;&#x1b0;&#x1ee3;c tr&#x1ea3;i nghi&#x1ec7;m g&#x1ea1;ch ph&#x1ee7; men sugar, &#x1ea5;n t&#x1b0;&#x1ee3;ng &#x111;&#x1ea7;u ti&#xea;n l&#xe0; s&#x1ef1; kh&#x1eaf;c ph&#x1ee5;c nh&#x1eef;ng &#x111;i&#x1ec3;m y&#x1ebf;u tr&#x1a1;n tr&#x1b0;&#x1ee3;t c&#x169;ng nh&#x1b0; kh&#xf3; t&#x1ea9;y r&#x1eed;a c&#x1ee7;a g&#x1ea1;ch men b&#xf3;ng v&#xe0; men matt. B&#x1edf;i b&#x1ec1; m&#x1eb7;t g&#x1ea1;ch l&#xe0; m&#x1ed9;t l&#x1edb;p lo&#x1ea1;i h&#x1ea1;t th&#x1ee7;y tinh &#x111;&#x1b0;&#x1ee3;c r&#x1eaf;c l&#xea;n, sau khi nung v&#x1edb;i nhi&#x1ec7;t &#x111;&#x1ed9; cao v&#xe0; m&#xe0;i b&#x1ec1; m&#x1eb7;t b&#x1edf;i c&#xe1;c &#x111;&#x1ea7;u m&#xe0;i &#x111;&#x1eb7;c bi&#x1ec7;t t&#x1ea1;o n&#xea;n c&#x1ea5;u tr&#xfa;c b&#x1ec1;n v&#x1eef;ng, &#x111;&#x1ed9; ch&#x1ecb;u m&#xe0;i m&#xf2;n cao g&#x1ea5;p nhi&#x1ec1;u l&#x1ea7;n so v&#x1edb;i g&#x1ea1;ch &#x1ed1;p l&#xe1;t ph&#x1ed5; th&#xf4;ng. Trong khi g&#x1ea1;ch l&#xe1;t men b&#xf3;ng mang l&#x1ea1;i s&#x1ef1; b&#xf3;ng b&#x1ea9;y, sang tr&#x1ecd;ng tuy nhi&#xea;n nh&#x1b0;&#x1ee3;c &#x111;i&#x1ec3;m d&#x1ec5; tr&#x1a1;n tr&#x1b0;&#x1ee3;t v&#xe0; &#x111;&#xf4;i khi &#x111;&#x1ed9; ph&#x1ea3;n x&#x1ea1; &#xe1;nh s&#xe1;ng qu&#xe1; m&#x1ea1;nh khi&#x1ebf;n m&#x1eaf;t ng&#x1b0;&#x1edd;i s&#x1eed; d&#x1ee5;ng kh&#xf3; ch&#x1ecb;u. C&#xf2;n g&#x1ea1;ch men matt t&#x1ea1;o n&#xea;n kh&#xf4;ng gian c&#x1ed5; &#x111;i&#x1ec3;n theo phong c&#xe1;ch T&#xe2;y &#xc2;u nh&#x1b0;ng kh&#xf3; t&#x1ea9;y r&#x1eed;a.</span></p>\r\n<p style=\"color: #492007; font-size: 14px; box-sizing: border-box; margin: 0px 0px 10px; font-family: Roboto, sans-serif; letter-spacing: 0.2px; background-color: #ffffff; text-align: center;\">&#xa0;</p>\r\n<p style=\"color: #492007; font-size: 14px; box-sizing: border-box; margin: 0px 0px 10px; font-family: Roboto, sans-serif; letter-spacing: 0.2px; background-color: #ffffff;\"><span style=\"font-size: 12pt; box-sizing: border-box; font-family: arial, helvetica, sans-serif;\">Th&#xea;m &#x111;i&#x1ec3;m c&#x1ed9;ng b&#x1ec1; m&#x1eb7;t men r&#x1ea5;t c&#x1ee9;ng kh&#xf4;ng tr&#x1ea7;y x&#x1b0;&#x1edb;c khi &#x111;i l&#x1ea1;i, d&#x1ec5; d&#xe0;ng v&#x1ec7; sinh c&#xe1;c v&#x1ebf;t th&#x1ea5;m b&#x1ea9;n tr&#xea;n b&#x1ec1; m&#x1eb7;t n&#xea;n s&#x1ea3;n ph&#x1ea9;m g&#x1ea1;ch n&#xe0;y th&#xed;ch h&#x1ee3;p s&#x1eed; d&#x1ee5;ng &#x111;&#x1ec3; l&#xe1;t &#x1edf; h&#x1ea7;u h&#x1ebf;t c&#xe1;c c&#xf4;ng tr&#xec;nh c&#xf4;ng c&#x1ed9;ng, kh&#xe1;ch s&#x1ea1;n, tr&#x1b0;&#x1edd;ng h&#x1ecd;c, c&#x103;n h&#x1ed9;, nh&#xe0; ph&#x1ed1;, chung c&#x1b0; cao c&#x1ea5;p&#x2026; t&#x1ea1;i nh&#x1eef;ng n&#x1a1;i c&#xf3; m&#x1ead;t &#x111;&#x1ed9; &#x111;i l&#x1ea1;i l&#x1edb;n nh&#x1b0; ph&#xf2;ng kh&#xe1;ch, ph&#xf2;ng h&#x1ecd;p, ph&#xf2;ng l&#xe0;m vi&#x1ec7;c mang l&#x1ea1;i c&#x1ea3;m gi&#xe1;c &#x111;i &#xea;m ch&#xe2;n v&#xe0; an to&#xe0;n.</span></p>\r\n<p style=\"color: #492007; font-size: 14px; box-sizing: border-box; margin: 0px 0px 10px; font-family: Roboto, sans-serif; letter-spacing: 0.2px; background-color: #ffffff;\"><span style=\"font-size: 12pt; box-sizing: border-box; font-family: arial, helvetica, sans-serif;\">L&#xe0;m ph&#xe9;p so s&#xe1;nh v&#x1edb;i s&#x1ea3;n ph&#x1ea9;m g&#x1ea1;ch th&#xf4;ng th&#x1b0;&#x1edd;ng v&#x1ec1; &#x111;&#x1ed9; c&#x1ee9;ng, ch&#x1ecb;u l&#x1ef1;c th&#xec; tr&#xea;n b&#x1ec1; m&#x1eb7;t g&#x1ea1;ch ph&#x1ee7; sugar k&#x1ebf;t qu&#x1ea3; thu nh&#x1ead;n &#x111;&#x1b0;&#x1ee3;c &#x111;&#x1ed9; c&#x1ee9;ng theo thang Mohs &gt;7, t&#x1b0;&#x1a1;ng &#x111;&#x1b0;&#x1a1;ng v&#x1edb;i &#x111;&#xe1; th&#x1ea1;ch anh. &#x110;i&#x1ec1;u n&#xe0;y ch&#x1ee9;ng minh cho &#x111;&#x1ed9; b&#x1ec1;n v&#xe0; s&#x1ee9;c ch&#x1ed1;ng m&#xe0;i m&#xf2;n c&#x1ee7;a g&#x1ea1;ch hi&#x1ec7;u &#x1ee9;ng h&#x1ea1;t &#x111;&#x1b0;&#x1edd;ng.</span></p>\r\n<p style=\"color: #492007; font-size: 14px; box-sizing: border-box; margin: 0px 0px 10px; font-family: Roboto, sans-serif; letter-spacing: 0.2px; background-color: #ffffff; text-align: center;\">&#xa0;</p>\r\n<p style=\"color: #492007; font-size: 14px; box-sizing: border-box; margin: 0px 0px 10px; font-family: Roboto, sans-serif; letter-spacing: 0.2px; background-color: #ffffff;\"><span style=\"font-size: 12pt; box-sizing: border-box; font-family: arial, helvetica, sans-serif;\">V&#x1edb;i n&#x1ed7; l&#x1ef1;c c&#x1ea3;i ti&#x1ebf;n c&#xf4;ng n&#x103;ng c&#x1ee7;a s&#x1ea3;n ph&#x1ea9;m, Vitto kh&#xf4;ng ch&#x1ec9; d&#x1eeb;ng &#x1edf; vi&#x1ec7;c ph&#xe1;t tri&#x1ec3;n c&#xf4;ng ngh&#x1ec7; m&#x1edb;i m&#xe0; c&#xf2;n &#x111;a d&#x1ea1;ng c&#xf4;ng ngh&#x1ec7; n&#xe0;y tr&#xea;n nhi&#x1ec1;u lo&#x1ea1;i s&#x1ea3;n ph&#x1ea9;m v&#x1edb;i k&#xed;ch th&#x1b0;&#x1edb;c kh&#xe1;c nhau. Ngo&#xe0;i c&#xe1;c s&#x1ea3;n ph&#x1ea9;m g&#x1ea1;ch l&#xe1;t n&#x1ec1;n k&#xed;ch th&#x1b0;&#x1edb;c th&#x1b0;&#x1edd;ng g&#x1eb7;p 50x50cm, 60x60cm, Vitto c&#xf2;n &#x1ee9;ng d&#x1ee5;ng c&#xf4;ng ngh&#x1ec7; h&#x1ea1;t &#x111;&#x1b0;&#x1edd;ng tr&#xea;n c&#xe1;c s&#x1ea3;n ph&#x1ea9;m g&#x1ea1;ch l&#xe1;t c&#xf3; k&#xed;ch th&#x1b0;&#x1edb;c l&#x1edb;n nh&#x1b0; 80x80cm, 60x120cm v&#xe0; g&#x1ea1;ch &#x1ed1;p t&#x1b0;&#x1edd;ng k&#xed;ch th&#x1b0;&#x1edb;c m&#x1edb;i 30x80cm c&#xf9;ng kh&#x1ea3; n&#x103;ng ch&#x1ed1;ng th&#x1ea5;m t&#x1ed1;i &#x1b0;u &#x111;&#x1ea1;t ti&#xea;u chu&#x1ea9;n Qu&#x1ed1;c t&#x1ebf; EN 14411:2012.</span></p>\r\n<p style=\"color: #492007; font-size: 14px; box-sizing: border-box; margin: 0px 0px 10px; font-family: Roboto, sans-serif; letter-spacing: 0.2px; background-color: #ffffff;\">&#xa0;</p>\r\n<p style=\"color: #492007; font-size: 14px; box-sizing: border-box; margin: 0px 0px 10px; font-family: Roboto, sans-serif; letter-spacing: 0.2px; background-color: #ffffff;\"><span style=\"font-size: 12pt; box-sizing: border-box; font-family: arial, helvetica, sans-serif;\"><span style=\"box-sizing: border-box;\"><strong style=\"box-sizing: border-box;\">&#x110;i&#x1ec3;m nh&#x1ea5;n cho kh&#xf4;ng gian sang tr&#x1ecd;ng v&#xe0; tinh t&#x1ebf;</strong></span></span></p>\r\n<p style=\"color: #492007; font-size: 14px; box-sizing: border-box; margin: 0px 0px 10px; font-family: Roboto, sans-serif; letter-spacing: 0.2px; background-color: #ffffff;\"><span style=\"font-size: 12pt; box-sizing: border-box; font-family: arial, helvetica, sans-serif;\">&#x110;i&#x1ec1;u l&#xe0;m cho g&#x1ea1;ch Vitto tr&#x1edf; n&#xea;n kh&#xe1;c bi&#x1ec7;t l&#xe0; s&#x1ef1; pha tr&#x1ed9;n ho&#xe0;n h&#x1ea3;o gi&#x1eef;a thi&#x1ebf;t k&#x1ebf; v&#xe0; ch&#x1ee9;c n&#x103;ng, &#x111;&#x1eb7;c bi&#x1ec7;t k&#x1ef9; thu&#x1ead;t x&#x1eed; l&#xfd; b&#x1ec1; m&#x1eb7;t. Ngo&#xe0;i vi&#x1ec7;c &#x111;&#x1ea3;m b&#x1ea3;o c&#xe1;c gi&#x1ea3;i ph&#xe1;p ch&#x1ed1;ng th&#x1ea5;m, ch&#x1ed1;ng tr&#x1ea7;y x&#x1b0;&#x1edb;c, lo&#x1ea1;i g&#x1ea1;ch n&#xe0;y c&#xf2;n n&#x1ed5;i b&#x1ead;t b&#x1edf;i t&#xed;nh th&#x1ea9;m m&#x1ef9; cao.</span></p>\r\n<p style=\"color: #492007; font-size: 14px; box-sizing: border-box; margin: 0px 0px 10px; font-family: Roboto, sans-serif; letter-spacing: 0.2px; background-color: #ffffff;\"><span style=\"font-size: 12pt; box-sizing: border-box; font-family: arial, helvetica, sans-serif;\">Nh&#x1edd; s&#x1ef1; t&#x1b0;&#x1a1;ng ph&#x1ea3;n ch&#x1ea5;t li&#x1ec7;u gi&#x1eef;a b&#x1ec1; m&#x1eb7;t men matt v&#xe0; c&#xe1;c h&#x1ea1;t sugar k&#xed;ch th&#x1b0;&#x1edb;c l&#x1edb;n, &#x111;&#x1b0;&#x1ee3;c m&#xe0;i s&#xe2;u n&#xea;n to&#xe0;n b&#x1ed9; thi&#x1ebf;t k&#x1ebf; h&#x1ecd;a ti&#x1ebf;t b&#xea;n d&#x1b0;&#x1edb;i r&#x1ea5;t r&#xf5; r&#xe0;ng, s&#x1eaf;c n&#xe9;t, hi&#x1ec7;u &#x1ee9;ng b&#x1ec1; m&#x1eb7;t l&#x1ea5;p l&#xe1;nh. &#x1ede; &#x111;i&#x1ec1;u ki&#x1ec7;n &#x111;&#x1eb7;c bi&#x1ec7;t nh&#x1b0; ph&#x1ea3;n x&#x1ea1; &#xe1;nh s&#xe1;ng cao, kh&#xe1;ch h&#xe0;ng c&#xf3; th&#x1ec3; d&#x1ec5; d&#xe0;ng nh&#x1ead;n ra b&#x1ec1; m&#x1eb7;t, d&#xf9; &#x111;&#x1ee9;ng &#x1edf; xa hay d&#x1b0;&#x1edb;i &#xe1;nh s&#xe1;ng m&#x1edd; nh&#x1edd; c&#xf4;ng ngh&#x1ec7; in k&#x1ef9; thu&#x1ead;t s&#x1ed1; HD.</span></p>\r\n<p style=\"color: #492007; font-size: 14px; box-sizing: border-box; margin: 0px 0px 10px; font-family: Roboto, sans-serif; letter-spacing: 0.2px; background-color: #ffffff;\"><span style=\"font-size: 12pt; box-sizing: border-box; font-family: arial, helvetica, sans-serif;\">H&#x1a1;n n&#x1eef;a, hi&#x1ec7;u &#x1ee9;ng n&#xe0;y t&#x1ea1;o n&#xea;n v&#x1ebb; &#x111;&#x1eb9;p th&#xfa; v&#x1ecb; thay &#x111;&#x1ed5;i &#x111;a d&#x1ea1;ng, &#x111;&#x1ea7;y m&#xe0;u s&#x1eaf;c khi ti&#x1ebf;p x&#xfa;c v&#x1edb;i &#xe1;nh n&#x1eaf;ng m&#x1eb7;t tr&#x1edd;i ho&#x1eb7;c &#xe1;nh s&#xe1;ng &#x111;&#xe8;n, mang l&#x1ea1;i c&#x1ea3;m gi&#xe1;c lung linh, tinh x&#x1ea3;o. G&#x1ea1;ch &#x1ed1;p l&#xe1;t c&#xe1;ch t&#xe2;n s&#x1ea3;n xu&#x1ea5;t tr&#xea;n d&#xe2;y chuy&#x1ec1;n c&#xf4;ng ngh&#x1ec7; k&#x1ef9; thu&#x1ead;t s&#x1ed1; hi&#x1ec7;u &#x1ee9;ng h&#x1ea1;t &#x111;&#x1b0;&#x1edd;ng t&#x1ea1;o n&#xea;n m&#x1ed9;t b&#x1b0;&#x1edb;c chuy&#x1ec3;n h&#x1b0;&#x1edb;ng m&#x1edb;i c&#x1ee7;a kh&#xe1;ch h&#xe0;ng khi l&#x1ef1;a ch&#x1ecd;n g&#x1ea1;ch &#x1ed1;p, l&#xe1;t cho kh&#xf4;ng gian n&#x1ed9;i, ngo&#x1ea1;i th&#x1ea5;t. G&#x1ea1;ch hi&#x1ec7;u &#x1ee9;ng h&#x1ea1;t &#x111;&#x1b0;&#x1edd;ng s&#x1ebd; l&#xe0;m h&#xe0;i l&#xf2;ng ngay c&#x1ea3; nh&#x1eef;ng v&#x1ecb; kh&#xe1;ch h&#xe0;ng kh&#xf3; t&#xed;nh nh&#x1ea5;t.</span></p>\r\n<p><span style=\"font-size: 12pt; box-sizing: border-box; font-family: arial, helvetica, sans-serif;\">&#xa0;</span></p>\n                                                    </div>\n                    </div>",
	"supplier": "DAISAN",
	"url_supplier": "https://b2b.daisan.vn"
}