{
	"url": "https://b2b.daisan.vn/gach-op-lat-eurotile-bst-nguyet-cat-450*900mm-ngc-i04-753279.html",
	"title": "Gạch ốp lát Eurotile BST Nguyệt Cát 450*900mm NGC-I04",
	"description": "Bảo vệ cho sản phẩm này\n                                    \n                                        Giao hàng qua Daisan Logistics\n                                        \n                                        Dự kiến ​​đơn hàng của bạn sẽ được giao trước ngày dự kiến ​​hoặc nhận khoản bồi thường chậm trễ 10%\n                                    \n                                    \n                                        Thanh toán an toàn\n\n                                        \n                                        Mọi khoản thanh toán bạn thực hiện trên Daisan.vn đều được ...\n                                    \n                                    \n                                        Chính sách hoàn tiền\n\n                                        \n                                        Yêu cầu hoàn lại tiền nếu đơn đặt hàng của bạn không được vận chuyển, bị thiếu hoặc giao đến có vấn đề về sản phẩm",
	"price": "526000",
	"sku": "DAISAN_GCH_1192",
	"thumbnail": "https://b2b.daisan.vn/site/upload/pages/26496/1665199828_9afdb01339ef137ea2f3fb1aa64a9024.jpeg",
	"images": [
		"https://b2b.daisan.vn/site/upload/pages/26496/1665199828_9afdb01339ef137ea2f3fb1aa64a9024.jpeg",
		"https://b2b.daisan.vn/site/upload/pages/26496/1665199872_9afdb01339ef137ea2f3fb1aa64a9024.jpeg",
		"https://b2b.daisan.vn/site/upload/pages/26496/1665199874_9afdb01339ef137ea2f3fb1aa64a9024.jpeg",
		"https://b2b.daisan.vn/site/upload/pages/26496/1665199877_9afdb01339ef137ea2f3fb1aa64a9024.jpeg",
		"https://b2b.daisan.vn/site/upload/pages/26496/1665477220_9afdb01339ef137ea2f3fb1aa64a9024.jpeg",
		"https://b2b.daisan.vn/site/upload/pages/26496/1665044688_9afdb01339ef137ea2f3fb1aa64a9024.jpeg",
		"https://b2b.daisan.vn/site/upload/pages/26496/1665476946_9afdb01339ef137ea2f3fb1aa64a9024.jpeg",
		"https://b2b.daisan.vn/site/upload/pages/26496/1665043811_9afdb01339ef137ea2f3fb1aa64a9024.jpeg",
		"https://b2b.daisan.vn/site/upload/pages/26496/1665476596_9afdb01339ef137ea2f3fb1aa64a9024.jpeg",
		"https://b2b.daisan.vn/site/upload/pages/26496/1665043610_9afdb01339ef137ea2f3fb1aa64a9024.jpeg",
		"https://b2b.daisan.vn/site/upload/pages/26496/1665463984_9afdb01339ef137ea2f3fb1aa64a9024.jpeg",
		"https://b2b.daisan.vn/site/upload/pages/26496/1665043425_9afdb01339ef137ea2f3fb1aa64a9024.jpeg",
		"https://b2b.daisan.vn/site/upload/pages/26496/1665043220_9afdb01339ef137ea2f3fb1aa64a9024.jpeg",
		"https://b2b.daisan.vn/site/upload/pages/26496/1665463697_9afdb01339ef137ea2f3fb1aa64a9024.jpeg",
		"https://b2b.daisan.vn/site/upload/pages/26496/1665199505_9afdb01339ef137ea2f3fb1aa64a9024.jpeg",
		"https://b2b.daisan.vn/site/upload/pages/26496/1665042693_9afdb01339ef137ea2f3fb1aa64a9024.jpeg",
		"https://b2b.daisan.vn/site/upload/pages/26496/1665198985_9afdb01339ef137ea2f3fb1aa64a9024.jpeg",
		"https://b2b.daisan.vn/site/upload/pages/26496/1665197437_9afdb01339ef137ea2f3fb1aa64a9024.jpeg",
		"https://b2b.daisan.vn/site/upload/pages/26496/1665118517_9afdb01339ef137ea2f3fb1aa64a9024.jpeg"
	],
	"content": "\n<style>\nfont-family: 'Segoe UI', Arial, sans-serif;\n    background: #fff;\n    color: #222;\n    padding: 20px;\n    max-width: 900px;\n    margin: 0 auto;\n    line-height: 1.6;\n</style>\n<div class=\"unknown-content-root\">\n                        <h3 id=\"more-detail\">M&#xf4; t&#x1ea3; s&#x1ea3;n ph&#x1ea9;m t&#x1eeb; nh&#xe0; cung c&#x1ea5;p</h3>\n                        <div class=\"description-info pb-2\">\n                            <h3>M&#xf4; t&#x1ea3; s&#x1ea3;n ph&#x1ea9;m</h3>\n                            <p style=\"box-sizing: border-box; margin: 0px 0px 15px; font-family: Montserrat, sans-serif; font-size: 14px; letter-spacing: 0.25px; background-color: #ffffff; text-align: center;\"><strong>&#xa0;&#xa0;</strong>T&#x1eeb; khi tr&#x103;ng l&#xe0; nguy&#x1ec7;t &#x111;&#xe8;n th&#x1eaf;p s&#xe1;ng trong t&#xf4;i</p>\r\n<p style=\"box-sizing: border-box; margin: 0px 0px 15px; font-family: Montserrat, sans-serif; font-size: 14px; letter-spacing: 0.25px; background-color: #ffffff; text-align: center;\">T&#x1eeb; khi tr&#x103;ng l&#xe0; nguy&#x1ec7;t em mang tim b&#x1ed1;i r&#x1ed1;i</p>\r\n<p style=\"box-sizing: border-box; margin: 0px 0px 15px; font-family: Montserrat, sans-serif; font-size: 14px; letter-spacing: 0.25px; background-color: #ffffff; text-align: center;\">T&#x1eeb; khi tr&#x103;ng l&#xe0; nguy&#x1ec7;t t&#xf4;i nh&#x1b0; t&#x1eeb;ng c&#xe1;nh di&#x1ec1;u vui</p>\r\n<p style=\"box-sizing: border-box; margin: 0px 0px 15px; font-family: Montserrat, sans-serif; font-size: 14px; letter-spacing: 0.25px; background-color: #ffffff; text-align: center;\">T&#x1eeb; khi em l&#xe0; nguy&#x1ec7;t trong t&#xf4;i c&#xf3; nh&#x1eef;ng m&#x1eb7;t tr&#x1edd;i</p>\r\n<p style=\"box-sizing: border-box; margin: 0px 0px 15px; font-family: Montserrat, sans-serif; font-size: 14px; letter-spacing: 0.25px; background-color: #ffffff;\">- Tr&#xed;ch l&#x1edd;i b&#xe0;i h&#xe1;t Nguy&#x1ec7;t Ca, t&#xe1;c gi&#x1ea3; Tr&#x1ecb;nh C&#xf4;ng S&#x1a1;n</p>\r\n<p style=\"box-sizing: border-box; margin: 0px 0px 15px; font-family: Montserrat, sans-serif; font-size: 14px; letter-spacing: 0.25px; background-color: #ffffff;\">Giai &#x111;i&#x1ec7;u c&#x1ee7;a Nguy&#x1ec7;t Ca &#x111;&#x1ec3; l&#x1ea1;i nh&#x1eef;ng c&#x1ea3;m x&#xfa;c nh&#x1eb9; nh&#xe0;ng trong l&#xf2;ng ng&#x1b0;&#x1edd;i nghe. L&#x1edd;i ca &#xea;m &#xe1;i qu&#x1ec7;n v&#xe0;o l&#xf2;ng th&#xed;nh gi&#x1ea3; m&#x1ed9;t c&#xe1;ch t&#x1ef1; nhi&#xea;n m&#xe0; kh&#xf4;ng c&#x1ea7;n ph&#x1ea3;i &#x111;&#x1ee3;i ch&#x1edd; ph&#xe2;n t&#xed;ch d&#xe0;i d&#xf2;ng. N&#x1ebf;u nh&#x1b0; c&#xf3; m&#x1ed9;t giai &#x111;i&#x1ec7;u n&#xe0;o c&#xf3; th&#x1ec3; di&#x1ec5;n t&#x1ea3; ch&#xe2;n th&#x1ead;t nh&#x1ea5;t c&#x1ea3;m x&#xfa;c khi ch&#x1ea1;m v&#xe0; ng&#x1eaf;m nh&#xec;n v&#xe0;o t&#x1eeb;ng vi&#xea;n g&#x1ea1;ch BST Nguy&#x1ec7;t C&#xe1;t c&#x1ee7;a Eurotile th&#xec; &#x111;&#xf3; ch&#xed;nh l&#xe0; l&#x1edd;i c&#x1ee7;a Nguy&#x1ec7;t Ca. Nh&#x1eef;ng c&#xe1;i ch&#x1ea1;m ch&#xe2;n th&#x1ef1;c tr&#xea;n b&#x1ec1; m&#x1eb7;t BST Nguy&#x1ec7;t C&#xe1;t &#x111;&#x1eb9;p tinh t&#x1ebf; v&#xe0; v&#x1eef;ng tr&#xe3;i, l&#x1ea5;p l&#xe1;nh nh&#x1b0; b&#xe3;i c&#xe1;t tr&#x1eaf;ng tr&#x1ea3;i d&#xe0;i d&#x1b0;&#x1edb;i &#xe1;nh tr&#x103;ng.</p>\r\n<p style=\"box-sizing: border-box; margin: 0px 0px 15px; font-family: Montserrat, sans-serif; font-size: 14px; letter-spacing: 0.25px; background-color: #ffffff; text-align: center;\"><img src=\"https://b2b.daisan.vn/site/upload/media/images/general/1665197606_02d6e105d58cb7fb161f367b855b7ded.jpeg\" alt=\"G&#x1ea1;ch &#x1ed1;p l&#xe1;t Eurotile BST Nguy&#x1ec7;t C&#xe1;t 300*600mm NGC-G01\" width=\"600\"></p>\r\n<h2 style=\"box-sizing: border-box; margin: 0px 0px 15px; font-family: Montserrat, sans-serif; font-size: 14px; letter-spacing: 0.25px; background-color: #ffffff; text-align: justify;\"><span style=\"font-size: 12pt;\"><strong style=\"margin: 0px; padding: 0px; border: 0px; line-height: 1.5em;\">Th&#xf4;ng s&#x1ed1; k&#x1ef9; thu&#x1ead;t c&#x1ee7;a G&#x1ea1;ch &#x1ed1;p l&#xe1;t Eurotile BST Nguy&#x1ec7;t C&#xe1;t 450*900mm NGC-I03</strong></span></h2>\r\n<p style=\"margin: 10px 0px; padding: 0px; border: 0px; line-height: 1.6em; font-size: 14px; font-family: &apos;Open Sans&apos;, sans-serif; vertical-align: baseline; background-color: #ffffff;\"><span style=\"color: #000000; font-family: Montserrat, sans-serif; letter-spacing: 0.25px;\">M&#xe3; s&#x1ea3;n ph&#x1ea9;m: NGC-I03</span><br style=\"box-sizing: border-box; color: #595959; font-family: Montserrat, sans-serif; letter-spacing: 0.25px;\"><span style=\"color: #000000; font-family: Montserrat, sans-serif; letter-spacing: 0.25px;\">K&#xed;ch th&#x1b0;&#x1edb;c: 45 x 90 cm</span><br style=\"box-sizing: border-box; color: #595959; font-family: Montserrat, sans-serif; letter-spacing: 0.25px;\"><span style=\"color: #000000; font-family: Montserrat, sans-serif; letter-spacing: 0.25px;\">Lo&#x1ea1;i g&#x1ea1;ch: Porcelain</span><br style=\"box-sizing: border-box; color: #595959; font-family: Montserrat, sans-serif; letter-spacing: 0.25px;\"><span style=\"color: #000000; font-family: Montserrat, sans-serif; letter-spacing: 0.25px;\">B&#x1ec1; m&#x1eb7;t: Matt, in k&#x1ef9; thu&#x1ead;t s&#x1ed1;, random</span><br style=\"box-sizing: border-box; color: #595959; font-family: Montserrat, sans-serif; letter-spacing: 0.25px;\"><span style=\"color: #000000; font-family: Montserrat, sans-serif; letter-spacing: 0.25px;\">Quy c&#xe1;ch &#x111;&#xf3;ng g&#xf3;i :&#xa0;04 vi&#xea;n/ h&#x1ed9;p (1,62m2)</span></p>\r\n<p style=\"margin: 10px 0px; padding: 0px; border: 0px; line-height: 1.6em; font-size: 14px; font-family: &apos;Open Sans&apos;, sans-serif; vertical-align: baseline; background-color: #ffffff; text-align: center;\"><img src=\"https://b2b.daisan.vn/site/upload/media/images/general/1665199895_f7ed2443d1216c0eac28dbea74bf28f1.jpeg\" width=\"600\"></p>\r\n<p style=\"margin: 10px 0px; padding: 0px; border: 0px; line-height: 1.6em; font-size: 14px; font-family: &apos;Open Sans&apos;, sans-serif; vertical-align: baseline; background-color: #ffffff; text-align: center;\">&#xa0;</p>\r\n<h2 style=\"margin: 10px 0px; padding: 0px; border: 0px; line-height: 1.6em; font-size: 14px; font-family: &apos;Open Sans&apos;, sans-serif; vertical-align: baseline; background-color: #ffffff; text-align: left;\"><span style=\"font-size: 12pt;\"><strong>Ph&#x1ed1;i c&#x1ea3;nh s&#x1ea3;n ph&#x1ea9;m</strong></span></h2>\r\n<p style=\"text-align: center;\"><img src=\"https://b2b.daisan.vn/site/upload/media/images/general/1665197706_eb4623f5db104c2b7276f04e94457f3a.jpeg\" alt=\"G&#x1ea1;ch &#x1ed1;p l&#xe1;t Eurotile BST Nguy&#x1ec7;t C&#xe1;t 300*600mm NGC-G01\" width=\"600\"></p>\r\n<p style=\"text-align: center;\"><img src=\"https://b2b.daisan.vn/site/upload/media/images/general/1665197723_02d6e105d58cb7fb161f367b855b7ded.jpeg\" alt=\"G&#x1ea1;ch &#x1ed1;p l&#xe1;t Eurotile BST Nguy&#x1ec7;t C&#xe1;t 300*600mm NGC-G01\" width=\"600\"></p>\r\n<p style=\"text-align: center;\"><img src=\"https://b2b.daisan.vn/site/upload/media/images/general/1665197734_8e7218cf6a89f450807622c9ff498d2c.jpeg\" alt=\"G&#x1ea1;ch &#x1ed1;p l&#xe1;t Eurotile BST Nguy&#x1ec7;t C&#xe1;t 300*600mm NGC-G01\" width=\"600\"></p>\r\n<p style=\"text-align: center;\"><img src=\"https://b2b.daisan.vn/site/upload/media/images/general/1665197753_dad86871b27f7baf769d009055b6d35f.jpeg\" alt=\"G&#x1ea1;ch &#x1ed1;p l&#xe1;t Eurotile BST Nguy&#x1ec7;t C&#xe1;t 300*600mm NGC-G01\" width=\"600\"></p>\n                                                    </div>\n                    </div>",
	"supplier": "DAISAN",
	"url_supplier": "https://b2b.daisan.vn"
}