{
	"url": "https://b2b.daisan.vn/gach-mosaic-gom-hinh-vay-ca-300x300mm-mau-tim-469878.html",
	"title": "Gạch mosaic gốm hình vảy cá 300x300mm màu tím",
	"description": "Bảo vệ cho sản phẩm này\n                                    \n                                        Giao hàng qua Daisan Logistics\n                                        \n                                        Dự kiến ​​đơn hàng của bạn sẽ được giao trước ngày dự kiến ​​hoặc nhận khoản bồi thường chậm trễ 10%\n                                    \n                                    \n                                        Thanh toán an toàn\n\n                                        \n                                        Mọi khoản thanh toán bạn thực hiện trên Daisan.vn đều được ...\n                                    \n                                    \n                                        Chính sách hoàn tiền\n\n                                        \n                                        Yêu cầu hoàn lại tiền nếu đơn đặt hàng của bạn không được vận chuyển, bị thiếu hoặc giao đến có vấn đề về sản phẩm",
	"price": "783000",
	"sku": "DAISAN_GCH_1148",
	"thumbnail": "https://b2b.daisan.vn/site/upload/pages/25061/1593594541_9afdb01339ef137ea2f3fb1aa64a9024.jpeg",
	"images": [
		"https://b2b.daisan.vn/site/upload/pages/25061/1593594541_9afdb01339ef137ea2f3fb1aa64a9024.jpeg",
		"https://b2b.daisan.vn/site/upload/pages/25061/1593594543_9afdb01339ef137ea2f3fb1aa64a9024.jpeg",
		"https://b2b.daisan.vn/site/upload/pages/25061/1593594545_9afdb01339ef137ea2f3fb1aa64a9024.jpeg",
		"https://b2b.daisan.vn/site/upload/pages/25061/1593594547_9afdb01339ef137ea2f3fb1aa64a9024.jpeg",
		"https://b2b.daisan.vn/site/upload/pages/25061/1593594549_9afdb01339ef137ea2f3fb1aa64a9024.jpeg",
		"https://b2b.daisan.vn/site/upload/pages/25061/1594457426_9afdb01339ef137ea2f3fb1aa64a9024.jpeg",
		"https://b2b.daisan.vn/site/upload/pages/25061/1594434103_9afdb01339ef137ea2f3fb1aa64a9024.jpeg",
		"https://b2b.daisan.vn/site/upload/pages/25061/1594288567_9afdb01339ef137ea2f3fb1aa64a9024.jpeg",
		"https://b2b.daisan.vn/site/upload/pages/25061/1593855280_9afdb01339ef137ea2f3fb1aa64a9024.jpeg",
		"https://b2b.daisan.vn/site/upload/pages/25061/1593832584_9afdb01339ef137ea2f3fb1aa64a9024.jpeg",
		"https://b2b.daisan.vn/site/upload/pages/25061/1593764216_9afdb01339ef137ea2f3fb1aa64a9024.jpeg",
		"https://b2b.daisan.vn/site/upload/pages/25061/1593658369_9afdb01339ef137ea2f3fb1aa64a9024.jpeg",
		"https://b2b.daisan.vn/site/upload/pages/25061/1593573692_9afdb01339ef137ea2f3fb1aa64a9024.jpeg",
		"https://b2b.daisan.vn/site/upload/pages/25061/1593505869_9afdb01339ef137ea2f3fb1aa64a9024.jpeg",
		"https://b2b.daisan.vn/site/upload/pages/25061/1593415982_9afdb01339ef137ea2f3fb1aa64a9024.jpeg",
		"https://b2b.daisan.vn/site/upload/pages/25061/1590415141_9afdb01339ef137ea2f3fb1aa64a9024.jpeg",
		"https://b2b.daisan.vn/site/upload/pages/25061/1594527390_9afdb01339ef137ea2f3fb1aa64a9024.jpeg",
		"https://b2b.daisan.vn/site/upload/pages/25061/1594457229_9afdb01339ef137ea2f3fb1aa64a9024.jpeg",
		"https://b2b.daisan.vn/site/upload/pages/25061/1594433875_9afdb01339ef137ea2f3fb1aa64a9024.jpeg",
		"https://b2b.daisan.vn/site/upload/pages/25061/1594288381_9afdb01339ef137ea2f3fb1aa64a9024.jpeg"
	],
	"content": "\n<style>\nfont-family: 'Segoe UI', Arial, sans-serif;\n    background: #fff;\n    color: #222;\n    padding: 20px;\n    max-width: 900px;\n    margin: 0 auto;\n    line-height: 1.6;\n</style>\n<div class=\"unknown-content-root\">\n                        <h3 id=\"more-detail\">M&#xf4; t&#x1ea3; s&#x1ea3;n ph&#x1ea9;m t&#x1eeb; nh&#xe0; cung c&#x1ea5;p</h3>\n                        <div class=\"description-info pb-2\">\n                            <h3>M&#xf4; t&#x1ea3; s&#x1ea3;n ph&#x1ea9;m</h3>\n                            <div>\r\n<div style=\"text-align: left;\" data-spm-anchor-id=\"a2700.md_vi_VN.pronpeci14.i3.3c026b3e4zniG1\"><span style=\"font-family: arial, helvetica, sans-serif; font-size: 11px;\"><strong>G&#x1ea1;ch mosaic g&#x1ed1;m h&#xec;nh v&#x1ea3;y c&#xe1; 300x300mm m&#xe0;u t&#xed;m&#xa0;</strong>l&#xe0;&#xa0;m&#x1eab;u g&#x1ea1;ch mosaic g&#x1ed1;m &#x111;ang &#x111;&#x1b0;&#x1ee3;c &#x1b0;a chu&#x1ed9;ng nh&#x1ea5;t tr&#xea;n th&#x1ecb; tr&#x1b0;&#x1edd;ng hi&#x1ec7;n nay. &#x110;&#x1b0;&#x1ee3;c l&#x1ef1;a ch&#x1ecd;n &#x111;&#x1ec3; t&#x1ea1;o &#x111;i&#x1ec3;m nh&#x1ea5;n trang tr&#xed; n&#x1ed9;i ngo&#x1ea1;i th&#x1ea5;t cho ng&#xf4;i nh&#xe0; th&#xea;m &#x111;&#x1ed9;c &#x111;&#xe1;o v&#x1edb;i nhi&#x1ec1;u hoa v&#x103;n, h&#x1ecd;a ti&#x1ebf;t v&#xe0; m&#xe0;u s&#x1eaf;c kh&#xe1;c nhau.</span></div>\r\n<div style=\"text-align: left;\" data-spm-anchor-id=\"a2700.md_vi_VN.pronpeci14.i3.3c026b3e4zniG1\"><span style=\"font-family: arial, helvetica, sans-serif; font-size: 11px;\">&#xa0;</span></div>\r\n<div style=\"text-align: left;\" data-spm-anchor-id=\"a2700.md_vi_VN.pronpeci14.i3.3c026b3e4zniG1\"><span style=\"font-family: arial, helvetica, sans-serif; font-size: 11px;\"><strong>&#x110;&#x1eb7;c &#x111;i&#x1ec3;m c&#x1ee7;a g&#x1ea1;ch mosaic g&#x1ed1;m</strong></span></div>\r\n<div style=\"text-align: left;\" data-spm-anchor-id=\"a2700.md_vi_VN.pronpeci14.i3.3c026b3e4zniG1\"><span style=\"font-family: arial, helvetica, sans-serif; font-size: 11px;\">&#xa0;</span></div>\r\n<div style=\"text-align: left;\" data-spm-anchor-id=\"a2700.md_vi_VN.pronpeci14.i3.3c026b3e4zniG1\">\r\n<p style=\"font-weight: 400;\"><span style=\"font-family: arial, helvetica, sans-serif; font-size: 11px;\">G&#x1ea1;ch mosaic g&#x1ed1;m&#xa0;hay&#xa0;g&#x1ea1;ch g&#x1ed1;m mosaic&#xa0;l&#xe0; m&#x1eab;u g&#x1ea1;ch s&#x1eed; d&#x1ee5;ng ngh&#x1ec7; thu&#x1ead;t gh&#xe9;p m&#x1ea1;ch, l&#xe0; s&#x1ef1; k&#x1ebf;t h&#x1ee3;p gi&#x1eef;a kho&#xe1;ng &#x111;&#xe1; thi&#xea;n nhi&#xea;n v&#xe0; men g&#x1ed1;m nung &#x1edf; nhi&#x1ec7;t &#x111;&#x1ed9; cao, x&#x1eed; l&#xfd; nhi&#x1ec7;t v&#xe0; c&#xe1;n th&#xe0;nh c&#xe1;c vi&#xea;n nh&#x1ecf; c&#xf3; k&#xed;ch th&#x1b0;&#x1edb;c kh&#xe1;c nhau v&#xe0; m&#xe0;u s&#x1eaf;c &#x111;a d&#x1ea1;ng. G&#x1ea1;ch mosaic g&#x1ed1;m c&#xf3; k&#x1ebf;t c&#x1ea5;u b&#x1ec1; m&#x1eb7;t th&#xf4;, n&#x1ebf;u &#x111;&#x1b0;&#x1ee3;c tr&#xe1;ng men v&#xe0; nung &#x1edf; 1200 &#x111;&#x1ed9; C s&#x1ebd; c&#xf3; b&#x1ec1; m&#x1eb7;t s&#xe1;ng b&#xf3;ng h&#x1a1;n, th&#x1b0;&#x1edd;ng chia th&#xe0;nh hai lo&#x1ea1;i l&#xe0; g&#x1ea1;ch tr&#xe1;ng men v&#xe0; kh&#xf4;ng tr&#xe1;ng men.</span></p>\r\n<p style=\"font-weight: 400;\"><span style=\"font-family: arial, helvetica, sans-serif; font-size: 11px;\">+ G&#x1ea1;ch mosaic g&#x1ed1;m tr&#xe1;ng men c&#xf3; b&#x1ec1; m&#x1eb7;t g&#x1ed1;m &#x111;&#x1b0;&#x1ee3;c bao ph&#x1ee7; 1 l&#x1edb;p men m&#xe0;u, &#x111;&#x1ed9; h&#xfa;t n&#x1b0;&#x1edb;c d&#x1b0;&#x1edb;i 0.5%, t&#xf9;y v&#xe0;o lo&#x1ea1;i men m&#xe0; &#x111;&#x1eb7;c t&#xed;nh c&#x169;ng kh&#xe1;c nhau.&#xa0;</span></p>\r\n<p style=\"font-weight: 400;\"><span style=\"font-family: arial, helvetica, sans-serif; font-size: 11px;\">+ G&#x1ea1;ch mosaic g&#x1ed1;m kh&#xf4;ng tr&#xe1;ng men th&#xec; &#x111;&#x1ed3;ng ch&#x1ea5;t tr&#xea;n c&#x1ea3; vi&#xea;n g&#x1ea1;ch. M&#xe0;u s&#x1eaf;c, hoa v&#x103;n c&#x1ee7;a g&#x1ea1;ch s&#x1ebd; &#x111;&#x1b0;&#x1ee3;c pha tr&#x1ed9;n m&#xe0;u ho&#x1eb7;c ch&#x1ea5;t li&#x1ec7;u kh&#xe1;c v&#x1edb;i x&#x1b0;&#x1a1;ng c&#x1ee7;a g&#x1ea1;ch. Sau &#x111;&#xf3; g&#x1ea1;ch &#x111;&#x1b0;&#x1ee3;c nung &#x1edf; nhi&#x1ec7;t &#x111;&#x1ed9; cao 1200 &#x111;&#x1ed9; C.</span></p>\r\n</div>\r\n<div style=\"text-align: left;\" data-spm-anchor-id=\"a2700.md_vi_VN.pronpeci14.i3.3c026b3e4zniG1\"><span style=\"font-family: arial, helvetica, sans-serif; font-size: 11px;\">-&#xa0;G&#x1ea1;ch mosaic g&#x1ed1;m c&#xf3; &#x111;&#x1ed9; c&#x1ee9;ng cao, kh&#x1ea3; n&#x103;ng ch&#x1ed1;ng m&#xe0;i m&#xf2;n t&#x1ed1;t, c&#xf9;ng v&#x1edb;i &#x111;&#xf3; l&#xe0; m&#x1ee9;c &#x111;&#x1ed9; h&#x1ea5;p th&#x1ee5; n&#x1b0;&#x1edb;c th&#x1ea5;p ch&#x1ec9; kho&#x1ea3;ng 0.5% cho ph&#xe9;p s&#x1eed; d&#x1ee5;ng t&#x1ed1;t trong m&#xf4;i tr&#x1b0;&#x1edd;ng &#x1ea9;m &#x1b0;&#x1edb;t v&#xe0; nhi&#x1ec7;t &#x111;&#x1ed9; th&#x1ea5;p, kh&#xe1;ng h&#xf3;a ch&#x1ea5;t, ch&#x1ed1;ng m&#xe0;i m&#xf2;n, ch&#x1ed1;ng va &#x111;&#x1ead;p, h&#x1ec7; s&#x1ed1; ma s&#xe1;t, kh&#xe1;ng axit v&#xe0; ki&#x1ec1;m, h&#x1ec7; s&#x1ed1; gi&#xe3;n n&#x1edf; nhi&#x1ec7;t. Kh&#xf4;ng nh&#x1eef;ng v&#x1ead;y, kh&#x1ea3; n&#x103;ng ch&#x1ed1;ng tr&#x1a1;n tr&#x1b0;&#x1ee3;t c&#x1ee7;a g&#x1ea1;ch mosaic g&#x1ed1;m s&#x1ee9; t&#x1ed1;t h&#x1a1;n b&#x1edf;i ch&#x1ea5;t li&#x1ec7;u s&#x1eed; d&#x1ee5;ng v&#xe0; k&#x1ebf;t c&#x1ea5;u s&#x1ea3;n ph&#x1ea9;m.&#xa0;</span></div>\r\n<div style=\"text-align: left;\" data-spm-anchor-id=\"a2700.md_vi_VN.pronpeci14.i3.3c026b3e4zniG1\">\r\n<p style=\"font-weight: 400;\"><span style=\"font-family: arial, helvetica, sans-serif; font-size: 11px;\">- G&#x1ea1;ch mosaic g&#x1ed1;m&#xa0;c&#xf3; k&#xed;ch th&#x1b0;&#x1edb;c nh&#x1ecf; v&#xe0; &#x111;&#xf3;ng theo v&#x1ec9; n&#xea;n d&#x1ec5; v&#x1ead;n chuy&#x1ec3;n v&#xe0; thi c&#xf4;ng, c&#xe1;c vi&#xea;n g&#x1ea1;ch nh&#x1ecf; &#x111;&#x1b0;&#x1ee3;c g&#x1eaf;n tr&#xea;n v&#x1ec9; l&#x1b0;&#x1edb;i Polyamide ch&#x1eaf;c ch&#x1eaf;n, kh&#xf4;ng d&#x1ec5; b&#x1ecb; &#x103;n m&#xf2;n b&#x1edf;i h&#xf3;a ch&#x1ea5;t v&#xe0; c&#xe1;c t&#xe1;c &#x111;&#x1ed9;ng t&#x1eeb; m&#xf4;i tr&#x1b0;&#x1edd;ng. S&#x1ea3;n ph&#x1ea9;m r&#x1ea5;t d&#x1ec5; v&#x1ec7; sinh, l&#xe0;m s&#x1ea1;ch b&#x1eb1;ng kh&#x103;n lau v&#xe0; ch&#x1ea5;t t&#x1ea9;y r&#x1eed;a nh&#x1eb9;.</span></p>\r\n<p style=\"font-weight: 400;\"><span style=\"font-family: arial, helvetica, sans-serif; font-size: 11px;\">- Gi&#xe1; c&#x1ee7;a g&#x1ea1;ch mosaic g&#x1ed1;m&#xa0;c&#x169;ng kh&#xf4;ng qu&#xe1; &#x111;&#x1eaf;t, n&#xf3; ph&#x1ee5; thu&#x1ed9;c v&#xe0;o r&#x1ea5;t nhi&#x1ec1;u y&#x1ebf;u t&#x1ed1;, v&#x1edb;i ch&#x1ea5;t li&#x1ec7;u g&#x1ed1;m n&#xea;n g&#x1ea1;ch n&#xe0;y c&#xf3; gi&#xe1; th&#xe0;nh th&#x1ea5;p h&#x1a1;n so v&#x1edb;i g&#x1ea1;ch mosaic th&#x1ee7;y tinh. M&#x1ed9;t v&#xe0;i y&#x1ebf;u t&#x1ed1; &#x1ea3;nh h&#x1b0;&#x1edf;ng &#x111;&#x1ebf;n gi&#xe1; g&#x1ea1;ch nh&#x1b0; &#x111;&#x1a1;n v&#x1ecb; cung c&#x1ea5;p c&#xf3; nh&#x1ead;p g&#x1ea1;ch qua nhi&#x1ec1;u trung gian hay kh&#xf4;ng, lo&#x1ea1;i g&#x1ea1;ch l&#xe0; nh&#x1ead;p kh&#x1ea9;u hay g&#x1ea1;ch n&#x1ed9;i, c&#xe1;c ch&#xed;nh s&#xe1;ch b&#x1ea3;o h&#xe0;nh s&#x1ea3;n ph&#x1ea9;m&#x2026;</span></p>\r\n<div>\r\n<div>\r\n<div>\r\n<div>&#xa0;</div>\r\n<div><span style=\"font-family: arial, helvetica, sans-serif; font-size: 11px;\"><strong>Th&#xf4;ng Tin s&#x1ea3;n ph&#x1ea9;m</strong></span></div>\r\n<div><span style=\"font-family: arial, helvetica, sans-serif; font-size: 11px;\">&#xa0;</span></div>\r\n</div>\r\n<table style=\"width: 399px;\">\r\n<tbody>\r\n<tr>\r\n<td style=\"width: 168.273px;\"><span style=\"font-family: arial, helvetica, sans-serif; font-size: 11px;\">Ch&#x1ea5;t li&#x1ec7;u</span></td>\r\n<td style=\"width: 215.727px;\"><span style=\"font-family: arial, helvetica, sans-serif; font-size: 11px;\">&#xa0;G&#x1ed1;m</span></td>\r\n</tr>\r\n<tr>\r\n<td style=\"width: 168.273px;\"><span style=\"font-family: arial, helvetica, sans-serif; font-size: 11px;\">Th&#x1b0;&#x1a1;ng hi&#x1ec7;u</span></td>\r\n<td style=\"width: 215.727px;\"><span style=\"font-family: arial, helvetica, sans-serif; font-size: 11px;\">Aushin</span></td>\r\n</tr>\r\n<tr>\r\n<td style=\"width: 168.273px;\"><span style=\"font-family: arial, helvetica, sans-serif; font-size: 11px;\">M&#x1ea3;nh/vu&#xf4;ng</span></td>\r\n<td style=\"width: 215.727px;\"><span style=\"font-family: arial, helvetica, sans-serif; font-size: 11px;\">11 m&#x1ea3;nh/1 vu&#xf4;ng</span></td>\r\n</tr>\r\n<tr>\r\n<td style=\"width: 168.273px;\"><span style=\"font-family: arial, helvetica, sans-serif; font-size: 11px;\">M&#x1ea3;nh/H&#x1ed9;p</span></td>\r\n<td style=\"width: 215.727px;\"><span style=\"font-family: arial, helvetica, sans-serif; font-size: 11px;\">11 m&#x1ea3;nh/1 h&#x1ed9;p</span></td>\r\n</tr>\r\n<tr>\r\n<td style=\"width: 168.273px;\"><span style=\"font-family: arial, helvetica, sans-serif; font-size: 11px;\">&#x110;&#x1b0;&#x1edd;ng k&#xed;nh</span></td>\r\n<td style=\"width: 215.727px;\"><span style=\"font-family: arial, helvetica, sans-serif; font-size: 11px;\">89x96mm</span></td>\r\n</tr>\r\n<tr>\r\n<td style=\"width: 168.273px;\"><span style=\"font-family: arial, helvetica, sans-serif; font-size: 11px;\">Tr&#x1ecd;ng l&#x1b0;&#x1ee3;ng/box</span></td>\r\n<td style=\"width: 215.727px;\"><span style=\"font-family: arial, helvetica, sans-serif; font-size: 11px;\">15 KG</span></td>\r\n</tr>\r\n<tr>\r\n<td style=\"width: 168.273px;\"><span style=\"font-family: arial, helvetica, sans-serif; font-size: 11px;\">K&#xed;ch th&#x1b0;&#x1edb;c/m&#x1ea3;nh</span></td>\r\n<td style=\"width: 215.727px;\"><span style=\"font-family: arial, helvetica, sans-serif; font-size: 11px;\">300x300mm</span></td>\r\n</tr>\r\n</tbody>\r\n</table>\r\n</div>\r\n</div>\r\n</div>\r\n<div style=\"text-align: left;\" data-spm-anchor-id=\"a2700.md_vi_VN.pronpeci14.i3.3c026b3e4zniG1\">&#xa0;</div>\r\n<div style=\"text-align: left;\" data-spm-anchor-id=\"a2700.md_vi_VN.pronpeci14.i3.3c026b3e4zniG1\"><span style=\"font-family: arial, helvetica, sans-serif; font-size: 11px;\"><strong>H&#xec;nh &#x1ea3;nh s&#x1ea3;n ph&#x1ea9;m</strong></span></div>\r\n<div style=\"text-align: center;\" data-spm-anchor-id=\"a2700.md_vi_VN.pronpeci14.i3.3c026b3e4zniG1\">&#xa0;</div>\r\n<div style=\"text-align: center;\" data-spm-anchor-id=\"a2700.md_vi_VN.pronpeci14.i3.3c026b3e4zniG1\"><img src=\"https://b2b.daisan.vn/site/upload/pages/25061/1593594541_9afdb01339ef137ea2f3fb1aa64a9024.jpeg\" alt=\"0\"></div>\r\n<div style=\"text-align: center;\" data-spm-anchor-id=\"a2700.md_vi_VN.pronpeci14.i3.3c026b3e4zniG1\"><img src=\"https://b2b.daisan.vn/site/upload/pages/25061/1593594543_9afdb01339ef137ea2f3fb1aa64a9024.jpeg\" alt=\"1\"></div>\r\n<div style=\"text-align: center;\" data-spm-anchor-id=\"a2700.md_vi_VN.pronpeci14.i3.3c026b3e4zniG1\">&#xa0;</div>\r\n<div style=\"text-align: center;\" data-spm-anchor-id=\"a2700.md_vi_VN.pronpeci14.i3.3c026b3e4zniG1\"><span style=\"font-family: arial, helvetica, sans-serif; font-size: 11px;\">&#xa0;<img src=\"https://b2b.daisan.vn/site/upload/pages/25061/1593594320_9afdb01339ef137ea2f3fb1aa64a9024.jpeg\" alt=\"2\"></span></div>\r\n<div style=\"text-align: center;\" data-spm-anchor-id=\"a2700.md_vi_VN.pronpeci14.i3.3c026b3e4zniG1\"><img src=\"https://b2b.daisan.vn/site/upload/media/images/images/1593594362_aa55dbf85b4a7956b3268d9d9317dfa7.jpeg\">&#xa0;<span style=\"font-family: arial, helvetica, sans-serif; font-size: 11px;\">&#xa0;</span></div>\r\n<div style=\"text-align: center;\" data-spm-anchor-id=\"a2700.md_vi_VN.pronpeci14.i3.3c026b3e4zniG1\">&#xa0;</div>\r\n</div>\r\n<p><span style=\"font-family: arial, helvetica, sans-serif; font-size: 11px;\"><strong>Ch&#x1ee9;ng nh&#x1ead;n</strong>&#xa0;</span></p>\r\n<p style=\"text-align: center;\"><span style=\"font-family: arial, helvetica, sans-serif; font-size: 11px;\"><strong><img src=\"https://b2b.daisan.vn/site/upload/media/images/images/1590396774_48c890f83c957c95b3f8c63b1ecea9a3.jpeg\"></strong></span></p>\r\n<p><span style=\"font-family: arial, helvetica, sans-serif; font-size: 11px;\"><strong>H&#xec;nh &#x1ea3;nh C&#xf4;ng ty</strong></span></p>\r\n<p style=\"text-align: center;\"><span style=\"font-family: arial, helvetica, sans-serif; font-size: 11px;\"><strong><img src=\"https://b2b.daisan.vn/site/upload/media/images/images/1590396807_2e7291ab9216d10456c12822df665745.jpeg\"></strong></span></p>\r\n<p style=\"text-align: left;\"><span style=\"font-family: arial, helvetica, sans-serif; font-size: 11px;\"><strong>X&#x1b0;&#x1edf;ng s&#x1ea3;n xu&#x1ea5;t</strong></span></p>\r\n<p style=\"text-align: center;\"><span style=\"font-family: arial, helvetica, sans-serif; font-size: 11px;\"><strong><img src=\"https://b2b.daisan.vn/site/upload/media/images/images/1590396641_c0edf35965e8e3e1ff6df3a9cbde9975.jpeg\"></strong></span></p>\n                                                    </div>\n                    </div>",
	"supplier": "DAISAN",
	"url_supplier": "https://b2b.daisan.vn"
}