{
	"url": "https://b2b.daisan.vn/gach-op-chan-tuong-trang-men-kich-thuoc-500*90mm-koye2501a-471745.html",
	"title": "Gạch ốp chân tường tráng men kích thước 500*90mm KOYE2501A",
	"description": "Bảo vệ cho sản phẩm này\n                                    \n                                        Giao hàng qua Daisan Logistics\n                                        \n                                        Dự kiến ​​đơn hàng của bạn sẽ được giao trước ngày dự kiến ​​hoặc nhận khoản bồi thường chậm trễ 10%\n                                    \n                                    \n                                        Thanh toán an toàn\n\n                                        \n                                        Mọi khoản thanh toán bạn thực hiện trên Daisan.vn đều được ...\n                                    \n                                    \n                                        Chính sách hoàn tiền\n\n                                        \n                                        Yêu cầu hoàn lại tiền nếu đơn đặt hàng của bạn không được vận chuyển, bị thiếu hoặc giao đến có vấn đề về sản phẩm",
	"price": "114000",
	"sku": "DAISAN_GCH_5640",
	"thumbnail": "https://b2b.daisan.vn/site/upload/pages/25137/1594128046_9afdb01339ef137ea2f3fb1aa64a9024.jpeg",
	"images": [
		"https://b2b.daisan.vn/site/upload/pages/25137/1594128046_9afdb01339ef137ea2f3fb1aa64a9024.jpeg",
		"https://b2b.daisan.vn/site/upload/pages/25137/1594128055_9afdb01339ef137ea2f3fb1aa64a9024.jpeg",
		"https://b2b.daisan.vn/site/upload/pages/25137/1594128080_9afdb01339ef137ea2f3fb1aa64a9024.jpeg",
		"https://b2b.daisan.vn/site/upload/pages/25137/1594128089_9afdb01339ef137ea2f3fb1aa64a9024.jpeg",
		"https://b2b.daisan.vn/site/upload/pages/25137/1594128100_9afdb01339ef137ea2f3fb1aa64a9024.jpeg",
		"https://b2b.daisan.vn/site/upload/pages/25137/1594128110_9afdb01339ef137ea2f3fb1aa64a9024.jpeg",
		"https://b2b.daisan.vn/site/upload/pages/25137/1594221905_9afdb01339ef137ea2f3fb1aa64a9024.jpeg",
		"https://b2b.daisan.vn/site/upload/pages/25137/1594126617_9afdb01339ef137ea2f3fb1aa64a9024.jpeg",
		"https://b2b.daisan.vn/site/upload/pages/25137/1594005112_9afdb01339ef137ea2f3fb1aa64a9024.jpeg",
		"https://b2b.daisan.vn/site/upload/pages/25137/1594221741_9afdb01339ef137ea2f3fb1aa64a9024.jpeg",
		"https://b2b.daisan.vn/site/upload/pages/25137/1594126335_9afdb01339ef137ea2f3fb1aa64a9024.jpeg",
		"https://b2b.daisan.vn/site/upload/pages/25137/1594004684_9afdb01339ef137ea2f3fb1aa64a9024.jpeg",
		"https://b2b.daisan.vn/site/upload/pages/25137/1594216590_9afdb01339ef137ea2f3fb1aa64a9024.jpeg",
		"https://b2b.daisan.vn/site/upload/pages/25137/1594125994_9afdb01339ef137ea2f3fb1aa64a9024.jpeg",
		"https://b2b.daisan.vn/site/upload/pages/25137/1594004244_9afdb01339ef137ea2f3fb1aa64a9024.jpeg",
		"https://b2b.daisan.vn/site/upload/pages/25137/1594215662_9afdb01339ef137ea2f3fb1aa64a9024.jpeg",
		"https://b2b.daisan.vn/site/upload/pages/25137/1594124886_9afdb01339ef137ea2f3fb1aa64a9024.jpeg",
		"https://b2b.daisan.vn/site/upload/pages/25137/1594003581_9afdb01339ef137ea2f3fb1aa64a9024.jpeg",
		"https://b2b.daisan.vn/site/upload/pages/25137/1594003106_9afdb01339ef137ea2f3fb1aa64a9024.jpeg",
		"https://b2b.daisan.vn/site/upload/pages/25137/1594213784_9afdb01339ef137ea2f3fb1aa64a9024.jpeg",
		"https://b2b.daisan.vn/site/upload/pages/25137/1594124620_9afdb01339ef137ea2f3fb1aa64a9024.jpeg"
	],
	"content": "\n<style>\nfont-family: 'Segoe UI', Arial, sans-serif;\n    background: #fff;\n    color: #222;\n    padding: 20px;\n    max-width: 900px;\n    margin: 0 auto;\n    line-height: 1.6;\n</style>\n<div class=\"unknown-content-root\">\n                        <h3 id=\"more-detail\">M&#xf4; t&#x1ea3; s&#x1ea3;n ph&#x1ea9;m t&#x1eeb; nh&#xe0; cung c&#x1ea5;p</h3>\n                        <div class=\"description-info pb-2\">\n                            <h3>M&#xf4; t&#x1ea3; s&#x1ea3;n ph&#x1ea9;m</h3>\n                            <p><strong>G&#x1ea1;ch &#x1ed1;p ch&#xe2;n t&#x1b0;&#x1edd;ng tr&#xe1;ng men k&#xed;ch th&#x1b0;&#x1edb;c 500*90mm KOYE2501A </strong>l&#xe0; g&#x1ea1;ch &#x1ed1;p ch&#xe2;n t&#x1b0;&#x1edd;ng &#x111;&#x1b0;&#x1ee3;c thi&#x1ebf;t k&#x1ebf; v&#x1edb;i m&#x1eab;u m&#xe3; &#x111;a&#xa0; d&#x1ea1;ng, h&#x1ecd;a ti&#x1ebf;t phong ph&#xfa;, tinh x&#x1ea3;o mang l&#x1ea1;i cho kh&#xf4;ng gian s&#x1ed1;ng c&#x1ee7;a gia &#x111;&#xec;nh b&#x1ea1;n m&#x1ed9;t n&#xe9;t &#x111;&#x1eb9;p sang tr&#x1ecd;ng, tinh t&#x1ebf;.</p>\r\n<div>\r\n<p><strong>D&#xf2;ng g&#x1ea1;ch Ceramic&#xa0;</strong>v&#x1edb;i&#xa0;ph&#x1ea7;n x&#x1b0;&#x1a1;ng g&#x1ea1;ch &#x111;&#x1b0;&#x1ee3;c l&#xe0;m ch&#x1ee7; y&#x1ebf;u t&#x1eeb; &#x111;&#x1ea5;t s&#xe9;t, v&#xe0; ph&#xed;a b&#x1ec1; m&#x1eb7;t &#x111;&#x1b0;&#x1ee3;c tr&#xe1;ng m&#x1ed9;t l&#x1edb;p men m&#x1ecf;ng. S&#x1ea3;n ph&#x1ea9;m c&#xf3;&#xa0;m&#xe0;u s&#x1eaf;c v&#xe0; hoa v&#x103;n &#x111;&#x1eb9;p t&#x1ef1; nhi&#xea;n, b&#x1ec1; m&#x1eb7;t &#xea;m m&#x1ec1;m kh&#xf4;ng t&#x1ea1;o ti&#x1ebf;ng &#x1ed3;n khi di chuy&#x1ec3;n, kh&#xf4;ng b&#x1eaf;t ch&#xe1;y, kh&#xf4;ng gi&#xe3;n n&#x1edf;, d&#x1ec5; v&#x1ec7; sinh, ch&#x1ed1;ng vi khu&#x1ea9;n, n&#x1ea5;m m&#x1ed1;c, ch&#x1ed1;ng tr&#x1a1;n tr&#x1b0;&#x1ee3;t, tr&#x1ea7;y x&#x1b0;&#x1edb;c &amp; ch&#x1ecb;u n&#xe9;n cao.</p>\r\n</div>\r\n<div><strong>G&#x1ea1;ch &#x1ed1;p ch&#xe2;n t&#x1b0;&#x1edd;ng </strong>kh&#xf4;ng nh&#x1eef;ng mang l&#x1ea1;i cho kh&#xf4;ng gian s&#x1ed1;ng&#xa0;c&#x1ee7;a b&#x1ea1;n m&#x1ed9;t phong c&#xe1;ch n&#x1ed9;i th&#x1ea5;t ri&#xea;ng bi&#x1ec7;t m&#xe0; c&#xf2;n gi&#xfa;p b&#x1ea3;o v&#x1ec7; ch&#xe2;n t&#x1b0;&#x1edd;ng kh&#x1ecf;i b&#x1ee5;i b&#x1ea9;n, n&#x1ea5;m m&#x1ed1;c, n&#x1ee9;t r&#x1ea1;n v&#xe0; c&#xe1;c t&#xe1;c &#x111;&#x1ed9;ng ti&#xea;u c&#x1ef1;c t&#x1eeb; m&#xf4;i tr&#x1b0;&#x1edd;ng.</div>\r\n<div>&#xa0;</div>\r\n<div>S&#x1ea3;n ph&#x1ea9;m&#xa0;mang &#x111;&#x1ebf;n cho ng&#xf4;i nh&#xe0; c&#x1ee7;a b&#x1ea1;n v&#x1ebb; t&#x1b0;&#x1a1;i m&#x1edb;i, &#x111;i&#x1ec3;m nh&#x1ea5;n &#x111;&#x1ed9;c &#x111;&#xe1;o, n&#xe9;t &#x111;&#x1eb9;p sang tr&#x1ecd;ng, t&#x1ea1;o n&#xea;n kh&#xf4;ng gian s&#x1ed1;ng &#x111;&#x1eb3;ng c&#x1ea5;p, tho&#x1ea3;i m&#xe1;i, ti&#x1ec7;n nghi cho ng&#x1b0;&#x1edd;i s&#x1eed; d&#x1ee5;ng. Thi&#x1ebf;t k&#x1ebf; &#x111;&#x1eb7;c bi&#x1ec7;t th&#xea;m&#xa0;h&#x1ecd;a ti&#x1ebf;t&#xa0;t&#x1ef1; nhi&#xea;n &#x111;&#x1eb9;p m&#x1eaf;t n&#xea;n g&#x1ea1;ch kh&#xf4;ng ch&#x1ec9; mang gi&#xe1; tr&#x1ecb; th&#x1ea9;m m&#x1ef9; cao c&#xf2;n c&#xf3; kh&#x1ea3; n&#x103;ng ch&#x1ed1;ng th&#x1ea5;m c&#x1ef1;c t&#x1ed1;t, b&#x1ec1;n m&#xe0;u, kh&#xf4;ng b&#x1ecb; bong tr&#xf3;c hay tr&#x1ea7;y x&#x1b0;&#x1edb;c trong c&#x1ea3; qu&#xe1; tr&#xec;nh l&#xe2;u d&#xe0;i. Ch&#xed;nh v&#xec; th&#x1ebf;, s&#x1ea3;n ph&#x1ea9;m n&#xe0;y &#x111;&#x1b0;&#x1ee3;c l&#x1ef1;a ch&#x1ecd;n &#x111;&#x1ec3; &#x1ed1;p ch&#xe2;n t&#x1b0;&#x1edd;ng cho kh&#xf4;ng gian n&#x1ed9;i th&#x1ea5;t gia &#x111;&#xec;nh ho&#x1eb7;c c&#xe1;c kh&#xe1;ch s&#x1ea1;n, villa,....<br>S&#x1ea3;n ph&#x1ea9;m &#x111;&#x1b0;&#x1ee3;c &#x111;&#xe1;nh gi&#xe1; cao v&#xe0; l&#xe0; s&#x1ef1; l&#x1ef1;a ch&#x1ecd;n t&#x1ed1;t c&#x1ee7;a kh&#xe1;ch h&#xe0;ng</div>\r\n<div>&#xa0;</div>\r\n<div>\r\n<p><strong>Th&#xf4;ng s&#x1ed1; s&#x1ea3;n ph&#x1ea9;m&#xa0;&#xa0;</strong></p>\r\n<table style=\"width: 461px;\" border=\"2\" cellspacing=\"0\" cellpadding=\"0\">\r\n<tbody>\r\n<tr>\r\n<td style=\"width: 70px;\">\r\n<p data-spm-anchor-id=\"a2700.details.pronpeci14.i3.57806cb4pNleHo\"><span data-spm-anchor-id=\"a2700.details.pronpeci14.i4.57806cb4pNleHo\">K&#xed;ch th&#x1b0;&#x1edb;c (MM)</span></p>\r\n</td>\r\n<td style=\"width: 395px;\">500*90mm</td>\r\n</tr>\r\n<tr>\r\n<td style=\"width: 70px;\">\r\n<p>SIze &#x111;&#x1a1;n m&#x1ea3;nh:&#xa0;</p>\r\n</td>\r\n<td style=\"width: 395px;\">500*90mm</td>\r\n</tr>\r\n<tr>\r\n<td style=\"width: 70px;\">\r\n<p>V&#x1ead;t ch&#x1ea5;t</p>\r\n</td>\r\n<td style=\"width: 395px;\">\r\n<p data-spm-anchor-id=\"a2700.details.pronpeci14.i2.57806cb4pNleHo\"><span data-spm-anchor-id=\"a2700.details.pronpeci14.i1.57806cb4pNleHo\">men g&#x1ed1;m</span></p>\r\n</td>\r\n</tr>\r\n<tr>\r\n<td style=\"width: 70px;\">\r\n<p>S&#x1eed; d&#x1ee5;ng</p>\r\n</td>\r\n<td style=\"width: 395px;\">\r\n<p>G&#x1ea1;ch n&#x1ed9;i th&#x1ea5;t, s&#xe0;n nh&#xe0;, si&#xea;u th&#x1ecb;, kh&#xe1;ch s&#x1ea1;n, bi&#x1ec7;t th&#x1ef1;, Trung t&#xe2;m t&#x1eaf;m, trung t&#xe2;m gi&#x1ea3;i tr&#xed;, v.v.</p>\r\n</td>\r\n</tr>\r\n<tr>\r\n<td style=\"width: 70px;\">\r\n<p>Ch&#x1ee9;c n&#x103;ng</p>\r\n</td>\r\n<td style=\"width: 395px;\">\r\n<p>Ch&#x1ed1;ng axit, kh&#xe1;ng khu&#x1ea9;n, ch&#x1ed1;ng tr&#x1b0;&#x1ee3;t, ch&#x1ed1;ng m&#xe0;i m&#xf2;n, c&#xe1;ch nhi&#x1ec7;t, ch&#x1ed1;ng ch&#xe1;y</p>\r\n</td>\r\n</tr>\r\n<tr>\r\n<td style=\"width: 70px;\">\r\n<p>Th&#x1b0;&#x1a1;ng hi&#x1ec7;u</p>\r\n</td>\r\n<td style=\"width: 395px;\">\r\n<p>Nanhai</p>\r\n</td>\r\n</tr>\r\n<tr>\r\n<td style=\"width: 70px;\">\r\n<p>&#x110;&#xf3;ng g&#xf3;i</p>\r\n</td>\r\n<td style=\"width: 395px;\">\r\n<p align=\"left\">Th&#xf9;ng xu&#x1ea5;t kh&#x1ea9;u ti&#xea;u chu&#x1ea9;n trong pallet g&#x1ed7;</p>\r\n</td>\r\n</tr>\r\n</tbody>\r\n</table>\r\n<p>&#xa0;</p>\r\n<p><strong>H&#xec;nh &#x1ea3;nh s&#x1ea3;n ph&#x1ea9;m</strong>&#xa0;</p>\r\n<p style=\"text-align: center;\"><img src=\"https://b2b.daisan.vn/site/upload/media/images/images/1594124663_3c81ffcb589d70aef6627590e5e03aa8.jpeg\" width=\"650\"></p>\r\n<p style=\"text-align: center;\">&#xa0;</p>\r\n<p style=\"text-align: center;\">&#xa0;<img src=\"https://b2b.daisan.vn/site/upload/media/images/images/1594128139_9a53dda2ad302861acf88c650179e4d7.jpeg\" width=\"650\"></p>\r\n<p style=\"text-align: center;\">&#xa0;&#xa0;</p>\r\n<p style=\"text-align: center;\"><img src=\"https://b2b.daisan.vn/site/upload/media/images/images/1594128165_4ea4b952cc8f1437192818c3dbd47db1.jpeg\" width=\"650\"></p>\r\n<p style=\"text-align: center;\">&#xa0;</p>\r\n<p style=\"text-align: center;\">&#xa0;</p>\r\n<p><strong>Nh&#xe0; m&#xe1;y s&#x1ea3;n xu&#x1ea5;t</strong></p>\r\n<p style=\"text-align: center;\"><img src=\"https://b2b.daisan.vn/site/upload/media/images/images/1593779466_21dff187f4fcd5fd47c0a11ccf075fe6.jpeg\" width=\"650\"></p>\r\n<p>&#xa0;</p>\r\n<p style=\"text-align: center;\"><img src=\"https://b2b.daisan.vn/site/upload/media/images/images/1593779497_b374a2dc1f7cf38fdd5b69ddeaa6d815.jpeg\" width=\"650\"></p>\r\n<p><strong>&#x110;&#xf3;ng g&#xf3;i v&#xe0; v&#x1ead;n chuy&#x1ec3;n</strong></p>\r\n<p>&#xa0;</p>\r\n<p style=\"text-align: center;\"><strong><img src=\"https://b2b.daisan.vn/site/upload/media/images/images/1593779526_7bd977824f042ea3af8ec6e2ee5cc089.jpeg\" width=\"650\"></strong></p>\r\n</div>\n                                                    </div>\n                    </div>",
	"supplier": "DAISAN",
	"url_supplier": "https://b2b.daisan.vn"
}