{
	"url": "https://b2b.daisan.vn/gach-op-tuong-ceramics-aac-256-397476.html",
	"title": "Gạch ốp tường ceramics AAC 256",
	"description": "Bảo vệ cho sản phẩm này\n                                    \n                                        Giao hàng qua Daisan Logistics\n                                        \n                                        Dự kiến ​​đơn hàng của bạn sẽ được giao trước ngày dự kiến ​​hoặc nhận khoản bồi thường chậm trễ 10%\n                                    \n                                    \n                                        Thanh toán an toàn\n\n                                        \n                                        Mọi khoản thanh toán bạn thực hiện trên Daisan.vn đều được ...\n                                    \n                                    \n                                        Chính sách hoàn tiền\n\n                                        \n                                        Yêu cầu hoàn lại tiền nếu đơn đặt hàng của bạn không được vận chuyển, bị thiếu hoặc giao đến có vấn đề về sản phẩm",
	"price": "445000",
	"sku": "DAISAN_GCH_1099",
	"thumbnail": "https://b2b.daisan.vn/site/upload/pages/24283/1562664646_9afdb01339ef137ea2f3fb1aa64a9024.png",
	"images": [
		"https://b2b.daisan.vn/site/upload/pages/24283/1562664646_9afdb01339ef137ea2f3fb1aa64a9024.png",
		"https://b2b.daisan.vn/site/upload/pages/24283/1562664480_9afdb01339ef137ea2f3fb1aa64a9024.png",
		"https://b2b.daisan.vn/site/upload/pages/24283/1562664758_9afdb01339ef137ea2f3fb1aa64a9024.png"
	],
	"content": "\n<style>\nfont-family: 'Segoe UI', Arial, sans-serif;\n    background: #fff;\n    color: #222;\n    padding: 20px;\n    max-width: 900px;\n    margin: 0 auto;\n    line-height: 1.6;\n</style>\n<div class=\"unknown-content-root\">\n                        <h3 id=\"more-detail\">M&#xf4; t&#x1ea3; s&#x1ea3;n ph&#x1ea9;m t&#x1eeb; nh&#xe0; cung c&#x1ea5;p</h3>\n                        <div class=\"description-info pb-2\">\n                            <h3>M&#xf4; t&#x1ea3; s&#x1ea3;n ph&#x1ea9;m</h3>\n                            <div class=\"row clearfix\">\r\n<div class=\"col-md-7 slide-pro-detail\">\r\n<div class=\"resCarousel ResSlid0 ResHover\" data-items=\"4-4-4-5\" data-interval=\"2000\" data-slide=\"1\" data-value=\"-4\">\r\n<div class=\"resCarousel-inner\">\r\n<div class=\"item\">\r\n<div class=\"tile\">&#xa0;</div>\r\n</div>\r\n</div>\r\n</div>\r\n</div>\r\n</div>\r\n<div class=\"description\">\r\n<p style=\"text-align: center;\"><img src=\"http://gachvietnhat.vn/store/images/datas/descriptions/1.jpg\" width=\"700\"></p>\r\n<p style=\"text-align: center;\"><img src=\"http://gachvietnhat.vn/store/images/datas/descriptions/3.JPG\"></p>\r\n<p style=\"text-align: center;\"><img src=\"http://gachvietnhat.vn/store/images/datas/descriptions/4.JPG\"></p>\r\n<p style=\"text-align: center;\"><img src=\"http://gachvietnhat.vn/store/images/datas/descriptions/5.JPG\"></p>\r\n<p style=\"text-align: center;\"><img src=\"http://gachvietnhat.vn/store/images/datas/descriptions/2.jpg\"></p>\r\n</div>\n                                                    </div>\n                    </div>",
	"supplier": "DAISAN",
	"url_supplier": "https://b2b.daisan.vn"
}