{
	"url": "https://b2b.daisan.vn/gach-op-tuong-vi-giay-kich-thuoc-45x95mm-ma-522-479086.html",
	"title": "Gạch ốp tường vỉ giấy kích thước 45x95mm mã 522",
	"description": "Bảo vệ cho sản phẩm này\n                                    \n                                        Giao hàng qua Daisan Logistics\n                                        \n                                        Dự kiến ​​đơn hàng của bạn sẽ được giao trước ngày dự kiến ​​hoặc nhận khoản bồi thường chậm trễ 10%\n                                    \n                                    \n                                        Thanh toán an toàn\n\n                                        \n                                        Mọi khoản thanh toán bạn thực hiện trên Daisan.vn đều được ...\n                                    \n                                    \n                                        Chính sách hoàn tiền\n\n                                        \n                                        Yêu cầu hoàn lại tiền nếu đơn đặt hàng của bạn không được vận chuyển, bị thiếu hoặc giao đến có vấn đề về sản phẩm",
	"price": "250000",
	"sku": "DAISAN_GCH_1102",
	"thumbnail": "https://b2b.daisan.vn/site/upload/pages/22862/1597131684_9afdb01339ef137ea2f3fb1aa64a9024.jpeg",
	"images": [
		"https://b2b.daisan.vn/site/upload/pages/22862/1597131684_9afdb01339ef137ea2f3fb1aa64a9024.jpeg",
		"https://b2b.daisan.vn/site/upload/pages/22862/1597131748_9afdb01339ef137ea2f3fb1aa64a9024.jpeg",
		"https://b2b.daisan.vn/site/upload/pages/22862/1597131814_9afdb01339ef137ea2f3fb1aa64a9024.jpeg",
		"https://b2b.daisan.vn/site/upload/pages/22862/1597131828_9afdb01339ef137ea2f3fb1aa64a9024.jpeg",
		"https://b2b.daisan.vn/site/upload/pages/22862/1597129433_9afdb01339ef137ea2f3fb1aa64a9024.jpeg",
		"https://b2b.daisan.vn/site/upload/pages/22862/1597129061_9afdb01339ef137ea2f3fb1aa64a9024.jpeg",
		"https://b2b.daisan.vn/site/upload/pages/22862/1597126818_9afdb01339ef137ea2f3fb1aa64a9024.jpeg",
		"https://b2b.daisan.vn/site/upload/pages/22862/1597121020_9afdb01339ef137ea2f3fb1aa64a9024.jpeg",
		"https://b2b.daisan.vn/site/upload/pages/22862/1567586842_9afdb01339ef137ea2f3fb1aa64a9024.jpeg",
		"https://b2b.daisan.vn/site/upload/pages/22862/1567586004_9afdb01339ef137ea2f3fb1aa64a9024.jpeg",
		"https://b2b.daisan.vn/site/upload/pages/22862/1567585516_9afdb01339ef137ea2f3fb1aa64a9024.jpeg",
		"https://b2b.daisan.vn/site/upload/pages/22862/1597132533_9afdb01339ef137ea2f3fb1aa64a9024.jpeg",
		"https://b2b.daisan.vn/site/upload/pages/22862/1597132208_9afdb01339ef137ea2f3fb1aa64a9024.jpeg",
		"https://b2b.daisan.vn/site/upload/pages/22862/1597132044_9afdb01339ef137ea2f3fb1aa64a9024.jpeg",
		"https://b2b.daisan.vn/site/upload/pages/22862/1597131382_9afdb01339ef137ea2f3fb1aa64a9024.jpeg",
		"https://b2b.daisan.vn/site/upload/pages/22862/1597130481_9afdb01339ef137ea2f3fb1aa64a9024.jpeg",
		"https://b2b.daisan.vn/site/upload/pages/22862/1597130382_9afdb01339ef137ea2f3fb1aa64a9024.jpeg",
		"https://b2b.daisan.vn/site/upload/pages/22862/1597130168_9afdb01339ef137ea2f3fb1aa64a9024.jpeg",
		"https://b2b.daisan.vn/site/upload/pages/22862/1597130082_9afdb01339ef137ea2f3fb1aa64a9024.jpeg"
	],
	"content": "\n<style>\nfont-family: 'Segoe UI', Arial, sans-serif;\n    background: #fff;\n    color: #222;\n    padding: 20px;\n    max-width: 900px;\n    margin: 0 auto;\n    line-height: 1.6;\n</style>\n<div class=\"unknown-content-root\">\n                        <h3 id=\"more-detail\">M&#xf4; t&#x1ea3; s&#x1ea3;n ph&#x1ea9;m t&#x1eeb; nh&#xe0; cung c&#x1ea5;p</h3>\n                        <div class=\"description-info pb-2\">\n                            <h3>M&#xf4; t&#x1ea3; s&#x1ea3;n ph&#x1ea9;m</h3>\n                            <h2 style=\"text-align: justify;\"><span style=\"font-size: 18px; color: #ff9900;\"><strong>Gi&#x1a1;&#x301;i thi&#xea;&#x323;u Ga&#x323;ch the&#x309; trang tri&#x301;</strong></span></h2>\r\n<p style=\"text-align: justify;\"><span style=\"font-size: 16px;\">G&#x1ea1;ch &#x1ed1;p t&#x1b0;&#x1edd;ng v&#x1ec9; gi&#x1ea5;y k&#xed;ch th&#x1b0;&#x1edb;c 45x95 mm&#xa0;</span></p>\r\n<p style=\"text-align: justify;\"><span style=\"font-size: 16px;\">Ma&#x303; sa&#x309;n ph&#xe2;&#x309;m: 522</span></p>\r\n<p style=\"text-align: center;\"><img src=\"https://b2b.daisan.vn/site/upload/pages/22862/1597131684_9afdb01339ef137ea2f3fb1aa64a9024.jpeg\" alt=\"G&#x1ea1;ch &#x1ed1;p t&#x1b0;&#x1edd;ng v&#x1ec9; gi&#x1ea5;y k&#xed;ch th&#x1b0;&#x1edb;c 45x95 mm \" width=\"800\" height=\"800\"></p>\r\n<p style=\"text-align: center;\"><span style=\"font-size: 16px;\"><em>G&#x1ea1;ch &#x1ed1;p t&#x1b0;&#x1edd;ng v&#x1ec9; gi&#x1ea5;y k&#xed;ch th&#x1b0;&#x1edb;c 45x95 mm&#xa0;</em></span></p>\r\n<h3 style=\"text-align: justify;\"><span style=\"font-size: 18px; color: #ff9900;\"><strong>C&#xf4;ng du&#x323;ng cu&#x309;a ga&#x323;ch the&#x309; trang tri&#x301;</strong></span></h3>\r\n<p style=\"text-align: justify;\"><span style=\"font-size: 16px;\">Ga&#x323;ch the&#x309; &#xf4;&#x301;p t&#x1b0;&#x1a1;&#x300;ng &#x111;&#x1b0;&#x1a1;&#x323;c sa&#x309;n xu&#xe2;&#x301;t &#x111;&#xea;&#x309; thay th&#xea;&#x301; cho ca&#x301;c loa&#x323;i s&#x1a1;n truy&#xea;&#x300;n th&#xf4;&#x301;ng nh&#x103;&#x300;m trang tri&#x301; cu&#x303;ng nh&#x1b0; ba&#x309;o v&#xea;&#x323; cho b&#x1b0;&#x301;c t&#x1b0;&#x1a1;&#x300;ng. Giu&#x301;p cho b&#x1b0;&#x301;c t&#x1b0;&#x1a1;&#x300;ng nha&#x300; ba&#x323;n lu&#x301;c na&#x300;o cu&#x303;ng trong tra&#x323;ng tha&#x301;i t&#xf4;&#x301;t nh&#xe2;&#x301;t. L&#xe0; d&#xf2;ng&#xa0;<a href=\"../products/gach-the-trang-tri\"><strong>G&#x1ea1;ch trang tr&#xed;</strong>&#xa0;</a>&#x111;ang &#x111;&#x1b0;&#x1ee3;c &#x1b0;a chu&#x1ed9;ng trong th&#x1edd;i gian g&#x1ea7;n &#x111;&#xe2;y, m&#xe0;u s&#x1eaf;c, hoa v&#x103;n &#x111;a d&#x1ea1;ng, ph&#xf9; h&#x1ee3;p cho m&#x1ecd;i phong c&#xe1;ch thi&#x1ebf;t k&#x1ebf;.</span></p>\r\n<p style=\"text-align: justify;\"><span style=\"font-size: 16px;\"><strong>Ga&#x323;ch the&#x309; trang tri&#x301;</strong>&#xa0;co&#x301; r&#xe2;&#x301;t nhi&#xea;&#x300;u ki&#x301;ch th&#x1b0;&#x1a1;&#x301;c kha&#x301;c nhau, phu&#x300; h&#x1a1;&#x323;p v&#x1a1;&#x301;i ti&#x301;nh ch&#xe2;&#x301;t cu&#x309;a t&#x1b0;&#x300;ng ki&#xea;&#x309;u kh&#xf4;ng gian. M&#xf4;&#x323;t trong nh&#x1b0;&#x303;ng ki&#x301;ch th&#x1b0;&#x1a1;&#x301;c ph&#xf4;&#x309; bi&#xea;&#x301;n &#x111;o&#x301; la&#x300;:</span></p>\r\n<ul style=\"text-align: justify;\">\r\n<li><span style=\"font-size: 16px;\">75*100mm</span></li>\r\n<li><span style=\"font-size: 16px;\">75*300mm</span></li>\r\n<li><span style=\"font-size: 16px;\">100*100mm</span></li>\r\n<li><span style=\"font-size: 16px;\">100*200mm</span></li>\r\n<li><span style=\"font-size: 16px;\">100*300mm</span></li>\r\n<li><span style=\"font-size: 16px;\">100*400mm</span></li>\r\n<li><span style=\"font-size: 16px;\">&#x2026;&#x2026;&#x2026;...v.v</span></li>\r\n</ul>\r\n<p style=\"text-align: justify;\"><span style=\"font-size: 16px;\">&#x110;&#x1b0;&#x1a1;&#x323;c sa&#x309;n xu&#xe2;&#x301;t t&#x1b0;&#x300; nh&#x1b0;&#x303;ng nguy&#xea;n li&#xea;&#x323;u an toa&#x300;n, th&#xe2;n thi&#xea;&#x323;n v&#x1a1;&#x301;i m&#xf4;i tr&#x1b0;&#x1a1;&#x300;ng n&#xea;n&#xa0;<a href=\"../products/gach-the-trang-tri\"><strong>Ga&#x323;ch the&#x309; trang tri&#x301;</strong></a>&#xa0;&#x111;ang &#x111;&#x1b0;&#x1a1;&#x323;c nhi&#xea;&#x300;u kha&#x301;ch ha&#x300;ng tin du&#x300;ng. Sa&#x309;n ph&#xe2;&#x309;m co&#x301; kha&#x309; n&#x103;ng ch&#xf4;&#x301;ng th&#xe2;&#x301;m tuy&#xea;&#x323;t &#x111;&#xf4;&#x301;i, ng&#x103;n ch&#x103;&#x323;n &#x111;&#x1b0;&#x1a1;&#x323;c r&#xea;u m&#xf4;&#x301;c, &#xf4;&#x301; va&#x300;ng giu&#x301;p cho b&#x1b0;&#x301;c t&#x1b0;&#x1a1;&#x300;ng lu&#xf4;n b&#xea;&#x300;n &#x111;e&#x323;p theo n&#x103;m tha&#x301;ng. Ga&#x323;ch the&#x309; phu&#x300; h&#x1a1;&#x323;p m&#x1a1;&#x301;i mo&#x323;i loa&#x323;i kh&#xf4;ng gian t&#x1b0;&#x300; n&#xf4;&#x323;i &#x111;&#xea;&#x301;n ngoa&#x323;i th&#xe2;&#x301;t. Mang &#x111;&#xea;&#x301;n s&#x1b0;&#x323; &#xe2;&#x301;n t&#x1b0;&#x1a1;&#x323;ng cho nh&#x1b0;&#x303;ng b&#x1b0;&#x301;c t&#x1b0;&#x1a1;&#x300;ng &#x111;&#x1a1;n &#x111;i&#xea;&#x323;u, ta&#x323;o &#x111;i&#xea;&#x309;m nh&#xe2;&#x301;n thu hu&#x301;t mo&#x323;i a&#x301;nh nhi&#x300;n.</span></p>\r\n<h3 style=\"text-align: justify;\"><span style=\"font-size: 18px; color: #ff9900;\"><strong>Ca&#x301;ch s&#x1b0;&#x309; du&#x323;ng ga&#x323;ch the&#x309; trang tri&#x301;</strong></span></h3>\r\n<p style=\"text-align: justify;\"><span style=\"font-size: 16px;\">Nga&#x300;y nay ga&#x323;ch the&#x309; &#xf4;&#x301;p t&#x1b0;&#x1a1;&#x300;ng &#x111;&#x1b0;&#x1a1;&#x323;c s&#x1b0;&#x309; du&#x323;ng ph&#xf4;&#x309; bi&#xea;&#x301;n cho ca&#x309; khu v&#x1b0;&#x323;c n&#xf4;&#x323;i va&#x300; ngoa&#x323;i th&#xe2;&#x301;t. Tuy nhi&#xea;n ba&#x323;n cu&#x303;ng c&#xe2;&#x300;n pha&#x309;i d&#x1b0;&#x323;a va&#x300;o &#x111;&#x103;&#x323;c &#x111;i&#xea;&#x309;m cu&#x309;a t&#x1b0;&#x300;ng kh&#xf4;ng gian &#x111;&#xea;&#x309; l&#x1b0;&#x323;a cho&#x323;n m&#xe2;&#x303;u ga&#x323;ch phu&#x300; h&#x1a1;&#x323;p.</span></p>\r\n<p style=\"text-align: justify;\"><span style=\"font-size: 16px;\"><strong>Khu v&#x1b0;&#x323;c n&#xf4;&#x323;i th&#xe2;&#x301;t:&#xa0;</strong>Vi&#xea;&#x323;c s&#x1b0;&#x309; du&#x323;ng ga&#x323;ch the&#x309; trang tri&#x301; cho khu v&#x1b0;&#x323;c n&#xf4;&#x323;i th&#xe2;&#x301;t ba&#x323;n c&#xe2;&#x300;n pha&#x309;i chu&#x301; y&#x301; &#x111;&#x103;&#x323;c bi&#xea;&#x323;t. Theo ca&#x301;c ky&#x303; s&#x1b0; thi&#x300; khu v&#x1b0;&#x323;c pho&#x300;ng b&#xea;&#x301;p, pho&#x300;ng kha&#x301;ch hay pho&#x300;ng ngu&#x309; ba&#x323;n chi&#x309; n&#xea;n &#xf4;&#x301;p m&#xf4;&#x323;t ph&#xe2;&#x300;n &#x111;&#xea;&#x309; trang tri&#x301; va&#x300; ba&#x309;o v&#xea;&#x323; b&#x1b0;&#x301;c t&#x1b0;&#x1a1;&#x300;ng thay vi&#x300; &#xf4;&#x301;p toa&#x300;n b&#xf4;&#x323;. Co&#x300;n v&#x1a1;&#x301;i kh&#xf4;ng gian nha&#x300; t&#x103;&#x301;m ba&#x323;n co&#x301; th&#xea;&#x309; &#xf4;&#x301;p m&#xf4;&#x323;t ph&#xe2;&#x300;n ho&#x103;&#x323;c toa&#x300;n b&#xf4;&#x323;.</span></p>\r\n<p style=\"text-align: center;\"><span style=\"font-size: 16px;\"><img src=\"https://b2b.daisan.vn/site/upload/media/images/general/1603162318_298b1566af79e80a28d1dc3b625ef679.jpeg\" alt=\"Ga&#x323;ch the&#x309; &#xf4;&#x301;p n&#xf4;&#x323;i th&#xe2;&#x301;t\" width=\"1000\" height=\"1000\"></span></p>\r\n<p style=\"text-align: center;\"><em><span style=\"font-size: 16px;\">Ga&#x323;ch the&#x309; &#xf4;&#x301;p n&#xf4;&#x323;i th&#xe2;&#x301;t</span></em></p>\r\n<p style=\"text-align: justify;\"><span style=\"font-size: 16px;\">M&#xf4;&#x323;t &#x111;i&#xea;&#x300;u c&#xe2;&#x300;n chu&#x301; y&#x301; n&#x1b0;&#x303;a khi s&#x1b0;&#x309; du&#x323;ng ga&#x323;ch the&#x309; &#xf4;&#x301;p t&#x1b0;&#x1a1;&#x300;ng &#x111;o&#x301; la&#x300; khu v&#x1b0;&#x323;c pho&#x300;ng kha&#x301;ch ho&#x103;&#x323;c pho&#x300;ng ngu&#x309; n&#xea;n cho&#x323;n ga&#x323;ch b&#xea;&#x300; m&#x103;&#x323;t nha&#x301;m ho&#x103;&#x323;c men kh&#xf4;. Khu v&#x1b0;&#x323;c nha&#x300; t&#x103;&#x301;m va&#x300; pho&#x300;ng b&#xea;&#x301;p n&#xea;n cho&#x323;n ga&#x323;ch men bo&#x301;ng &#x111;&#xea;&#x309; d&#xea;&#x303; v&#xea;&#x323; sinh.</span></p>\r\n<p style=\"text-align: justify;\"><span style=\"font-size: 16px;\"><strong>Khu v&#x1b0;&#x323;c ngoa&#x323;i th&#xe2;&#x301;t:&#xa0;</strong>Tr&#x1b0;&#x1edb;c khi ch&#x1ecd;n k&#xed;ch th&#x1b0;&#x1edb;c g&#x1ea1;ch &#x1ed1;p t&#x1b0;&#x1edd;ng, c&#x1ea7;n l&#x1b0;u &#xfd; &#x111;&#x1ebf;n di&#x1ec7;n t&#xed;ch kh&#xf4;ng gian c&#x1ea7;n s&#x1eed; d&#x1ee5;ng. N&#x1ebf;u b&#x1ee9;c t&#x1b0;&#x1edd;ng l&#x1edb;n th&#xec; c&#xf3; th&#x1ec3; ch&#x1ecd;n g&#x1ea1;ch k&#xed;ch th&#x1b0;&#x1edb;c l&#x1edb;n, ng&#x1b0;&#x1ee3;c l&#x1ea1;i t&#x1b0;&#x1edd;ng nh&#x1ecf; th&#xec; ch&#x1ec9; n&#xea;n ch&#x1ecd;n g&#x1ea1;ch c&#xf3; k&#xed;ch th&#x1b0;&#x1edb;c nh&#x1ecf;, ho&#x1eb7;c c&#x1ea7;n xem &#x111;&#x1ebf;n di&#x1ec7;n t&#xed;ch s&#x1eed; d&#x1ee5;ng &#x111;&#x1ec3; t&#xed;nh to&#xe1;n, l&#x1ef1;a ch&#x1ecd;n h&#x1ee3;p l&#xfd;, h&#x1ea1;n ch&#x1ebf; tr&#x1b0;&#x1edd;ng h&#x1ee3;p c&#x1eaf;t g&#x1ea1;ch, tr&#xe1;nh hao h&#x1ee5;t kh&#xf4;ng c&#x1ea7;n thi&#x1ebf;t.</span></p>\r\n<p style=\"text-align: center;\"><span style=\"font-size: 16px;\"><img src=\"https://b2b.daisan.vn/site/upload/media/images/general/1603162432_57e3eefaa2f369aeabfd25e05fdf97cf.jpeg\" alt=\"Ga&#x323;ch the&#x309; &#xf4;&#x301;p ngoa&#x323;i th&#xe2;&#x301;t\" width=\"816\" height=\"612\"></span></p>\r\n<p style=\"text-align: center;\"><em><span style=\"font-size: 16px;\">Ga&#x323;ch the&#x309; &#xf4;&#x301;p ngoa&#x323;i th&#xe2;&#x301;t</span></em></p>\r\n<p style=\"text-align: justify;\"><span style=\"font-size: 16px;\">G&#x1ea1;ch th&#x1ebb; trang tr&#xed; c&#xf2;n &#x111;&#x1b0;&#x1ee3;c &#x1ed1;p l&#xe1;t theo nhi&#x1ec1;u ph&#x1b0;&#x1a1;ng ph&#xe1;p kh&#xe1;c nhau &#x111;&#x1ec3; t&#x1ea1;o s&#x1ef1; &#x111;&#x1ed9;c &#x111;&#xe1;o, c&#xe1; t&#xed;nh ri&#xea;ng cho t&#x1eeb;ng ng&#xf4;i nh&#xe0;. H&#xe3;y c&#xf9;ng t&#xec;m hi&#x1ec3;u nh&#x1eef;ng &#xfd; t&#x1b0;&#x1edf;ng thi&#x1ebf;t k&#x1ebf; khi s&#x1eed; d&#x1ee5;ng g&#x1ea1;ch th&#x1ebb; trong trang tr&#xed; n&#x1ed9;i th&#x1ea5;t hi&#x1ec7;n nay nh&#xe9;.</span></p>\r\n<p style=\"text-align: justify;\"><span style=\"font-size: 16px;\"><strong>&#xd4;&#x301;p so le</strong>: La&#x300; ca&#x301;ch &#xf4;&#x301;p &#x111;&#x1a1;n gia&#x309;n va&#x300; ph&#xf4;&#x309; bi&#xea;&#x301;n nh&#xe2;&#x301;t hi&#xea;&#x323;n nay. Ph&#x1b0;&#x1a1;ng pha&#x301;p na&#x300;y mang &#x111;&#xea;&#x301;n s&#x1b0;&#x323; nhe&#x323; nha&#x300;ng tinh t&#xea;&#x301; cho kh&#xf4;nng gian ngoa&#x323;i th&#xe2;&#x301;t ho&#x103;&#x323;c pho&#x300;ng b&#xea;&#x301;p, nha&#x300; t&#x103;&#x301;m</span></p>\r\n<p style=\"text-align: center;\"><span style=\"font-size: 16px;\"><em><img src=\"https://b2b.daisan.vn/site/upload/media/images/general/1603162636_55afcc99f1d1f84b71ffa99dcace2837.jpeg\" alt=\"&#xd4;&#x301;p so le &#x2013; ki&#xea;&#x309;u &#xf4;&#x301;p c&#x1a1; ba&#x309;n\" width=\"512\" height=\"352\"></em></span></p>\r\n<p style=\"text-align: center;\"><span style=\"font-size: 16px;\"><em>&#xd4;&#x301;p so le &#x2013; ki&#xea;&#x309;u &#xf4;&#x301;p c&#x1a1; ba&#x309;n</em></span></p>\r\n<p style=\"text-align: justify;\"><span style=\"font-size: 16px;\"><strong>&#xd4;&#x301;p xen ke&#x303; do&#x323;c</strong>: M&#x1ed9;t ch&#xfa;t s&#xe1;ng t&#x1ea1;o theo c&#xe1;ch &#x1ed1;p c&#x1ed5; &#x111;i&#x1ec3;n, b&#x1ea1;n c&#x169;ng ch&#x1ec9; c&#xe2;n l&#x1ead;t d&#x1ecd;c vi&#xea;n g&#x1ea1;ch l&#x1ea1;i v&#xe0; &#x1ed1;p. Nh&#x1eef;ng c&#xe1;ch &#x1ed1;p vi&#xea;n g&#x1ea1;ch nh&#x1b0; th&#x1ebf; n&#xe0;y s&#x1ebd; t&#x1ea1;o c&#x1ea3;m gi&#xe1;c tr&#x1ea7;n nh&#xe0; tr&#x1edf; n&#xea;n cao h&#x1a1;n v&#xe0; thanh to&#xe1;t h&#x1a1;n.</span></p>\r\n<p style=\"text-align: center;\"><span style=\"font-size: 16px;\"><em><img src=\"https://b2b.daisan.vn/site/upload/media/images/general/1603162668_16703e3f990f99e30b66698034fc8415.jpeg\" alt=\"M&#xf4;&#x323;t trong nh&#x1b0;&#x303;ng ki&#xea;&#x309;u &#xf4;&#x301;p c&#xf4;&#x309; &#x111;i&#xea;&#x309;n\" width=\"1460\" height=\"2026\"></em></span></p>\r\n<p style=\"text-align: center;\"><span style=\"font-size: 16px;\"><em>M&#xf4;&#x323;t trong nh&#x1b0;&#x303;ng ki&#xea;&#x309;u &#xf4;&#x301;p c&#xf4;&#x309; &#x111;i&#xea;&#x309;n</em></span></p>\r\n<p style=\"text-align: justify;\"><span style=\"font-size: 16px;\">&#xa0;</span></p>\r\n<p style=\"text-align: justify;\"><span style=\"font-size: 16px;\"><strong>&#xd4;&#x301;p zic zac</strong>: La&#x300; ph&#x1b0;&#x1a1;ng pha&#x301;p giu&#x301;p ca&#x309;i thi&#xea;&#x323;n chi&#xea;&#x300;u s&#xe2;u kh&#xf4;ng gian. Th&#x1b0;&#x1a1;&#x300;ng &#x111;&#x1b0;&#x1a1;&#x323;c &#x1b0;&#x301;ng du&#x323;ng v&#x1a1;&#x301;i ca&#x301;c do&#x300;ng ga&#x323;ch la&#x301;t cho pho&#x300;ng kha&#x301;ch hay &#xf4;&#x301;p t&#x1b0;&#x1a1;&#x300;ng ta&#x323;i nhi&#xea;&#x300;u khu v&#x1b0;&#x323;c.</span></p>\r\n<p style=\"text-align: center;\"><span style=\"font-size: 16px;\"><img src=\"https://b2b.daisan.vn/site/upload/media/images/general/1603162696_9bff3ec264d09a9db2087905716def69.jpeg\" alt=\"&#xd4;&#x301;p zic zac giu&#x301;p ca&#x309;i thi&#xea;&#x323;n chi&#xea;&#x300;u s&#xe2;u kh&#xf4;ng gian\" width=\"1200\" height=\"944\"></span></p>\r\n<p style=\"text-align: center;\"><span style=\"font-size: 16px;\"><em>&#xd4;&#x301;p zic zac giu&#x301;p ca&#x309;i thi&#xea;&#x323;n chi&#xea;&#x300;u s&#xe2;u kh&#xf4;ng gian</em></span></p>\r\n<p style=\"text-align: justify;\"><span style=\"font-size: 16px;\"><strong>&#xd4;&#x301;p k&#xea;&#x301;t h&#x1a1;&#x323;p</strong>: B&#xea;n ca&#x323;nh vi&#xea;&#x323;c chi&#x309; du&#x300;ng m&#xf4;&#x303;i ga&#x323;ch the&#x309; ma&#x300;u tr&#x103;&#x301;ng ba&#x323;n co&#x301; th&#xea;&#x309; k&#xea;&#x301;t h&#x1a1;&#x323;p v&#x1a1;&#x301;i va&#x300;i m&#xe2;&#x303;u ga&#x323;ch the&#x309; kha&#x301;ch ma&#x300;u, giu&#x301;p cho kh&#xf4;ng gian tr&#x1a1;&#x309; n&#xea;n kha&#x301;ch bi&#xea;&#x323;t, pha&#x301; ca&#x301;ch.</span></p>\r\n<p style=\"text-align: center;\"><span style=\"font-size: 16px;\"><img src=\"https://b2b.daisan.vn/site/upload/media/images/general/1603162737_569c186c354a348875aa3704df107966.jpeg\" alt=\"&#xd4;&#x301;p k&#xea;&#x301;t h&#x1a1;&#x323;p ta&#x323;o n&#xea;n s&#x1b0;&#x323; &#xe2;&#x301;n t&#x1b0;&#x1a1;ng, pha&#x301; ca&#x301;ch\" width=\"1080\" height=\"1080\"></span></p>\r\n<p style=\"text-align: center;\"><span style=\"font-size: 16px;\"><em>&#xd4;&#x301;p k&#xea;&#x301;t h&#x1a1;&#x323;p ta&#x323;o n&#xea;n s&#x1b0;&#x323; &#xe2;&#x301;n t&#x1b0;&#x1a1;ng, pha&#x301; ca&#x301;ch</em></span></p>\r\n<p style=\"text-align: justify;\"><span style=\"font-size: 16px;\"><strong>&#x1ed0;p g&#x1ea1;ch th&#x1ebb; trang tr&#xed; h&#xec;nh x&#x1b0;&#x1a1;ng c&#xe1;:</strong>&#xa0;V&#x1edb;i c&#xe1;ch &#x1ed1;p n&#xe0;y, vi&#xea;n g&#x1ea1;ch s&#x1ebd; &#x111;&#x1b0;&#x1ee3;c &#x111;&#x1eb7;t nghi&#xea;ng 90 &#x111;&#x1ed9;. Th&#xed;ch h&#x1ee3;p &#x111;&#x1ec3; &#x1ed1;p trong m&#x1ed9;t kh&#xf4;ng gian cao nh&#x1b0; v&#xf2;i hoa sen, &#x111;&#x1ec3; t&#x1ea1;o ra m&#xf4; h&#xec;nh d&#x1ecd;c v&#xe0; ngang h&#xe0;i h&#xf2;a.</span></p>\r\n<p style=\"text-align: center;\"><span style=\"font-size: 16px;\"><img src=\"https://b2b.daisan.vn/site/upload/media/images/general/1603162757_5030924dd397bc0ff86b8d2ea00e3fa7.jpeg\" alt=\"Ki&#xea;&#x309;u &#xf4;&#x301;p hi&#x300;nh x&#x1b0;&#x1a1;ng ca&#x301; ta&#x323;o ca&#x309;m gia&#x301;c ha&#x300;i ho&#x300;a\" width=\"380\" height=\"523\"></span></p>\r\n<p style=\"text-align: center;\"><span style=\"font-size: 16px;\"><em>Ki&#xea;&#x309;u &#xf4;&#x301;p hi&#x300;nh x&#x1b0;&#x1a1;ng ca&#x301; ta&#x323;o ca&#x309;m gia&#x301;c ha&#x300;i ho&#x300;a</em></span></p>\r\n<p style=\"text-align: justify;\"><span style=\"font-size: 16px;\">Tr&#x1b0;&#x1edb;c &#x111;&#xe2;y khi n&#xf3;i &#x111;&#x1ebf;n trang tr&#xed; n&#xf4;&#x323;i, ngo&#x1ea1;i th&#x1ea5;t ng&#x1b0;&#x1edd;i ta th&#x1b0;&#x1edd;ng s&#x1eed; d&#x1ee5;ng&#xa0;<a href=\"../products/son-noi-that-ngoai-that\"><strong>s&#x1a1;n n&#xf4;&#x323;i ngo&#x1ea1;i th&#x1ea5;t</strong>&#xa0;</a>. &#x1af;u &#x111;i&#x1ec3;m c&#x1ee7;a lo&#x1ea1;i v&#x1ead;t li&#x1ec7;u n&#xe0;y l&#xe0; s&#x1ef1; phong ph&#xfa; v&#x1ec1; m&#xe0;u s&#x1eaf;c, gi&#xe1; th&#xe0;nh r&#x1ebb;, thi c&#xf4;ng kh&#xe1; &#x111;&#x1a1;n gi&#x1ea3;n. Tuy nhi&#xea;n, nh&#x1b0;&#x1ee3;c &#x111;i&#x1ec3;m l&#x1edb;n nh&#x1ea5;t l&#xe0; r&#x1ea5;t d&#x1ec5; b&#x1ecb; n&#x1ea5;m m&#x1ed1;c, n&#xea;n r&#x1ea5;t nhanh ph&#x1ea3;i s&#x1a1;n ph&#x1ee7; l&#x1ea1;i b&#x1ec1; m&#x1eb7;t c&#xf4;ng tr&#xec;nh.</span></p>\r\n<p style=\"text-align: justify;\"><span style=\"font-size: 16px;\">Trong khi &#x111;&#xf3;&#xa0;ga&#x323;ch l&#x1ea1;i l&#xe0; v&#x1ead;t li&#x1ec7;u truy&#x1ec1;n th&#x1ed1;ng c&#x1ee7;a ng&#x1b0;&#x1edd;i Vi&#x1ec7;t, &#x111;&#x1b0;&#x1ee3;c s&#x1eed; d&#x1ee5;ng r&#x1ea5;t nhi&#x1ec1;u trong ki&#x1ebf;n tr&#xfa;c x&#xe2;y d&#x1ef1;ng n&#xea;n vi&#x1ec7;c d&#xf9;ng g&#x1ea1;ch &#x111;&#x1ec3; l&#xe0;m v&#x1ead;t li&#x1ec7;u trang tr&#xed; l&#xe0; m&#x1ed9;t gi&#x1ea3;i ph&#xe1;p &#x111;&#x1ed9;c &#x111;&#xe1;o.&#xa0;<strong><a href=\"../products/gach-the-trang-tri\">G&#x1ea1;ch Th&#x1ebb;</a>&#xa0;</strong>c&#xf3; &#x111;&#x1ed9; b&#x1ec1;n cao h&#x1a1;n nhi&#x1ec1;u l&#x1ea7;n so v&#x1edb;i s&#x1a1;n, chi ph&#xed; &#x111;&#x1ea7;u t&#x1b0; h&#x1ee3;p l&#xfd;, m&#x1eab;u m&#xe3;, ki&#x1ec3;u d&#xe1;ng, m&#xe0;u s&#x1eaf;c c&#x1ef1;c k&#x1ef3; &#x111;a d&#x1ea1;ng ch&#x1eaf;c ch&#x1eaf;n l&#xe0; m&#x1ed9;t s&#x1ea3;n ph&#x1ea9;m thi&#x1ebf;t y&#x1ebf;u trong l&#x129;nh v&#x1ef1;c&#xa0;Trang tr&#xed; n&#x1ed9;i th&#x1ea5;t, ngo&#x1ea1;i th&#x1ea5;t.</span></p>\r\n<p style=\"text-align: center;\"><span style=\"font-size: 16px;\"><img src=\"https://b2b.daisan.vn/site/upload/media/images/general/1603162922_d8ae043513c9879f6b9d2439d1a39964.jpeg\" alt=\"Ga&#x323;ch the&#x309; la&#x300; s&#x1b0;&#x323; l&#x1b0;&#x323;a cho&#x323;n th&#xf4;ng minh cho vi&#xea;&#x323;c trang tri&#x301; n&#xf4;&#x323;i, ngoa&#x323;i th&#xe2;&#x301;t\" width=\"1000\" height=\"1333\"></span></p>\r\n<p style=\"text-align: center;\"><span style=\"font-size: 16px;\"><em>Ga&#x323;ch the&#x309; la&#x300; s&#x1b0;&#x323; l&#x1b0;&#x323;a cho&#x323;n th&#xf4;ng minh cho vi&#xea;&#x323;c trang tri&#x301; n&#xf4;&#x323;i, ngoa&#x323;i th&#xe2;&#x301;t</em></span></p>\r\n<p><span style=\"font-size: 16px;\">B&#x1ea1;n mu&#x1ed1;n m&#x1ed9;t ng&#xf4;i nh&#xe0; sang tr&#x1ecd;ng v&#xe0; hi&#x1ec7;n &#x111;&#x1ea1;i? B&#x1ea1;n mu&#x1ed1;n m&#x1ed9;t ng&#xf4;i nh&#xe0; kh&#xf4;ng b&#x1ecb; x&#xe2;m nh&#x1ead;p b&#x1edf;i n&#x1ea5;m m&#x1ed1;c, kh&#xf4;ng b&#x1ecb; tr&#xe0;y x&#x1b0;&#x1edb;c, kh&#xf4;ng b&#x1ecb; c&#x169; k&#x1ef9; theo th&#x1edd;i gian, h&#x1a1;n n&#x1eef;a l&#x1ea1;i c&#xf3; kh&#x1ea3; n&#x103;ng t&#x1ef1; l&#xe0;m s&#x1ea1;ch cao?</span></p>\r\n<p style=\"text-align: justify;\"><span style=\"font-size: 16px;\">G&#x1ea1;ch th&#x1ebb; l&#xe0; m&#x1ed9;t l&#x1ef1;a ch&#x1ecd;n ho&#xe0;n h&#x1ea3;o cho nh&#x1eef;ng kh&#xe1;ch h&#xe0;ng th&#xed;ch kh&#xf4;ng gian c&#xf3; s&#x1ef1; thu h&#xfa;t, &#x111;i&#x1ec3;m nh&#x1ea5;n b&#x1eaf;t m&#x1eaf;t, ngay c&#x1ea3; nh&#x1eef;ng ph&#x1ea7;n ki&#x1ebf;n tr&#xfa;c &#x111;&#x1a1;n gi&#x1ea3;n nh&#x1ea5;t c&#x169;ng tr&#x1edf; n&#xea;n s&#x1ed1;ng &#x111;&#x1ed9;ng v&#xe0; &#x111;&#x1eb9;p m&#x1eaf;t.</span><br><span style=\"font-size: 16px;\">G&#x1ea1;ch th&#x1ebb; ph&#xf9; h&#x1ee3;p v&#x1edb;i c&#x1ea3; phong c&#xe1;ch c&#x1ed5; &#x111;i&#x1ec3;n v&#xe0; hi&#x1ec7;n &#x111;&#x1ea1;i, th&#x1b0;&#x1edd;ng d&#xf9;ng &#x111;&#x1ec3; &#x1ed1;p trang tr&#xed; nh&#x1eef;ng v&#x1ecb; tr&#xed;:&#xa0;</span><br><span style=\"font-size: 16px;\">-Ngo&#x1ea1;i th&#x1ea5;t: m&#x1eb7;t ti&#x1ec1;n, c&#x1ed9;t c&#x1ed5;ng, b&#x1ed3;n hoa, ban c&#xf4;ng...</span><br><span style=\"font-size: 16px;\">-N&#x1ed9;i th&#x1ea5;t: v&#x1ecb; tr&#xed; &#x111;&#x1eb7;t tivi ho&#x1eb7;c l&#xf2; s&#x1b0;&#x1edf;i, t&#x1b0;&#x1edd;ng &#x111;&#x1ea7;u gi&#x1b0;&#x1edd;ng ng&#x1ee7;, ph&#xf2;ng t&#x1eaf;m...</span></p>\r\n<p style=\"text-align: justify;\"><span style=\"font-size: 16px;\">&#xa0;</span></p>\n                                                    </div>\n                    </div>",
	"supplier": "DAISAN",
	"url_supplier": "https://b2b.daisan.vn"
}