{
	"url": "https://b2b.daisan.vn/gach-op-chan-tuong-anh-kim-kich-thuoc-15x80cm-1583kh-480169.html",
	"title": "Gạch ốp chân tường ánh kim kích thước 15x80cm 1583KH",
	"description": "Bảo vệ cho sản phẩm này\n                                    \n                                        Giao hàng qua Daisan Logistics\n                                        \n                                        Dự kiến ​​đơn hàng của bạn sẽ được giao trước ngày dự kiến ​​hoặc nhận khoản bồi thường chậm trễ 10%\n                                    \n                                    \n                                        Thanh toán an toàn\n\n                                        \n                                        Mọi khoản thanh toán bạn thực hiện trên Daisan.vn đều được ...\n                                    \n                                    \n                                        Chính sách hoàn tiền\n\n                                        \n                                        Yêu cầu hoàn lại tiền nếu đơn đặt hàng của bạn không được vận chuyển, bị thiếu hoặc giao đến có vấn đề về sản phẩm",
	"price": "110000",
	"sku": "DAISAN_GCH_1023",
	"thumbnail": "https://b2b.daisan.vn/site/upload/pages/2608/1597226019_9afdb01339ef137ea2f3fb1aa64a9024.jpeg",
	"images": [
		"https://b2b.daisan.vn/site/upload/pages/2608/1597226019_9afdb01339ef137ea2f3fb1aa64a9024.jpeg",
		"https://b2b.daisan.vn/site/upload/pages/2608/1597226026_9afdb01339ef137ea2f3fb1aa64a9024.jpeg",
		"https://b2b.daisan.vn/site/upload/pages/2608/1597226118_9afdb01339ef137ea2f3fb1aa64a9024.jpeg"
	],
	"content": "\n<style>\nfont-family: 'Segoe UI', Arial, sans-serif;\n    background: #fff;\n    color: #222;\n    padding: 20px;\n    max-width: 900px;\n    margin: 0 auto;\n    line-height: 1.6;\n</style>\n<div class=\"unknown-content-root\">\n                        <h3 id=\"more-detail\">M&#xf4; t&#x1ea3; s&#x1ea3;n ph&#x1ea9;m t&#x1eeb; nh&#xe0; cung c&#x1ea5;p</h3>\n                        <div class=\"description-info pb-2\">\n                            <h3>M&#xf4; t&#x1ea3; s&#x1ea3;n ph&#x1ea9;m</h3>\n                            <p>G&#x1ea1;ch &#x1ed1;p ch&#xe2;n t&#x1b0;&#x1edd;ng &#xe1;nh kim k&#xed;ch th&#x1b0;&#x1edb;c 15x80cm 1583KH v&#x1edb;i h&#x1ecd;a ti&#x1ebf;t trang tr&#xed; sang tr&#x1ecd;ng, &#xe1;nh kim gi&#xfa;p kh&#xf4;ng gian ph&#xf2;ng kh&#xe1;ch tr&#x1edf; n&#xea;n th&#x1ea9;m m&#x1ef9; v&#xe0; phong c&#xe1;ch h&#x1a1;n.</p>\r\n<p><strong>Th&#xf4;ng s&#x1ed1; s&#x1ea3;n ph&#x1ea9;m</strong></p>\r\n<p>Ch&#x1ea5;t li&#x1ec7;u: porcelain</p>\r\n<p>B&#x1ec1; m&#x1eb7;t: nh&#x169; &#xe1;nh kim</p>\r\n<p>K&#xed;ch th&#x1b0;&#x1edb;c: 15x80cm</p>\r\n<p>Xu&#x1ea5;t x&#x1ee9;: Nh&#x1ead;p kh&#x1ea9;u Trung Qu&#x1ed1;c</p>\r\n<p>&#xa0;</p>\r\n<p style=\"text-align: center;\"><img src=\"https://b2b.daisan.vn/site/upload/pages/908/1597226019_9afdb01339ef137ea2f3fb1aa64a9024.jpeg\" alt=\"0\" width=\"600\"></p>\r\n<p style=\"text-align: center;\"><img src=\"https://b2b.daisan.vn/site/upload/pages/908/1597226026_9afdb01339ef137ea2f3fb1aa64a9024.jpeg\" alt=\"1\" width=\"600\"></p>\n                                                    </div>\n                    </div>",
	"supplier": "DAISAN",
	"url_supplier": "https://b2b.daisan.vn"
}