{
	"url": "https://b2b.daisan.vn/gach-op-tuong-tasa-400x800mm-4804-192583.html",
	"title": "Gạch ốp tường Tasa 400x800mm 4804",
	"description": "Bảo vệ cho sản phẩm này\n                                    \n                                        Giao hàng qua Daisan Logistics\n                                        \n                                        Dự kiến ​​đơn hàng của bạn sẽ được giao trước ngày dự kiến ​​hoặc nhận khoản bồi thường chậm trễ 10%\n                                    \n                                    \n                                        Thanh toán an toàn\n\n                                        \n                                        Mọi khoản thanh toán bạn thực hiện trên Daisan.vn đều được ...\n                                    \n                                    \n                                        Chính sách hoàn tiền\n\n                                        \n                                        Yêu cầu hoàn lại tiền nếu đơn đặt hàng của bạn không được vận chuyển, bị thiếu hoặc giao đến có vấn đề về sản phẩm",
	"price": "95000",
	"sku": "DAISAN_GCH_3638",
	"thumbnail": "https://b2b.daisan.vn/site/upload/pages/16246/1538991605_9afdb01339ef137ea2f3fb1aa64a9024.jpeg",
	"images": [
		"https://b2b.daisan.vn/site/upload/pages/16246/1538991605_9afdb01339ef137ea2f3fb1aa64a9024.jpeg",
		"https://b2b.daisan.vn/site/upload/pages/16246/1539051465_9afdb01339ef137ea2f3fb1aa64a9024.jpeg",
		"https://b2b.daisan.vn/site/upload/pages/16246/1538993427_9afdb01339ef137ea2f3fb1aa64a9024.jpeg",
		"https://b2b.daisan.vn/site/upload/pages/16246/1538991118_9afdb01339ef137ea2f3fb1aa64a9024.jpeg",
		"https://b2b.daisan.vn/site/upload/pages/16246/1539051440_9afdb01339ef137ea2f3fb1aa64a9024.jpeg",
		"https://b2b.daisan.vn/site/upload/pages/16246/1538993338_9afdb01339ef137ea2f3fb1aa64a9024.jpeg",
		"https://b2b.daisan.vn/site/upload/pages/16246/1538991092_9afdb01339ef137ea2f3fb1aa64a9024.jpeg",
		"https://b2b.daisan.vn/site/upload/pages/16246/1539051413_9afdb01339ef137ea2f3fb1aa64a9024.jpeg",
		"https://b2b.daisan.vn/site/upload/pages/16246/1538993312_9afdb01339ef137ea2f3fb1aa64a9024.jpeg",
		"https://b2b.daisan.vn/site/upload/pages/16246/1538990995_9afdb01339ef137ea2f3fb1aa64a9024.jpeg",
		"https://b2b.daisan.vn/site/upload/pages/16246/1539051131_9afdb01339ef137ea2f3fb1aa64a9024.jpeg",
		"https://b2b.daisan.vn/site/upload/pages/16246/1538993284_9afdb01339ef137ea2f3fb1aa64a9024.jpeg",
		"https://b2b.daisan.vn/site/upload/pages/16246/1538990867_9afdb01339ef137ea2f3fb1aa64a9024.jpeg",
		"https://b2b.daisan.vn/site/upload/pages/16246/1538990729_9afdb01339ef137ea2f3fb1aa64a9024.jpeg",
		"https://b2b.daisan.vn/site/upload/pages/16246/1539051003_9afdb01339ef137ea2f3fb1aa64a9024.jpeg",
		"https://b2b.daisan.vn/site/upload/pages/16246/1538993254_9afdb01339ef137ea2f3fb1aa64a9024.jpeg"
	],
	"content": "\n<style>\nfont-family: 'Segoe UI', Arial, sans-serif;\n    background: #fff;\n    color: #222;\n    padding: 20px;\n    max-width: 900px;\n    margin: 0 auto;\n    line-height: 1.6;\n</style>\n<div class=\"unknown-content-root\">\n                        <h3 id=\"more-detail\">M&#xf4; t&#x1ea3; s&#x1ea3;n ph&#x1ea9;m t&#x1eeb; nh&#xe0; cung c&#x1ea5;p</h3>\n                        <div class=\"description-info pb-2\">\n                            <h3>M&#xf4; t&#x1ea3; s&#x1ea3;n ph&#x1ea9;m</h3>\n                            <p><span style=\"font-size: 14px;\">G&#x1ea1;ch TASA 40&#xd7;80&#xa0;&#x111;i&#x1ec3;m 4804 l&#xe0; vi&#xea;n &#x111;i&#x1ec3;m trong b&#x1ed9; g&#x1ea1;ch 4004- 4803 &#x2013; 4804 &#x1ed1;p t&#x1b0;&#x1edd;ng hoa c&#xe1;ch &#x111;i&#x1ec7;u thu&#x1ed9;c d&#xf2;ng th&#x1b0;&#x1a1;ng hi&#x1ec7;u n&#x1ed5;i ti&#x1ebf;ng h&#xe0;ng &#x111;&#x1ea7;u Vi&#x1ec7;t Nam. &#x110;&#x1b0;&#x1ee3;c s&#x1ea3;n xu&#x1ea5;t tr&#xea;n d&#xe2;y chuy&#x1ec1;n hi&#x1ec7;n &#x111;&#x1ea1;i, v&#x1edb;i n&#x1ec1;n c&#xf4;ng ngh&#x1ec7; m&#x1edb;i v&#xe0; ti&#xea;n ti&#x1ebf;n, g&#x1ea1;ch &#x111;&#x1b0;&#x1ee3;c thi&#x1ebf;t k&#x1ebf; t&#x1ec9; m&#x1ec9; trong t&#x1eeb;ng &#x111;&#x1b0;&#x1edd;ng n&#xe9;t hoa v&#x103;n phong ph&#xfa;, &#x111;em l&#x1ea1;i kh&#xf4;ng gian tho&#xe1;ng &#x111;&#xe3;ng, ph&#xf9; h&#x1ee3;p cho m&#x1ecd;i c&#xf4;ng tr&#xec;nh nh&#xe0; &#x1edf;.</span></p>\r\n<p><span style=\"font-size: 14px;\">G&#x1ea1;ch &#x111;&#x1b0;&#x1ee3;c l&#xe0;m t&#x1eeb; ch&#x1ea5;t li&#x1ec7;u ceramic cao c&#x1ea5;p c&#xf3; &#x111;&#x1ed9; d&#xe0;y v&#xe0; &#x111;&#x1ed9; c&#x1ee9;ng cao, lu&#xf4;n b&#x1ec1;n m&#xe0;u trong m&#x1ecd;i &#x111;i&#x1ec1;u ki&#x1ec7;n kh&#x1eaf;c nghi&#x1ec7;t c&#x1ee7;a m&#xf4;i tr&#x1b0;&#x1edd;ng, c&#xf3; kh&#x1ea3; n&#x103;ng ch&#x1ed1;ng tr&#x1a1;n tr&#x1b0;&#x1ee3;t r&#x1ea5;t t&#x1ed1;t, &#x111;&#x1ed9; b&#x1ec1;n cao, h&#x1ea1;n ch&#x1ebf; tr&#x1ea7;y x&#x1b0;&#x1edb;c, ch&#x1ed1;ng ch&#x1ecb;u &#x111;&#x1b0;&#x1ee3;c t&#xe1;c &#x111;&#x1ed9;ng c&#x1ee7;a m&#xf4;i tr&#x1b0;&#x1edd;ng. B&#x1ec1; m&#x1eb7;t b&#xf3;ng, kh&#xe1;ng khu&#x1ea9;n, c&#xf3; kh&#x1ea3; n&#x103;ng ch&#x1ed1;ng m&#xe0;i m&#xf2;n cao, kh&#x1ea3; n&#x103;ng ch&#x1ecb;u &#xe1;p l&#x1ef1;c cao, ch&#x1ed1;ng axit, ch&#x1ed1;ng tr&#x1a1;n tr&#x1b0;&#x1ee3;t. S&#x1ea3;n ph&#x1ea9;m kh&#xf4;ng &#x111;&#x1ed9;c h&#x1ea1;i, th&#xe2;n thi&#x1ec7;n v&#x1edb;i m&#xf4;i tr&#x1b0;&#x1edd;ng v&#xe0; an to&#xe0;n cho gia &#x111;&#xec;nh b&#x1ea1;n, D&#x1ec5; d&#xe0;ng v&#x1ec7; sinh, lau ch&#xf9;i, ti&#x1ebf;t ki&#x1ec7;m &#x111;&#x1b0;&#x1ee3;c m&#x1ed9;t kho&#x1ea3;ng th&#x1edd;i gian c&#xf4;ng s&#x1ee9;c c&#x1ee7;a ng&#x1b0;&#x1edd;i s&#x1eed; d&#x1ee5;ng. V&#x1edb;i m&#x1ed9;t s&#x1ea3;n ph&#x1ea9;m &#x1b0;u vi&#x1ec7;t nh&#x1b0; v&#x1ead;y, th&#x1ead;t kh&#xf4;ng d&#x1ec5; d&#xe0;ng b&#x1ecf; l&#x1ee1; &#x111;&#xfa;ng kh&#xf4;ng n&#xe0;o?</span></p>\r\n<h2><strong><span style=\"font-size: 14px;\">Th&#xf4;ng tin s&#x1ea3;n ph&#x1ea9;m G&#x1ea1;ch &#x111;i&#x1ec3;m 40&#xd7;80 TASA 4804</span></strong></h2>\r\n<p><span style=\"font-size: 14px;\">H&#xe3;ng s&#x1ea3;n xu&#x1ea5;t: TASA</span></p>\r\n<p><span style=\"font-size: 14px;\">Xu&#x1ea5;t s&#x1ee9;: Vi&#x1ec7;t Nam</span></p>\r\n<p><span style=\"font-size: 14px;\">Th&#x1b0;&#x1a1;ng hi&#x1ec7;u: G&#x1ea1;ch TASA 40&#xd7;80</span></p>\r\n<p><span style=\"font-size: 14px;\">K&#xed;ch th&#x1b0;&#x1edb;c: 400x800mm</span></p>\r\n<p><span style=\"font-size: 14px;\">Th&#xf9;ng &#x111;&#xf3;ng 4 vi&#xea;n 1,28m</span></p>\r\n<p><span style=\"font-size: 14px;\">Ch&#x1ea5;t li&#x1ec7;u ceramic b&#x1ec1; m&#x1eb7;t b&#xf3;ng kh&#xe1;ng khu&#x1ea9;n</span></p>\r\n<p><span style=\"font-size: 14px;\">&#x110;&#x1a1;n gi&#xe1; tr&#xea;n vi&#xea;n</span></p>\r\n<p style=\"text-align: center;\"><span style=\"font-size: 14px;\"><img src=\"https://b2b.daisan.vn/site/upload/pages/16246/1538991605_9afdb01339ef137ea2f3fb1aa64a9024.jpeg\" alt=\"0\" width=\"400\"></span></p>\n                                                    </div>\n                    </div>",
	"supplier": "DAISAN",
	"url_supplier": "https://b2b.daisan.vn"
}