{
  "requestsFinished": 310,
  "requestsFailed": 0,
  "requestsRetries": 0,
  "requestsFailedPerMinute": 0,
  "requestsFinishedPerMinute": 1472,
  "requestMinDurationMillis": 88,
  "requestMaxDurationMillis": 918,
  "requestTotalFailedDurationMillis": 0,
  "requestTotalFinishedDurationMillis": 92798,
  "crawlerStartedAt": "2025-07-28T03:36:33.220Z",
  "crawlerFinishedAt": "2025-07-28T03:36:45.841Z",
  "statsPersistedAt": "2025-07-28T03:36:45.841Z",
  "crawlerRuntimeMillis": 12639,
  "crawlerLastStartTimestamp": 1753673793202,
  "requestRetryHistogram": [
    310
  ],
  "statsId": 0,
  "requestAvgFailedDurationMillis": null,
  "requestAvgFinishedDurationMillis": 299,
  "requestTotalDurationMillis": 92798,
  "requestsTotal": 310,
  "requestsWithStatusCode": {},
  "errors": {},
  "retryErrors": {}
}