{
	"position": 5,
	"link": {
		"title": "Mua Gạch ốp Lát đẹp Giá Rẻ, Vận Chuyển Nhanh | Trung Đức",
		"url": "https://www.bing.com/ck/a?!&&p=cebfa4ae89d138a4a5de7c80051604631f8b034d591c0522d6f5f67b161a85f2JmltdHM9MTc1NTM4ODgwMA&ptn=3&ver=2&hsh=4&fclid=0676da8b-3cd2-6215-3c48-ccc73dd16350&u=a1aHR0cHM6Ly90cnVuZ2R1Yy5vcmcvZ2FjaC1vcC1sYXQv&ntb=1",
		"originalHref": "https://www.bing.com/ck/a?!&&p=cebfa4ae89d138a4a5de7c80051604631f8b034d591c0522d6f5f67b161a85f2JmltdHM9MTc1NTM4ODgwMA&ptn=3&ver=2&hsh=4&fclid=0676da8b-3cd2-6215-3c48-ccc73dd16350&u=a1aHR0cHM6Ly90cnVuZ2R1Yy5vcmcvZ2FjaC1vcC1sYXQv&ntb=1",
		"note": "Bing redirect URL - needs manual extraction of real URL"
	},
	"snippet": "Mua gạch ốp lát đẹp giá rẻ, chính hãng loại A1 hãy đến đại lý Trung Đức. Sản phẩm có sẵn, đa dạng mẫu mã và kích thước.",
	"searchTerm": "gạch ốp lát giá rẻ",
	"scrapedAt": "2025-08-18T06:15:49.724Z"
}