{
	"position": 1,
	"link": {
		"title": "Bảng báo giá thi công ốp lát gạch mới nhất năm 2025",
		"url": "https://www.bing.com/ck/a?!&&p=3bad2fefeaf572ba35dbd231236f5956f8a439c96692578a6622f882170a33daJmltdHM9MTc1NTM4ODgwMA&ptn=3&ver=2&hsh=4&fclid=0676da8b-3cd2-6215-3c48-ccc73dd16350&u=a1aHR0cHM6Ly9nb2l0aG8yNDcuY29tL2JhbmctYmFvLWdpYS1vcC1sYXQtZ2FjaC8&ntb=1",
		"originalHref": "https://www.bing.com/ck/a?!&&p=3bad2fefeaf572ba35dbd231236f5956f8a439c96692578a6622f882170a33daJmltdHM9MTc1NTM4ODgwMA&ptn=3&ver=2&hsh=4&fclid=0676da8b-3cd2-6215-3c48-ccc73dd16350&u=a1aHR0cHM6Ly9nb2l0aG8yNDcuY29tL2JhbmctYmFvLWdpYS1vcC1sYXQtZ2FjaC8&ntb=1",
		"note": "Bing redirect URL - needs manual extraction of real URL"
	},
	"snippet": "16 thg 10, 2023 · Gọi Thợ 24/7 cung cấp bảng báo giá chi tiết dịch vụ thi công ốp lát gạch nền sàn và tường, bao gồm các công tác chuẩn bị, thi công nền và ốp lát gạch. Đơn giá thi công được …",
	"searchTerm": "gạch ốp lát giá rẻ",
	"scrapedAt": "2025-08-18T06:15:49.722Z"
}