{
	"position": 9,
	"link": {
		"title": "Gạch lát nền ốp tường tồn kho lỗi giá rẻ, giao hàng …",
		"url": "https://www.bing.com/ck/a?!&&p=a611341029da7ec40706b48edafe58d5b66e72e16f2a3c5139caaffd118bf056JmltdHM9MTc1NTM4ODgwMA&ptn=3&ver=2&hsh=4&fclid=0676da8b-3cd2-6215-3c48-ccc73dd16350&u=a1aHR0cHM6Ly9teWxpbmh0aWxlcy5jb20vZ2FjaC1sYXQtbmVuLTYweDYwLWxvaS1naWEtcmU&ntb=1",
		"originalHref": "https://www.bing.com/ck/a?!&&p=a611341029da7ec40706b48edafe58d5b66e72e16f2a3c5139caaffd118bf056JmltdHM9MTc1NTM4ODgwMA&ptn=3&ver=2&hsh=4&fclid=0676da8b-3cd2-6215-3c48-ccc73dd16350&u=a1aHR0cHM6Ly9teWxpbmh0aWxlcy5jb20vZ2FjaC1sYXQtbmVuLTYweDYwLWxvaS1naWEtcmU&ntb=1",
		"note": "Bing redirect URL - needs manual extraction of real URL"
	},
	"snippet": "",
	"searchTerm": "gạch ốp lát giá rẻ",
	"scrapedAt": "2025-08-18T06:15:49.725Z"
}