{
	"position": 7,
	"link": {
		"title": "Báo giá gạch ốp lát cao cấp 570+ mẫu đẹp 2025 - Hà Thanh – …",
		"url": "https://www.bing.com/ck/a?!&&p=716b28a13a0a28df0eadeb1b372785bd45facfb83ed8f4f62f9402cc3b407eabJmltdHM9MTc1NTM4ODgwMA&ptn=3&ver=2&hsh=4&fclid=0676da8b-3cd2-6215-3c48-ccc73dd16350&u=a1aHR0cHM6Ly9kYWloYXRoYW5oLnZuL2dhY2gtb3AtbGF0Lw&ntb=1",
		"originalHref": "https://www.bing.com/ck/a?!&&p=716b28a13a0a28df0eadeb1b372785bd45facfb83ed8f4f62f9402cc3b407eabJmltdHM9MTc1NTM4ODgwMA&ptn=3&ver=2&hsh=4&fclid=0676da8b-3cd2-6215-3c48-ccc73dd16350&u=a1aHR0cHM6Ly9kYWloYXRoYW5oLnZuL2dhY2gtb3AtbGF0Lw&ntb=1",
		"note": "Bing redirect URL - needs manual extraction of real URL"
	},
	"snippet": "Đối với khách hàng có ngân sách tiết kiệm, giá gạch ốp lát giá rẻ từ tổng kho gạch ốp lát giá rẻ là lựa chọn lý tưởng, đáp ứng đủ yêu cầu chất lượng và tiết kiệm chi phí.",
	"searchTerm": "gạch ốp lát giá rẻ",
	"scrapedAt": "2025-08-18T06:15:49.724Z"
}