{
	"position": 2,
	"link": {
		"title": "Bảng báo giá Gạch ốp lát Viglacera Tháng 7,8,9 …",
		"url": "https://www.bing.com/ck/a?!&&p=da6cb2e3befc1a769e543a95eb5cf3ee2d1fc844c5eef51a497002cb8b01c010JmltdHM9MTc1NTM4ODgwMA&ptn=3&ver=2&hsh=4&fclid=0676da8b-3cd2-6215-3c48-ccc73dd16350&u=a1aHR0cHM6Ly92aWdsYWNlcmF2aWV0bmFtLmNvbS9iYW8tZ2lhL2dhY2gtb3AtbGF0LXZpZ2xhY2VyYQ&ntb=1",
		"originalHref": "https://www.bing.com/ck/a?!&&p=da6cb2e3befc1a769e543a95eb5cf3ee2d1fc844c5eef51a497002cb8b01c010JmltdHM9MTc1NTM4ODgwMA&ptn=3&ver=2&hsh=4&fclid=0676da8b-3cd2-6215-3c48-ccc73dd16350&u=a1aHR0cHM6Ly92aWdsYWNlcmF2aWV0bmFtLmNvbS9iYW8tZ2lhL2dhY2gtb3AtbGF0LXZpZ2xhY2VyYQ&ntb=1",
		"note": "Bing redirect URL - needs manual extraction of real URL"
	},
	"snippet": "",
	"searchTerm": "gạch ốp lát giá rẻ",
	"scrapedAt": "2025-08-18T06:15:49.723Z"
}