{
	"position": 3,
	"link": {
		"title": "Top Mẫu Gạch Ốp Lát Giá Rẻ Đẹp, Chất Lượng Nhất 2025",
		"url": "https://www.bing.com/ck/a?!&&p=b871233d2be056cbaf0628f0b83ca07fdf7d8fc6756a69a10a13ed686381c8b3JmltdHM9MTc1NTM4ODgwMA&ptn=3&ver=2&hsh=4&fclid=0676da8b-3cd2-6215-3c48-ccc73dd16350&u=a1aHR0cHM6Ly9sb25ndHV5ZW5waGF0LmNvbS9nYWNoLW9wLWxhdC1naWEtcmUtZGVw&ntb=1",
		"originalHref": "https://www.bing.com/ck/a?!&&p=b871233d2be056cbaf0628f0b83ca07fdf7d8fc6756a69a10a13ed686381c8b3JmltdHM9MTc1NTM4ODgwMA&ptn=3&ver=2&hsh=4&fclid=0676da8b-3cd2-6215-3c48-ccc73dd16350&u=a1aHR0cHM6Ly9sb25ndHV5ZW5waGF0LmNvbS9nYWNoLW9wLWxhdC1naWEtcmUtZGVw&ntb=1",
		"note": "Bing redirect URL - needs manual extraction of real URL"
	},
	"snippet": "2 thg 6, 2025 · Tìm kiếm gạch ốp lát giá rẻ nhưng vẫn đảm bảo chất lượng và thẩm mỹ? Cửa Hàng Gạch Lát Nền Long Tuyến Phát mang đến bộ sưu tập gạch ốp lát đa dạng, phù hợp với …",
	"searchTerm": "gạch ốp lát giá rẻ",
	"scrapedAt": "2025-08-18T06:15:49.723Z"
}