{
	"position": 10,
	"link": {
		"title": "Gachgiare24h.com - gạch giá rẻ, chậu rửa chén, bồn tắm, Bồn cầu",
		"url": "https://www.bing.com/ck/a?!&&p=5d20bdd4ed8105ac5610287b59abb9369e83eabccea8d151cb4c93d9f300ba7aJmltdHM9MTc1NTM4ODgwMA&ptn=3&ver=2&hsh=4&fclid=0676da8b-3cd2-6215-3c48-ccc73dd16350&u=a1aHR0cHM6Ly9nYWNoZ2lhcmUyNGguY29tLw&ntb=1",
		"originalHref": "https://www.bing.com/ck/a?!&&p=5d20bdd4ed8105ac5610287b59abb9369e83eabccea8d151cb4c93d9f300ba7aJmltdHM9MTc1NTM4ODgwMA&ptn=3&ver=2&hsh=4&fclid=0676da8b-3cd2-6215-3c48-ccc73dd16350&u=a1aHR0cHM6Ly9nYWNoZ2lhcmUyNGguY29tLw&ntb=1",
		"note": "Bing redirect URL - needs manual extraction of real URL"
	},
	"snippet": "Gạch giá rẻ 24h là Tổng kho thiết bị vệ sinh chuyên cung cấp các loại bồn cầu, thiết bị vệ sinh, bồn tắm, gạch lát nền, gạch ốp tường ,cửa nhựa giả gỗ, bồn rửa chén các loại với giá tốt nhất …",
	"searchTerm": "gạch ốp lát giá rẻ",
	"scrapedAt": "2025-08-18T06:15:49.725Z"
}