{
	"position": 6,
	"link": {
		"title": "Update Bảng Giá Gạch Lát Nền Nhà Rẻ Nhất 2025",
		"url": "https://www.bing.com/ck/a?!&&p=a2dd9ef78dd1cd15d94af42eb769041384362382e46eaf7a25a03c1651bb2533JmltdHM9MTc1NTM4ODgwMA&ptn=3&ver=2&hsh=4&fclid=0676da8b-3cd2-6215-3c48-ccc73dd16350&u=a1aHR0cHM6Ly9wcmltZXZpZXQuY29tL2JhbmctZ2lhLWdhY2gtcHJpbWUtMjAxNy1tb2ktbmhhdC5odG1s&ntb=1",
		"originalHref": "https://www.bing.com/ck/a?!&&p=a2dd9ef78dd1cd15d94af42eb769041384362382e46eaf7a25a03c1651bb2533JmltdHM9MTc1NTM4ODgwMA&ptn=3&ver=2&hsh=4&fclid=0676da8b-3cd2-6215-3c48-ccc73dd16350&u=a1aHR0cHM6Ly9wcmltZXZpZXQuY29tL2JhbmctZ2lhLWdhY2gtcHJpbWUtMjAxNy1tb2ktbmhhdC5odG1s&ntb=1",
		"note": "Bing redirect URL - needs manual extraction of real URL"
	},
	"snippet": "",
	"searchTerm": "gạch ốp lát giá rẻ",
	"scrapedAt": "2025-08-18T06:15:49.724Z"
}