{
	"position": 8,
	"link": {
		"title": "Bảng giá tham khảo - Hồng Hà Ceramic - Chuyên …",
		"url": "https://www.bing.com/ck/a?!&&p=cba33c07c5c27d88103b8cbc75b51d8afb872ce34ef12b17eccee2a7377ad75dJmltdHM9MTc1NTM4ODgwMA&ptn=3&ver=2&hsh=4&fclid=0676da8b-3cd2-6215-3c48-ccc73dd16350&u=a1aHR0cHM6Ly93d3cuZ2FjaG1lbnRvbmtoby5jb20vYmFuZy1naWEuaHRtbA&ntb=1",
		"originalHref": "https://www.bing.com/ck/a?!&&p=cba33c07c5c27d88103b8cbc75b51d8afb872ce34ef12b17eccee2a7377ad75dJmltdHM9MTc1NTM4ODgwMA&ptn=3&ver=2&hsh=4&fclid=0676da8b-3cd2-6215-3c48-ccc73dd16350&u=a1aHR0cHM6Ly93d3cuZ2FjaG1lbnRvbmtoby5jb20vYmFuZy1naWEuaHRtbA&ntb=1",
		"note": "Bing redirect URL - needs manual extraction of real URL"
	},
	"snippet": "",
	"searchTerm": "gạch ốp lát giá rẻ",
	"scrapedAt": "2025-08-18T06:15:49.724Z"
}