{
	"position": 4,
	"link": {
		"title": "Bảng giá gạch ốp lát 2025 – Cửa hàng Long Tuyến Phát",
		"url": "https://www.bing.com/ck/a?!&&p=6151464b01217183b6f7188f5cd1208deebe2aea35f63a90bd40916e7c75cceaJmltdHM9MTc1NTM4ODgwMA&ptn=3&ver=2&hsh=4&fclid=0676da8b-3cd2-6215-3c48-ccc73dd16350&u=a1aHR0cHM6Ly9sb25ndHV5ZW5waGF0LmNvbS9iYW5nLWdpYS1nYWNoLW9wLWxhdA&ntb=1",
		"originalHref": "https://www.bing.com/ck/a?!&&p=6151464b01217183b6f7188f5cd1208deebe2aea35f63a90bd40916e7c75cceaJmltdHM9MTc1NTM4ODgwMA&ptn=3&ver=2&hsh=4&fclid=0676da8b-3cd2-6215-3c48-ccc73dd16350&u=a1aHR0cHM6Ly9sb25ndHV5ZW5waGF0LmNvbS9iYW5nLWdpYS1nYWNoLW9wLWxhdA&ntb=1",
		"note": "Bing redirect URL - needs manual extraction of real URL"
	},
	"snippet": "27 thg 3, 2025 · Giá: Từ 100,000 – 400,000 VNĐ/m², tùy nguồn gốc (Việt Nam rẻ hơn, Ấn Độ và Trung Quốc cao hơn do nhập khẩu). Đặc điểm: Đa dạng màu sắc, dễ vệ sinh, chống thấm tốt. …",
	"searchTerm": "gạch ốp lát giá rẻ",
	"scrapedAt": "2025-08-18T06:15:49.723Z"
}