{
  "requestsFinished": 1,
  "requestsFailed": 0,
  "requestsRetries": 0,
  "requestsFailedPerMinute": 0,
  "requestsFinishedPerMinute": 27,
  "requestMinDurationMillis": 1670,
  "requestMaxDurationMillis": 1670,
  "requestTotalFailedDurationMillis": 0,
  "requestTotalFinishedDurationMillis": 1670,
  "crawlerStartedAt": "2025-08-18T06:15:47.890Z",
  "crawlerFinishedAt": "2025-08-18T06:15:50.097Z",
  "statsPersistedAt": "2025-08-18T06:15:50.097Z",
  "crawlerRuntimeMillis": 2246,
  "crawlerLastStartTimestamp": 1755497747851,
  "requestRetryHistogram": [
    1
  ],
  "statsId": 0,
  "requestAvgFailedDurationMillis": null,
  "requestAvgFinishedDurationMillis": 1670,
  "requestTotalDurationMillis": 1670,
  "requestsTotal": 1,
  "requestsWithStatusCode": {},
  "errors": {},
  "retryErrors": {}
}